method,seed,round,round_theta_index,theta_per_round,parameter_id,t_lead,delta_T_thr,G_ext,Q_ratio,tau,observed_score,best_so_far,surrogate_mean,surrogate_ci_low,surrogate_ci_high,acquisition,essi_acquisition,essi_1,essi_2,essi_3,essi_4,essi_5,essi_6,essi_max,essi_mean,essi_log_max,dominant_essi_subspace,spatial_activation_score
BO,20260607,1,1,6,bo_r01_001_tl50_dt212_ge40_qr62_tau90,50,212,40,0.62,0.9,337.51,337.51,,,,,,,,,,,,,,,,
BO,20260607,1,2,6,bo_r01_002_tl80_dt143_ge18_qr17_tau79,80,143,18,0.17,0.79,357.63,337.51,,,,,,,,,,,,,,,,
BO,20260607,1,3,6,bo_r01_003_tl56_dt74_ge28_qr32_tau74,56,74,28,0.32,0.74,175.31,175.31,,,,,,,,,,,,,,,,
BO,20260607,1,4,6,bo_r01_004_tl117_dt156_ge35_qr21_tau70,117,156,35,0.21,0.7,181.92,175.31,,,,,,,,,,,,,,,,
BO,20260607,1,5,6,bo_r01_005_tl43_dt211_ge31_qr66_tau75,43,211,31,0.66,0.75,305.05,175.31,,,,,,,,,,,,,,,,
BO,20260607,1,6,6,bo_r01_006_tl77_dt210_ge17_qr42_tau85,77,210,17,0.42,0.85,267.82,175.31,,,,,,,,,,,,,,,,
BO,20260607,2,1,6,bo_r02_001_tl120_dt59_ge19_qr20_tau87,120,59,19,0.2,0.87,185.76,175.31,270.87,131.84,409.90,,,,,,,,,,,,,
BO,20260607,2,2,6,bo_r02_002_tl49_dt122_ge12_qr53_tau77,49,122,12,0.53,0.77,284.01,175.31,270.87,131.84,409.90,,,,,,,,,,,,,
BO,20260607,2,3,6,bo_r02_003_tl88_dt70_ge3_qr0_tau77,88,70,3,0.0,0.77,305.74,175.31,270.87,131.84,409.90,,,,,,,,,,,,,
BO,20260607,2,4,6,bo_r02_004_tl73_dt1_ge22_qr10_tau87,73,1,22,0.1,0.87,248.14,175.31,270.87,131.84,409.90,,,,,,,,,,,,,
BO,20260607,2,5,6,bo_r02_005_tl12_dt151_ge30_qr53_tau80,12,151,30,0.53,0.8,138.99,138.99,270.87,131.84,409.90,,,,,,,,,,,,,
BO,20260607,2,6,6,bo_r02_006_tl121_dt65_ge11_qr46_tau73,121,65,11,0.46,0.73,271.72,138.99,270.87,131.84,409.90,,,,,,,,,,,,,
BO,20260607,3,1,6,bo_r03_001_tl22_dt31_ge1_qr54_tau72,22,31,1,0.54,0.72,182.89,138.99,254.97,123.86,386.08,,,,,,,,,,,,,
BO,20260607,3,2,6,bo_r03_002_tl55_dt52_ge38_qr75_tau71,55,52,38,0.75,0.71,158.39,138.99,254.97,123.86,386.08,,,,,,,,,,,,,
BO,20260607,3,3,6,bo_r03_003_tl117_dt3_ge19_qr98_tau78,117,3,19,0.98,0.78,247.09,138.99,254.97,123.86,386.08,,,,,,,,,,,,,
BO,20260607,3,4,6,bo_r03_004_tl95_dt181_ge20_qr27_tau74,95,181,20,0.27,0.74,272.39,138.99,254.97,123.86,386.08,,,,,,,,,,,,,
BO,20260607,3,5,6,bo_r03_005_tl26_dt127_ge1_qr65_tau72,26,127,1,0.65,0.72,235.82,138.99,254.97,123.86,386.08,,,,,,,,,,,,,
BO,20260607,3,6,6,bo_r03_006_tl55_dt176_ge38_qr40_tau85,55,176,38,0.4,0.85,248.94,138.99,254.97,123.86,386.08,,,,,,,,,,,,,
BO,20260607,4,1,6,bo_r04_001_tl3_dt71_ge44_qr30_tau88,3,71,44,0.3,0.88,111.83,111.83,244.73,125.06,364.40,,,,,,,,,,,,,
BO,20260607,4,2,6,bo_r04_002_tl31_dt28_ge30_qr19_tau81,31,28,30,0.19,0.81,91.20,91.20,244.73,125.06,364.40,,,,,,,,,,,,,
BO,20260607,4,3,6,bo_r04_003_tl68_dt239_ge1_qr84_tau82,68,239,1,0.84,0.82,304.99,91.20,244.73,125.06,364.40,,,,,,,,,,,,,
BO,20260607,4,4,6,bo_r04_004_tl67_dt190_ge15_qr77_tau75,67,190,15,0.77,0.75,480.22,91.20,244.73,125.06,364.40,,,,,,,,,,,,,
BO,20260607,4,5,6,bo_r04_005_tl11_dt176_ge20_qr90_tau78,11,176,20,0.9,0.78,288.16,91.20,244.73,125.06,364.40,,,,,,,,,,,,,
BO,20260607,4,6,6,bo_r04_006_tl56_dt15_ge36_qr99_tau75,56,15,36,0.99,0.75,138.90,91.20,244.73,125.06,364.40,,,,,,,,,,,,,
BO,20260607,5,1,6,bo_r05_001_tl50_dt39_ge28_qr38_tau70,50,39,28,0.38,0.7,132.81,91.20,242.52,72.59,412.44,,,,,,,,,,,,,
BO,20260607,5,2,6,bo_r05_002_tl114_dt119_ge42_qr19_tau76,114,119,42,0.19,0.76,253.82,91.20,242.52,72.59,412.44,,,,,,,,,,,,,
BO,20260607,5,3,6,bo_r05_003_tl30_dt173_ge9_qr30_tau90,30,173,9,0.3,0.9,312.00,91.20,242.52,72.59,412.44,,,,,,,,,,,,,
BO,20260607,5,4,6,bo_r05_004_tl67_dt40_ge43_qr75_tau74,67,40,43,0.75,0.74,106.48,91.20,242.52,72.59,412.44,,,,,,,,,,,,,
BO,20260607,5,5,6,bo_r05_005_tl20_dt219_ge38_qr92_tau78,20,219,38,0.92,0.78,192.82,91.20,242.52,72.59,412.44,,,,,,,,,,,,,
BO,20260607,5,6,6,bo_r05_006_tl98_dt149_ge21_qr12_tau76,98,149,21,0.12,0.76,217.47,91.20,242.52,72.59,412.44,,,,,,,,,,,,,
BO,20260607,6,1,6,bo_r06_001_tl119_dt74_ge7_qr7_tau70,119,74,7,0.07,0.7,340.58,91.20,234.53,67.80,401.25,,,,,,,,,,,,,
BO,20260607,6,2,6,bo_r06_002_tl8_dt204_ge36_qr80_tau76,8,204,36,0.8,0.76,242.61,91.20,234.53,67.80,401.25,,,,,,,,,,,,,
BO,20260607,6,3,6,bo_r06_003_tl28_dt22_ge33_qr35_tau76,28,22,33,0.35,0.76,139.52,91.20,234.53,67.80,401.25,,,,,,,,,,,,,
BO,20260607,6,4,6,bo_r06_004_tl86_dt232_ge20_qr22_tau70,86,232,20,0.22,0.7,272.39,91.20,234.53,67.80,401.25,,,,,,,,,,,,,
BO,20260607,6,5,6,bo_r06_005_tl82_dt60_ge33_qr40_tau89,82,60,33,0.4,0.89,230.52,91.20,234.53,67.80,401.25,,,,,,,,,,,,,
BO,20260607,6,6,6,bo_r06_006_tl81_dt122_ge8_qr4_tau70,81,122,8,0.04,0.7,377.86,91.20,234.53,67.80,401.25,,,,,,,,,,,,,
BO,20260607,7,1,6,bo_r07_001_tl58_dt81_ge42_qr4_tau82,58,81,42,0.04,0.82,188.96,91.20,239.98,73.95,406.01,,,,,,,,,,,,,
BO,20260607,7,2,6,bo_r07_002_tl12_dt115_ge48_qr61_tau70,12,115,48,0.61,0.7,265.30,91.20,239.98,73.95,406.01,,,,,,,,,,,,,
BO,20260607,7,3,6,bo_r07_003_tl73_dt176_ge11_qr55_tau84,73,176,11,0.55,0.84,299.23,91.20,239.98,73.95,406.01,,,,,,,,,,,,,
BO,20260607,7,4,6,bo_r07_004_tl26_dt15_ge37_qr40_tau84,26,15,37,0.4,0.84,139.80,91.20,239.98,73.95,406.01,,,,,,,,,,,,,
BO,20260607,7,5,6,bo_r07_005_tl106_dt115_ge29_qr23_tau87,106,115,29,0.23,0.87,212.54,91.20,239.98,73.95,406.01,,,,,,,,,,,,,
BO,20260607,7,6,6,bo_r07_006_tl34_dt110_ge15_qr88_tau86,34,110,15,0.88,0.86,284.04,91.20,239.98,73.95,406.01,,,,,,,,,,,,,
BO,20260607,8,1,6,bo_r08_001_tl103_dt74_ge32_qr38_tau71,103,74,32,0.38,0.71,227.95,91.20,238.79,79.40,398.18,,,,,,,,,,,,,
BO,20260607,8,2,6,bo_r08_002_tl12_dt66_ge2_qr31_tau79,12,66,2,0.31,0.79,277.02,91.20,238.79,79.40,398.18,,,,,,,,,,,,,
BO,20260607,8,3,6,bo_r08_003_tl52_dt209_ge43_qr9_tau88,52,209,43,0.09,0.88,198.39,91.20,238.79,79.40,398.18,,,,,,,,,,,,,
BO,20260607,8,4,6,bo_r08_004_tl53_dt156_ge33_qr38_tau86,53,156,33,0.38,0.86,338.97,91.20,238.79,79.40,398.18,,,,,,,,,,,,,
BO,20260607,8,5,6,bo_r08_005_tl23_dt153_ge44_qr17_tau73,23,153,44,0.17,0.73,153.11,91.20,238.79,79.40,398.18,,,,,,,,,,,,,
BO,20260607,8,6,6,bo_r08_006_tl17_dt76_ge27_qr36_tau87,17,76,27,0.36,0.87,152.73,91.20,238.79,79.40,398.18,,,,,,,,,,,,,
BO,20260607,9,1,6,bo_r09_001_tl106_dt21_ge32_qr45_tau74,106,21,32,0.45,0.74,138.63,91.20,237.03,80.64,393.42,,,,,,,,,,,,,
BO,20260607,9,2,6,bo_r09_002_tl105_dt75_ge12_qr84_tau87,105,75,12,0.84,0.87,272.91,91.20,237.03,80.64,393.42,,,,,,,,,,,,,
BO,20260607,9,3,6,bo_r09_003_tl42_dt234_ge39_qr55_tau84,42,234,39,0.55,0.84,257.29,91.20,237.03,80.64,393.42,,,,,,,,,,,,,
BO,20260607,9,4,6,bo_r09_004_tl119_dt231_ge27_qr7_tau70,119,231,27,0.07,0.7,269.57,91.20,237.03,80.64,393.42,,,,,,,,,,,,,
BO,20260607,9,5,6,bo_r09_005_tl57_dt68_ge11_qr91_tau90,57,68,11,0.91,0.9,199.77,91.20,237.03,80.64,393.42,,,,,,,,,,,,,
BO,20260607,9,6,6,bo_r09_006_tl32_dt111_ge6_qr52_tau83,32,111,6,0.52,0.83,248.26,91.20,237.03,80.64,393.42,,,,,,,,,,,,,
BO,20260607,10,1,6,bo_r10_001_tl78_dt33_ge41_qr96_tau79,78,33,41,0.96,0.79,139.61,91.20,236.37,85.60,387.14,,,,,,,,,,,,,
BO,20260607,10,2,6,bo_r10_002_tl33_dt142_ge15_qr0_tau74,33,142,15,0.0,0.74,251.38,91.20,236.37,85.60,387.14,,,,,,,,,,,,,
BO,20260607,10,3,6,bo_r10_003_tl111_dt95_ge35_qr42_tau87,111,95,35,0.42,0.87,345.32,91.20,236.37,85.60,387.14,,,,,,,,,,,,,
BO,20260607,10,4,6,bo_r10_004_tl119_dt133_ge13_qr83_tau76,119,133,13,0.83,0.76,332.04,91.20,236.37,85.60,387.14,,,,,,,,,,,,,
BO,20260607,10,5,6,bo_r10_005_tl103_dt217_ge30_qr85_tau82,103,217,30,0.85,0.82,267.69,91.20,236.37,85.60,387.14,,,,,,,,,,,,,
BO,20260607,10,6,6,bo_r10_006_tl2_dt95_ge46_qr94_tau71,2,95,46,0.94,0.71,156.06,91.20,236.37,85.60,387.14,,,,,,,,,,,,,
BO,20260607,11,1,6,bo_r11_001_tl70_dt39_ge50_qr97_tau90,70,39,50,0.97,0.9,139.80,91.20,237.60,86.31,388.89,0.84,0.84,0.25,0.17,0.21,0.18,0.84,0.48,0.84,0.36,-0.17591640,5,1.000000
BO,20260607,11,2,6,bo_r11_002_tl119_dt36_ge32_qr92_tau87,119,36,32,0.92,0.87,106.47,91.20,237.60,86.31,388.89,0.84,0.84,0.28,0.19,0.22,0.18,0.84,0.46,0.84,0.36,-0.17591640,5,1.000000
BO,20260607,11,3,6,bo_r11_003_tl119_dt53_ge41_qr88_tau89,119,53,41,0.88,0.89,181.27,91.20,237.60,86.31,388.89,0.84,0.84,0.29,0.19,0.22,0.19,0.84,0.48,0.84,0.37,-0.17591640,5,1.000000
BO,20260607,11,4,6,bo_r11_004_tl119_dt97_ge38_qr81_tau88,119,97,38,0.81,0.88,274.26,91.20,237.60,86.31,388.89,0.84,0.84,0.28,0.18,0.21,0.18,0.84,0.45,0.84,0.36,-0.17591640,5,1.000000
BO,20260607,11,5,6,bo_r11_005_tl115_dt181_ge44_qr91_tau84,115,181,44,0.91,0.84,233.62,91.20,237.60,86.31,388.89,0.82,0.82,0.27,0.18,0.21,0.18,0.82,0.43,0.82,0.35,-0.19358135,5,0.982490
BO,20260607,11,6,6,bo_r11_006_tl44_dt9_ge38_qr99_tau90,44,9,38,0.99,0.9,169.17,91.20,237.60,86.31,388.89,0.81,0.81,0.22,0.15,0.19,0.17,0.81,0.45,0.81,0.33,-0.20602329,5,0.970342
BO,20260607,12,1,6,bo_r12_001_tl51_dt11_ge50_qr97_tau88,51,11,50,0.97,0.88,155.03,91.20,232.73,81.70,383.77,0.97,0.97,0.27,0.19,0.23,0.20,0.97,0.53,0.97,0.40,-0.02899136,5,0.994202
BO,20260607,12,2,6,bo_r12_002_tl119_dt0_ge40_qr60_tau88,119,0,40,0.6,0.88,278.48,91.20,232.73,81.70,383.77,0.97,0.97,0.33,0.22,0.25,0.21,0.97,0.51,0.97,0.41,-0.02891799,5,0.994275
BO,20260607,12,3,6,bo_r12_003_tl90_dt163_ge49_qr100_tau84,90,163,49,1.0,0.84,282.57,91.20,232.73,81.70,383.77,0.96,0.96,0.30,0.20,0.24,0.20,0.96,0.51,0.96,0.40,-0.04175753,5,0.981590
BO,20260607,12,4,6,bo_r12_004_tl107_dt175_ge48_qr89_tau84,107,175,48,0.89,0.84,283.59,91.20,232.73,81.70,383.77,0.96,0.96,0.31,0.21,0.24,0.20,0.96,0.50,0.96,0.40,-0.04505974,5,0.978354
BO,20260607,12,5,6,bo_r12_005_tl115_dt164_ge50_qr61_tau88,115,164,50,0.61,0.88,371.64,91.20,232.73,81.70,383.77,0.96,0.96,0.32,0.21,0.24,0.20,0.96,0.50,0.96,0.41,-0.04489135,5,0.978519
BO,20260607,12,6,6,bo_r12_006_tl121_dt149_ge35_qr68_tau89,121,149,35,0.68,0.89,247.20,91.20,232.73,81.70,383.77,0.95,0.95,0.32,0.21,0.24,0.20,0.95,0.50,0.95,0.40,-0.05155958,5,0.972016
BO,20260607,13,1,6,bo_r13_001_tl95_dt84_ge39_qr94_tau88,95,84,39,0.94,0.88,280.32,91.20,235.82,85.43,386.21,0.86,0.86,0.27,0.18,0.21,0.18,0.86,0.47,0.86,0.36,-0.15096890,5,1.000000
BO,20260607,13,2,6,bo_r13_002_tl98_dt222_ge44_qr91_tau90,98,222,44,0.91,0.9,233.62,91.20,235.82,85.43,386.21,0.86,0.86,0.27,0.18,0.21,0.18,0.86,0.47,0.86,0.36,-0.15096890,5,1.000000
BO,20260607,13,3,6,bo_r13_003_tl103_dt40_ge48_qr100_tau83,103,40,48,1.0,0.83,133.44,91.20,235.82,85.43,386.21,0.86,0.86,0.28,0.19,0.22,0.19,0.86,0.47,0.86,0.37,-0.15096890,5,1.000000
BO,20260607,13,4,6,bo_r13_004_tl115_dt6_ge46_qr59_tau89,115,6,46,0.59,0.89,172.89,91.20,235.82,85.43,386.21,0.86,0.86,0.29,0.19,0.22,0.19,0.86,0.46,0.86,0.37,-0.15096890,5,1.000000
BO,20260607,13,5,6,bo_r13_005_tl118_dt26_ge47_qr97_tau84,118,26,47,0.97,0.84,132.53,91.20,235.82,85.43,386.21,0.86,0.86,0.30,0.20,0.23,0.20,0.86,0.48,0.86,0.38,-0.15096890,5,1.000000
BO,20260607,13,6,6,bo_r13_006_tl119_dt67_ge45_qr85_tau89,119,67,45,0.85,0.89,181.50,91.20,235.82,85.43,386.21,0.86,0.86,0.30,0.20,0.23,0.20,0.86,0.49,0.86,0.38,-0.15096890,5,1.000000
BO,20260607,14,1,6,bo_r14_001_tl114_dt161_ge49_qr97_tau85,114,161,49,0.97,0.85,282.57,91.20,232.22,82.86,381.58,0.93,0.93,0.31,0.21,0.24,0.21,0.93,0.51,0.93,0.40,-0.06972113,5,1.000000
BO,20260607,14,2,6,bo_r14_002_tl121_dt13_ge50_qr98_tau90,121,13,50,0.98,0.9,139.86,91.20,232.22,82.86,381.58,0.93,0.93,0.35,0.23,0.27,0.23,0.93,0.58,0.93,0.43,-0.06972113,5,1.000000
BO,20260607,14,3,6,bo_r14_003_tl76_dt26_ge48_qr70_tau89,76,26,48,0.7,0.89,132.53,91.20,232.22,82.86,381.58,0.91,0.91,0.27,0.19,0.22,0.19,0.91,0.49,0.91,0.38,-0.09662911,5,0.973451
BO,20260607,14,4,6,bo_r14_004_tl98_dt37_ge29_qr76_tau90,98,37,29,0.76,0.9,111.02,91.20,232.22,82.86,381.58,0.91,0.91,0.28,0.19,0.23,0.19,0.91,0.48,0.91,0.38,-0.09761645,5,0.972490
BO,20260607,14,5,6,bo_r14_005_tl98_dt62_ge44_qr94_tau83,98,62,44,0.94,0.83,224.22,91.20,232.22,82.86,381.58,0.91,0.91,0.29,0.19,0.23,0.19,0.91,0.48,0.91,0.38,-0.08912790,5,0.980780
BO,20260607,14,6,6,bo_r14_006_tl118_dt39_ge22_qr78_tau88,118,39,22,0.78,0.88,131.97,91.20,232.22,82.86,381.58,0.90,0.90,0.30,0.20,0.23,0.19,0.90,0.47,0.90,0.38,-0.10343983,5,0.966843
BO,20260607,15,1,6,bo_r15_001_tl113_dt134_ge30_qr91_tau89,113,134,30,0.91,0.89,267.69,91.20,227.80,77.02,378.58,1.14,1.14,0.36,0.24,0.28,0.24,1.14,0.61,1.14,0.48,0.12960169,5,1.000000
BO,20260607,15,2,6,bo_r15_002_tl118_dt21_ge36_qr75_tau88,118,21,36,0.75,0.88,138.63,91.20,227.80,77.02,378.58,1.14,1.14,0.38,0.25,0.29,0.25,1.14,0.61,1.14,0.49,0.12960169,5,1.000000
BO,20260607,15,3,6,bo_r15_003_tl62_dt4_ge50_qr77_tau89,62,4,50,0.77,0.89,266.25,91.20,227.80,77.02,378.58,1.11,1.11,0.32,0.22,0.27,0.23,1.11,0.60,1.11,0.46,0.10758738,5,0.978226
BO,20260607,15,4,6,bo_r15_004_tl100_dt115_ge23_qr100_tau88,100,115,23,1.0,0.88,262.80,91.20,227.80,77.02,378.58,1.11,1.11,0.34,0.23,0.27,0.23,1.11,0.59,1.11,0.46,0.10047673,5,0.971295
BO,20260607,15,5,6,bo_r15_005_tl119_dt65_ge43_qr84_tau82,119,65,43,0.84,0.82,181.66,91.20,227.80,77.02,378.58,1.11,1.11,0.37,0.25,0.29,0.24,1.11,0.58,1.11,0.47,0.10767200,5,0.978309
BO,20260607,15,6,6,bo_r15_006_tl103_dt17_ge25_qr97_tau85,103,17,25,0.97,0.85,140.49,91.20,227.80,77.02,378.58,1.10,1.10,0.35,0.23,0.27,0.23,1.10,0.58,1.10,0.46,0.09803574,5,0.968927
BO,20260607,16,1,6,bo_r16_001_tl89_dt181_ge44_qr95_tau89,89,181,44,0.95,0.89,233.62,91.20,226.59,77.75,375.43,1.10,1.10,0.33,0.23,0.27,0.23,1.10,0.60,1.10,0.46,0.09857883,5,1.000000
BO,20260607,16,2,6,bo_r16_002_tl94_dt23_ge42_qr100_tau86,94,23,42,1.0,0.86,138.75,91.20,226.59,77.75,375.43,1.10,1.10,0.35,0.24,0.28,0.24,1.10,0.61,1.10,0.47,0.09857883,5,1.000000
BO,20260607,16,3,6,bo_r16_003_tl94_dt74_ge46_qr91_tau88,94,74,46,0.91,0.88,249.79,91.20,226.59,77.75,375.43,1.10,1.10,0.35,0.24,0.28,0.24,1.10,0.61,1.10,0.47,0.09857883,5,1.000000
BO,20260607,16,4,6,bo_r16_004_tl97_dt78_ge49_qr78_tau88,97,78,49,0.78,0.88,247.89,91.20,226.59,77.75,375.43,1.10,1.10,0.35,0.24,0.28,0.24,1.10,0.59,1.10,0.47,0.09857883,5,1.000000
BO,20260607,16,5,6,bo_r16_005_tl103_dt90_ge42_qr78_tau89,103,90,42,0.78,0.89,180.47,91.20,226.59,77.75,375.43,1.10,1.10,0.35,0.23,0.28,0.24,1.10,0.59,1.10,0.47,0.09857883,5,1.000000
BO,20260607,16,6,6,bo_r16_006_tl110_dt113_ge33_qr91_tau88,110,113,33,0.91,0.88,338.97,91.20,226.59,77.75,375.43,1.10,1.10,0.35,0.23,0.28,0.23,1.10,0.59,1.10,0.46,0.09857883,5,1.000000
BO,20260607,17,1,6,bo_r17_001_tl78_dt8_ge46_qr92_tau89,78,8,46,0.92,0.89,157.16,91.20,226.90,79.56,374.24,1.03,1.03,0.32,0.22,0.26,0.22,1.03,0.58,1.03,0.44,0.03228027,5,1.000000
BO,20260607,17,2,6,bo_r17_002_tl97_dt195_ge42_qr100_tau90,97,195,42,1.0,0.9,263.49,91.20,226.90,79.56,374.24,1.03,1.03,0.32,0.22,0.26,0.22,1.03,0.57,1.03,0.44,0.03228027,5,1.000000
BO,20260607,17,3,6,bo_r17_003_tl100_dt16_ge48_qr90_tau84,100,16,48,0.9,0.84,139.00,91.20,226.90,79.56,374.24,1.03,1.03,0.33,0.22,0.26,0.22,1.03,0.56,1.03,0.44,0.03228027,5,1.000000
BO,20260607,17,4,6,bo_r17_004_tl110_dt111_ge27_qr98_tau90,110,111,27,0.98,0.9,248.90,91.20,226.90,79.56,374.24,1.03,1.03,0.33,0.22,0.26,0.22,1.03,0.56,1.03,0.44,0.03228027,5,1.000000
BO,20260607,17,5,6,bo_r17_005_tl120_dt28_ge27_qr98_tau86,120,28,27,0.98,0.86,159.61,91.20,226.90,79.56,374.24,1.03,1.03,0.34,0.23,0.26,0.22,1.03,0.56,1.03,0.44,0.03228027,5,1.000000
BO,20260607,17,6,6,bo_r17_006_tl63_dt17_ge37_qr95_tau90,63,17,37,0.95,0.9,152.20,91.20,226.90,79.56,374.24,1.02,1.02,0.29,0.20,0.24,0.21,1.02,0.56,1.02,0.42,0.02066802,5,0.988455
BO,20260607,18,1,6,bo_r18_001_tl97_dt85_ge38_qr95_tau88,97,85,38,0.95,0.88,208.97,91.20,224.54,78.48,370.60,1.07,1.07,0.33,0.22,0.27,0.23,1.07,0.58,1.07,0.45,0.06373018,5,1.000000
BO,20260607,18,2,6,bo_r18_002_tl102_dt62_ge39_qr83_tau88,102,62,39,0.83,0.88,280.27,91.20,224.54,78.48,370.60,1.07,1.07,0.34,0.23,0.27,0.23,1.07,0.57,1.07,0.45,0.06373018,5,1.000000
BO,20260607,18,3,6,bo_r18_003_tl103_dt155_ge49_qr97_tau86,103,155,49,0.97,0.86,282.57,91.20,224.54,78.48,370.60,1.07,1.07,0.34,0.23,0.27,0.23,1.07,0.58,1.07,0.45,0.06373018,5,1.000000
BO,20260607,18,4,6,bo_r18_004_tl109_dt81_ge39_qr95_tau86,109,81,39,0.95,0.86,280.32,91.20,224.54,78.48,370.60,1.07,1.07,0.35,0.23,0.27,0.23,1.07,0.58,1.07,0.45,0.06373018,5,1.000000
BO,20260607,18,5,6,bo_r18_005_tl115_dt45_ge42_qr76_tau90,115,45,42,0.76,0.9,212.90,91.20,224.54,78.48,370.60,1.07,1.07,0.36,0.24,0.28,0.24,1.07,0.59,1.07,0.46,0.06373018,5,1.000000
BO,20260607,18,6,6,bo_r18_006_tl105_dt27_ge47_qr96_tau81,105,27,47,0.96,0.81,134.60,91.20,224.54,78.48,370.60,1.06,1.06,0.34,0.23,0.27,0.23,1.06,0.56,1.06,0.45,0.05856358,5,0.994847
BO,20260607,19,1,6,bo_r19_001_tl84_dt209_ge49_qr97_tau90,84,209,49,0.97,0.9,282.57,91.20,225.02,80.84,369.21,0.98,0.98,0.30,0.20,0.24,0.21,0.98,0.54,0.98,0.41,-0.02466609,5,1.000000
BO,20260607,19,2,6,bo_r19_002_tl99_dt101_ge32_qr96_tau90,99,101,32,0.96,0.9,296.44,91.20,225.02,80.84,369.21,0.98,0.98,0.30,0.20,0.24,0.21,0.98,0.53,0.98,0.41,-0.02466609,5,1.000000
BO,20260607,19,3,6,bo_r19_003_tl100_dt73_ge42_qr88_tau87,100,73,42,0.88,0.87,218.68,91.20,225.02,80.84,369.21,0.98,0.98,0.31,0.21,0.24,0.21,0.98,0.52,0.98,0.41,-0.02466609,5,1.000000
BO,20260607,19,4,6,bo_r19_004_tl115_dt29_ge43_qr90_tau85,115,29,43,0.9,0.85,133.82,91.20,225.02,80.84,369.21,0.98,0.98,0.33,0.22,0.25,0.22,0.98,0.53,0.98,0.42,-0.02466609,5,1.000000
BO,20260607,19,5,6,bo_r19_005_tl115_dt36_ge41_qr49_tau90,115,36,41,0.49,0.9,107.59,91.20,225.02,80.84,369.21,0.95,0.95,0.32,0.21,0.24,0.20,0.95,0.50,0.95,0.40,-0.04837779,5,0.976567
BO,20260607,19,6,6,bo_r19_006_tl86_dt100_ge44_qr99_tau83,86,100,44,0.99,0.83,179.88,91.20,225.02,80.84,369.21,0.94,0.94,0.29,0.19,0.23,0.20,0.94,0.50,0.94,0.39,-0.06366086,5,0.961756
BO,20260607,20,1,6,bo_r20_001_tl76_dt1_ge48_qr92_tau86,76,1,48,0.92,0.86,248.98,91.20,223.87,79.69,368.06,1.01,1.01,0.30,0.21,0.25,0.21,1.01,0.55,1.01,0.42,0.01477233,5,0.999911
BO,20260607,20,2,6,bo_r20_002_tl76_dt19_ge49_qr85_tau89,76,19,49,0.85,0.89,138.94,91.20,223.87,79.69,368.06,1.01,1.01,0.31,0.21,0.25,0.22,1.01,0.56,1.01,0.43,0.01486168,5,1.000000
BO,20260607,20,3,6,bo_r20_003_tl95_dt16_ge46_qr100_tau87,95,16,46,1.0,0.87,139.00,91.20,223.87,79.69,368.06,1.01,1.01,0.33,0.22,0.26,0.23,1.01,0.58,1.01,0.44,0.01486168,5,1.000000
BO,20260607,20,4,6,bo_r20_004_tl108_dt100_ge44_qr99_tau90,108,100,44,0.99,0.9,179.88,91.20,223.87,79.69,368.06,1.01,1.01,0.34,0.23,0.27,0.23,1.01,0.59,1.01,0.45,0.01486168,5,1.000000
BO,20260607,20,5,6,bo_r20_005_tl109_dt32_ge35_qr85_tau85,109,32,35,0.85,0.85,133.87,91.20,223.87,79.69,368.06,0.99,0.99,0.32,0.21,0.25,0.21,0.99,0.52,0.99,0.42,-0.00627823,5,0.979082
BO,20260607,20,6,6,bo_r20_006_tl113_dt81_ge48_qr51_tau89,113,81,48,0.51,0.89,236.69,91.20,223.87,79.69,368.06,0.99,0.99,0.33,0.22,0.25,0.21,0.99,0.52,0.99,0.42,-0.00774606,5,0.977646
BO,20260607,21,1,6,bo_r21_001_tl99_dt47_ge36_qr100_tau86,99,47,36,1.0,0.86,164.33,91.20,221.66,78.34,364.97,1.06,1.06,0.33,0.22,0.26,0.23,1.06,0.57,1.06,0.45,0.05758648,5,1.000000
BO,20260607,21,2,6,bo_r21_002_tl101_dt18_ge40_qr100_tau90,101,18,40,1.0,0.9,158.79,91.20,221.66,78.34,364.97,1.06,1.06,0.35,0.24,0.28,0.24,1.06,0.62,1.06,0.47,0.05758648,5,1.000000
BO,20260607,21,3,6,bo_r21_003_tl121_dt80_ge50_qr70_tau85,121,80,50,0.7,0.85,207.53,91.20,221.66,78.34,364.97,1.06,1.06,0.36,0.24,0.27,0.23,1.06,0.55,1.06,0.45,0.05753320,5,0.999947
BO,20260607,21,4,6,bo_r21_004_tl120_dt209_ge40_qr91_tau86,120,209,40,0.91,0.86,278.48,91.20,221.66,78.34,364.97,1.05,1.05,0.34,0.23,0.27,0.22,1.05,0.55,1.05,0.44,0.05030016,5,0.992740
BO,20260607,21,5,6,bo_r21_005_tl120_dt58_ge13_qr94_tau87,120,58,13,0.94,0.87,218.07,91.20,221.66,78.34,364.97,1.02,1.02,0.33,0.22,0.26,0.22,1.02,0.54,1.02,0.43,0.02031606,5,0.963416
BO,20260607,21,6,6,bo_r21_006_tl39_dt18_ge43_qr99_tau88,39,18,43,0.99,0.88,157.70,91.20,221.66,78.34,364.97,1.01,1.01,0.27,0.19,0.24,0.20,1.01,0.55,1.01,0.41,0.00995515,5,0.953485
BO,20260607,22,1,6,bo_r22_001_tl81_dt78_ge50_qr80_tau90,81,78,50,0.8,0.9,207.53,91.20,220.51,79.06,361.95,1.03,1.03,0.31,0.21,0.25,0.22,1.03,0.56,1.03,0.43,0.02520086,5,1.000000
BO,20260607,22,2,6,bo_r22_002_tl102_dt228_ge48_qr91_tau89,102,228,48,0.91,0.89,283.59,91.20,220.51,79.06,361.95,1.03,1.03,0.33,0.22,0.26,0.22,1.03,0.56,1.03,0.43,0.02520086,5,1.000000
BO,20260607,22,3,6,bo_r22_003_tl103_dt53_ge50_qr97_tau89,103,53,50,0.97,0.89,140.48,91.20,220.51,79.06,361.95,1.03,1.03,0.35,0.24,0.28,0.24,1.03,0.60,1.03,0.45,0.02520086,5,1.000000
BO,20260607,22,4,6,bo_r22_004_tl108_dt7_ge39_qr77_tau90,108,7,39,0.77,0.9,160.08,91.20,220.51,79.06,361.95,1.03,1.03,0.34,0.23,0.27,0.23,1.03,0.57,1.03,0.44,0.02520086,5,1.000000
BO,20260607,22,5,6,bo_r22_005_tl100_dt38_ge48_qr89_tau83,100,38,48,0.89,0.83,134.22,91.20,220.51,79.06,361.95,1.02,1.02,0.33,0.22,0.26,0.22,1.02,0.54,1.02,0.43,0.01682324,5,0.991657
BO,20260607,22,6,6,bo_r22_006_tl104_dt157_ge23_qr98_tau90,104,157,23,0.98,0.9,185.24,91.20,220.51,79.06,361.95,1.01,1.01,0.31,0.21,0.25,0.21,1.01,0.54,1.01,0.42,0.00934966,5,0.984274
BO,20260607,23,1,6,bo_r23_001_tl106_dt177_ge42_qr81_tau90,106,177,42,0.81,0.9,263.49,91.20,218.90,78.35,359.45,1.05,1.05,0.33,0.22,0.26,0.22,1.05,0.56,1.05,0.44,0.04635466,5,1.000000
BO,20260607,23,2,6,bo_r23_002_tl108_dt51_ge47_qr92_tau85,108,51,47,0.92,0.85,152.19,91.20,218.90,78.35,359.45,1.05,1.05,0.35,0.23,0.27,0.23,1.05,0.57,1.05,0.45,0.04635466,5,1.000000
BO,20260607,23,3,6,bo_r23_003_tl113_dt39_ge21_qr95_tau89,113,39,21,0.95,0.89,133.95,91.20,218.90,78.35,359.45,1.05,1.05,0.33,0.22,0.26,0.22,1.05,0.56,1.05,0.44,0.04635466,5,1.000000
BO,20260607,23,4,6,bo_r23_004_tl120_dt95_ge41_qr88_tau90,120,95,41,0.88,0.9,132.44,91.20,218.90,78.35,359.45,1.05,1.05,0.36,0.24,0.28,0.24,1.05,0.60,1.05,0.46,0.04635466,5,1.000000
BO,20260607,23,5,6,bo_r23_005_tl119_dt229_ge39_qr97_tau86,119,229,39,0.97,0.86,253.00,91.20,218.90,78.35,359.45,1.04,1.04,0.34,0.22,0.26,0.22,1.04,0.55,1.04,0.44,0.04317009,5,0.996820
BO,20260607,23,6,6,bo_r23_006_tl78_dt191_ge38_qr99_tau89,78,191,38,0.99,0.89,279.58,91.20,218.90,78.35,359.45,1.02,1.02,0.30,0.20,0.25,0.21,1.02,0.55,1.02,0.42,0.01597742,5,0.970080
BO,20260607,24,1,6,bo_r24_001_tl98_dt27_ge49_qr100_tau82,98,27,49,1.0,0.82,132.79,91.20,218.18,78.13,358.24,1.05,1.05,0.34,0.23,0.27,0.23,1.05,0.57,1.05,0.45,0.05232230,5,1.000000
BO,20260607,24,2,6,bo_r24_002_tl111_dt25_ge47_qr67_tau88,111,25,47,0.67,0.88,132.38,91.20,218.18,78.13,358.24,1.05,1.05,0.35,0.23,0.27,0.23,1.05,0.56,1.05,0.45,0.05232230,5,1.000000
BO,20260607,24,3,6,bo_r24_003_tl120_dt18_ge44_qr96_tau81,120,18,44,0.96,0.81,158.49,91.20,218.18,78.13,358.24,1.05,1.05,0.36,0.24,0.27,0.23,1.05,0.56,1.05,0.45,0.05232230,5,1.000000
BO,20260607,24,4,6,bo_r24_004_tl107_dt47_ge20_qr94_tau89,107,47,20,0.94,0.89,240.27,91.20,218.18,78.13,358.24,1.04,1.04,0.33,0.22,0.26,0.22,1.04,0.55,1.04,0.44,0.04070757,5,0.988452
BO,20260607,24,5,6,bo_r24_005_tl97_dt103_ge26_qr90_tau90,97,103,26,0.9,0.9,180.78,91.20,218.18,78.13,358.24,1.03,1.03,0.31,0.21,0.25,0.22,1.03,0.55,1.03,0.43,0.02907045,5,0.977016
BO,20260607,24,6,6,bo_r24_006_tl118_dt14_ge29_qr94_tau83,118,14,29,0.94,0.83,139.90,91.20,218.18,78.13,358.24,1.03,1.03,0.34,0.22,0.26,0.22,1.03,0.54,1.03,0.44,0.03176573,5,0.979653
BO,20260607,25,1,6,bo_r25_001_tl94_dt17_ge36_qr84_tau89,94,17,36,0.84,0.89,152.21,91.20,215.93,76.37,355.50,1.12,1.12,0.35,0.23,0.28,0.24,1.12,0.60,1.12,0.47,0.11224969,5,1.000000
BO,20260607,25,2,6,bo_r25_002_tl98_dt123_ge30_qr96_tau90,98,123,30,0.96,0.9,267.69,91.20,215.93,76.37,355.50,1.12,1.12,0.34,0.23,0.28,0.24,1.12,0.60,1.12,0.47,0.11224969,5,1.000000
BO,20260607,25,3,6,bo_r25_003_tl101_dt169_ge37_qr100_tau89,101,169,37,1.0,0.89,383.33,91.20,215.93,76.37,355.50,1.12,1.12,0.35,0.24,0.28,0.24,1.12,0.61,1.12,0.47,0.11224969,5,1.000000
BO,20260607,25,4,6,bo_r25_004_tl99_dt54_ge33_qr97_tau86,99,54,33,0.97,0.86,225.66,91.20,215.93,76.37,355.50,1.11,1.11,0.35,0.23,0.27,0.23,1.11,0.59,1.11,0.46,0.10129316,5,0.989103
BO,20260607,25,5,6,bo_r25_005_tl119_dt130_ge46_qr56_tau89,119,130,46,0.56,0.89,190.02,91.20,215.93,76.37,355.50,1.10,1.10,0.37,0.24,0.28,0.24,1.10,0.57,1.10,0.47,0.09260136,5,0.980543
BO,20260607,25,6,6,bo_r25_006_tl53_dt26_ge42_qr95_tau88,53,26,42,0.95,0.88,133.64,91.20,215.93,76.37,355.50,1.08,1.08,0.30,0.21,0.26,0.22,1.08,0.59,1.08,0.44,0.07443291,5,0.962889
BO,20260607,26,1,6,bo_r26_001_tl103_dt161_ge48_qr87_tau90,103,161,48,0.87,0.9,283.59,91.20,216.31,75.66,356.96,1.15,1.15,0.38,0.25,0.30,0.25,1.15,0.64,1.15,0.49,0.14035048,5,1.000000
BO,20260607,26,2,6,bo_r26_002_tl117_dt28_ge46_qr100_tau90,117,28,46,1.0,0.9,161.43,91.20,216.31,75.66,356.96,1.15,1.15,0.42,0.28,0.32,0.28,1.15,0.70,1.15,0.52,0.14035048,5,1.000000
BO,20260607,26,3,6,bo_r26_003_tl101_dt98_ge39_qr80_tau87,101,98,39,0.8,0.87,452.74,91.20,216.31,75.66,356.96,1.12,1.12,0.35,0.24,0.28,0.24,1.12,0.59,1.12,0.47,0.11047417,5,0.970566
BO,20260607,26,4,6,bo_r26_004_tl109_dt6_ge48_qr65_tau84,109,6,48,0.65,0.84,174.03,91.20,216.31,75.66,356.96,1.12,1.12,0.37,0.25,0.29,0.24,1.12,0.58,1.12,0.47,0.10912623,5,0.969258
BO,20260607,26,5,6,bo_r26_005_tl112_dt27_ge47_qr59_tau86,112,27,47,0.59,0.86,134.60,91.20,216.31,75.66,356.96,1.12,1.12,0.38,0.25,0.29,0.24,1.12,0.58,1.12,0.48,0.11322524,5,0.973239
BO,20260607,26,6,6,bo_r26_006_tl105_dt71_ge46_qr61_tau87,105,71,46,0.61,0.87,237.91,91.20,216.31,75.66,356.96,1.11,1.11,0.36,0.24,0.28,0.24,1.11,0.58,1.11,0.47,0.10148013,5,0.961875
BO,20260607,27,1,6,bo_r27_001_tl91_dt43_ge31_qr98_tau88,91,43,31,0.98,0.88,176.59,91.20,217.25,73.03,361.47,1.27,1.27,0.38,0.26,0.31,0.27,1.27,0.68,1.27,0.53,0.23653158,5,0.995999
BO,20260607,27,2,6,bo_r27_002_tl114_dt90_ge27_qr99_tau90,114,90,27,0.99,0.9,259.09,91.20,217.25,73.03,361.47,1.27,1.27,0.42,0.28,0.33,0.28,1.27,0.71,1.27,0.55,0.24054043,5,1.000000
BO,20260607,27,3,6,bo_r27_003_tl118_dt181_ge27_qr99_tau88,118,181,27,0.99,0.88,209.70,91.20,217.25,73.03,361.47,1.27,1.27,0.41,0.27,0.32,0.27,1.27,0.67,1.27,0.53,0.23619658,5,0.995666
BO,20260607,27,4,6,bo_r27_004_tl119_dt165_ge31_qr86_tau89,119,165,31,0.86,0.89,288.71,91.20,217.25,73.03,361.47,1.26,1.26,0.41,0.27,0.32,0.27,1.26,0.67,1.26,0.53,0.23499475,5,0.994470
BO,20260607,27,5,6,bo_r27_005_tl93_dt44_ge36_qr75_tau90,93,44,36,0.75,0.9,168.46,91.20,217.25,73.03,361.47,1.25,1.25,0.39,0.26,0.31,0.26,1.25,0.67,1.25,0.52,0.22264770,5,0.982266
BO,20260607,27,6,6,bo_r27_006_tl101_dt55_ge47_qr56_tau90,101,55,47,0.56,0.9,168.67,91.20,217.25,73.03,361.47,1.25,1.25,0.40,0.27,0.31,0.27,1.25,0.66,1.25,0.53,0.22382194,5,0.983420
BO,20260607,28,1,6,bo_r28_001_tl113_dt189_ge41_qr86_tau89,113,189,41,0.86,0.89,226.98,91.20,217.05,74.41,359.69,1.21,1.21,0.39,0.26,0.31,0.26,1.21,0.65,1.21,0.51,0.18933332,5,1.000000
BO,20260607,28,2,6,bo_r28_002_tl121_dt22_ge35_qr100_tau86,121,22,35,1.0,0.86,132.38,91.20,217.05,74.41,359.69,1.21,1.21,0.42,0.28,0.32,0.27,1.21,0.68,1.21,0.53,0.18933332,5,1.000000
BO,20260607,28,3,6,bo_r28_003_tl64_dt164_ge46_qr100_tau89,64,164,46,1.0,0.89,320.82,91.20,217.05,74.41,359.69,1.19,1.19,0.34,0.23,0.28,0.24,1.19,0.64,1.19,0.49,0.17044290,5,0.981287
BO,20260607,28,4,6,bo_r28_004_tl92_dt104_ge48_qr71_tau88,92,104,48,0.71,0.88,265.35,91.20,217.05,74.41,359.69,1.17,1.17,0.37,0.25,0.29,0.25,1.17,0.62,1.17,0.49,0.16087313,5,0.971941
BO,20260607,28,5,6,bo_r28_005_tl100_dt129_ge44_qr76_tau87,100,129,44,0.76,0.87,233.62,91.20,217.05,74.41,359.69,1.17,1.17,0.37,0.25,0.29,0.25,1.17,0.62,1.17,0.49,0.15599945,5,0.967216
BO,20260607,28,6,6,bo_r28_006_tl97_dt178_ge45_qr79_tau87,97,178,45,0.79,0.87,238.68,91.20,217.05,74.41,359.69,1.16,1.16,0.36,0.24,0.29,0.24,1.16,0.61,1.16,0.49,0.14787246,5,0.959387
BO,20260607,29,1,6,bo_r29_001_tl60_dt79_ge44_qr97_tau90,60,79,44,0.97,0.9,271.09,91.20,217.74,75.97,359.51,1.14,1.14,0.32,0.22,0.27,0.23,1.14,0.62,1.14,0.47,0.12786999,5,0.994263
BO,20260607,29,2,6,bo_r29_002_tl87_dt11_ge40_qr91_tau87,87,11,40,0.91,0.87,155.03,91.20,217.74,75.97,359.51,1.14,1.14,0.35,0.24,0.28,0.24,1.14,0.61,1.14,0.48,0.13262946,5,0.999007
BO,20260607,29,3,6,bo_r29_003_tl105_dt171_ge41_qr94_tau90,105,171,41,0.94,0.9,226.98,91.20,217.74,75.97,359.51,1.14,1.14,0.37,0.25,0.29,0.25,1.14,0.63,1.14,0.49,0.13362339,5,1.000000
BO,20260607,29,4,6,bo_r29_004_tl118_dt130_ge45_qr92_tau88,118,130,45,0.92,0.88,238.68,91.20,217.74,75.97,359.51,1.14,1.14,0.39,0.26,0.30,0.26,1.14,0.64,1.14,0.50,0.13362339,5,1.000000
BO,20260607,29,5,6,bo_r29_005_tl108_dt145_ge42_qr80_tau88,108,145,42,0.8,0.88,263.49,91.20,217.74,75.97,359.51,1.13,1.13,0.36,0.24,0.28,0.24,1.13,0.60,1.13,0.48,0.12457024,5,0.990988
BO,20260607,29,6,6,bo_r29_006_tl80_dt119_ge40_qr90_tau89,80,119,40,0.9,0.89,304.08,91.20,217.74,75.97,359.51,1.12,1.12,0.33,0.23,0.27,0.23,1.12,0.60,1.12,0.46,0.11101314,5,0.977643
BO,20260607,30,1,6,bo_r30_001_tl64_dt68_ge48_qr95_tau89,64,68,48,0.95,0.89,183.42,91.20,218.62,77.99,359.24,1.06,1.06,0.30,0.21,0.25,0.22,1.06,0.58,1.06,0.44,0.05932497,5,1.000000
BO,20260607,30,2,6,bo_r30_002_tl72_dt138_ge50_qr96_tau88,72,138,50,0.96,0.88,371.64,91.20,218.62,77.99,359.24,1.06,1.06,0.31,0.21,0.25,0.22,1.06,0.57,1.06,0.44,0.05385759,5,0.994548
BO,20260607,30,3,6,bo_r30_003_tl110_dt17_ge37_qr95_tau89,110,17,37,0.95,0.89,152.20,91.20,218.62,77.99,359.24,1.06,1.06,0.36,0.24,0.28,0.24,1.06,0.60,1.06,0.46,0.05932497,5,1.000000
BO,20260607,30,4,6,bo_r30_004_tl113_dt18_ge28_qr94_tau90,113,18,28,0.94,0.9,169.59,91.20,218.62,77.99,359.24,1.06,1.06,0.35,0.24,0.28,0.24,1.06,0.59,1.06,0.46,0.05932497,5,1.000000
BO,20260607,30,5,6,bo_r30_005_tl121_dt199_ge48_qr93_tau83,121,199,48,0.93,0.83,283.59,91.20,218.62,77.99,359.24,1.06,1.06,0.35,0.23,0.27,0.23,1.06,0.55,1.06,0.45,0.05425806,5,0.994946
BO,20260607,30,6,6,bo_r30_006_tl113_dt73_ge40_qr74_tau87,113,73,40,0.74,0.87,248.45,91.20,218.62,77.99,359.24,1.05,1.05,0.34,0.23,0.27,0.22,1.05,0.55,1.05,0.44,0.04621648,5,0.986977
BO,20260607,31,1,6,bo_r31_001_tl97_dt60_ge38_qr79_tau90,97,60,38,0.79,0.9,255.63,91.20,219.16,78.10,360.21,1.06,1.06,0.33,0.22,0.26,0.22,1.06,0.57,1.06,0.44,0.05704762,5,1.000000
BO,20260607,31,2,6,bo_r31_002_tl102_dt71_ge49_qr93_tau83,102,71,49,0.93,0.83,223.93,91.20,219.16,78.10,360.21,1.06,1.06,0.34,0.23,0.27,0.23,1.06,0.56,1.06,0.45,0.05624730,5,0.999200
BO,20260607,31,3,6,bo_r31_003_tl118_dt28_ge39_qr94_tau89,118,28,39,0.94,0.89,140.42,91.20,219.16,78.10,360.21,1.06,1.06,0.37,0.25,0.28,0.24,1.06,0.61,1.06,0.47,0.05704762,5,1.000000
BO,20260607,31,4,6,bo_r31_004_tl120_dt6_ge45_qr91_tau83,120,6,45,0.91,0.83,174.03,91.20,219.16,78.10,360.21,1.06,1.06,0.36,0.24,0.28,0.24,1.06,0.58,1.06,0.46,0.05704762,5,1.000000
BO,20260607,31,5,6,bo_r31_005_tl94_dt165_ge43_qr94_tau87,94,165,43,0.94,0.87,255.43,91.20,219.16,78.10,360.21,1.05,1.05,0.32,0.22,0.26,0.22,1.05,0.56,1.05,0.44,0.04408861,5,0.987125
BO,20260607,31,6,6,bo_r31_006_tl107_dt52_ge36_qr74_tau89,107,52,36,0.74,0.89,226.69,91.20,219.16,78.10,360.21,1.05,1.05,0.34,0.22,0.26,0.22,1.05,0.56,1.05,0.44,0.04812846,5,0.991120
BO,20260607,32,1,6,bo_r32_001_tl77_dt1_ge42_qr95_tau88,77,1,42,0.95,0.88,1000008.14,91.20,218.95,79.38,358.52,1.01,1.01,0.30,0.21,0.25,0.21,1.01,0.55,1.01,0.42,0.00643762,5,1.000000
BO,20260607,32,2,6,bo_r32_002_tl106_dt209_ge46_qr100_tau86,106,209,46,1.0,0.86,320.82,91.20,218.95,79.38,358.52,1.01,1.01,0.32,0.21,0.25,0.22,1.01,0.54,1.01,0.43,0.00643762,5,1.000000
BO,20260607,32,3,6,bo_r32_003_tl117_dt120_ge49_qr76_tau88,117,120,49,0.76,0.88,282.57,91.20,218.95,79.38,358.52,1.01,1.01,0.34,0.23,0.26,0.22,1.01,0.55,1.01,0.43,0.00643762,5,1.000000
BO,20260607,32,4,6,bo_r32_004_tl120_dt143_ge27_qr95_tau89,120,143,27,0.95,0.89,209.70,91.20,218.95,79.38,358.52,1.01,1.01,0.33,0.22,0.26,0.22,1.01,0.54,1.01,0.43,0.00643762,5,1.000000
BO,20260607,32,5,6,bo_r32_005_tl115_dt91_ge13_qr97_tau90,115,91,13,0.97,0.9,266.40,91.20,218.95,79.38,358.52,0.99,0.99,0.31,0.21,0.25,0.21,0.99,0.53,0.99,0.42,-0.00754409,5,0.986116
BO,20260607,32,6,6,bo_r32_006_tl115_dt222_ge48_qr96_tau83,115,222,48,0.96,0.83,283.59,91.20,218.95,79.38,358.52,0.99,0.99,0.32,0.21,0.25,0.21,0.99,0.52,0.99,0.42,-0.00809950,5,0.985568
BO,20260607,33,1,6,bo_r33_001_tl90_dt21_ge50_qr91_tau86,90,21,50,0.91,0.86,138.63,91.20,5427.58,-135624.59,146479.75,25783.62,25783.62,8204.11,5508.98,6515.45,5588.14,25783.62,14168.22,25783.62,10961.42,10.15749458,5,1.000000
BO,20260607,33,2,6,bo_r33_002_tl105_dt209_ge42_qr96_tau90,105,209,42,0.96,0.9,263.49,91.20,5427.58,-135624.59,146479.75,25783.62,25783.62,8273.10,5553.22,6557.93,5628.86,25783.62,14261.25,25783.62,11009.66,10.15749458,5,1.000000
BO,20260607,33,3,6,bo_r33_003_tl116_dt43_ge49_qr88_tau87,116,43,49,0.88,0.87,223.89,91.20,5427.58,-135624.59,146479.75,25783.62,25783.62,8991.15,5966.92,6906.63,5912.57,25783.62,14645.55,25783.62,11367.74,10.15749458,5,1.000000
BO,20260607,33,4,6,bo_r33_004_tl121_dt101_ge28_qr93_tau89,121,101,28,0.93,0.89,213.49,91.20,5427.58,-135624.59,146479.75,25783.62,25783.62,8533.86,5672.22,6622.09,5638.18,25783.62,14010.37,25783.62,11043.39,10.15749458,5,1.000000
BO,20260607,33,5,6,bo_r33_005_tl70_dt38_ge36_qr97_tau90,70,38,36,0.97,0.9,109.93,91.20,5427.58,-135624.59,146479.75,25696.04,25696.04,7393.36,5060.96,6159.90,5325.07,25696.04,13972.94,25696.04,10601.38,10.15409208,5,0.996603
BO,20260607,33,6,6,bo_r33_006_tl115_dt76_ge22_qr96_tau88,115,76,22,0.96,0.88,338.33,91.20,5427.58,-135624.59,146479.75,25653.71,25653.71,8188.42,5455.85,6419.63,5449.64,25653.71,13608.60,25653.71,10795.97,10.15244332,5,0.994961
BO,20260607,34,1,6,bo_r34_001_tl105_dt68_ge50_qr99_tau88,105,68,50,0.99,0.88,185.22,91.20,5269.61,-133640.01,144179.24,25427.86,25427.86,8678.27,5813.75,6795.53,5870.23,25427.86,14816.76,25427.86,11233.73,10.14360081,5,1.000000
BO,20260607,34,2,6,bo_r34_002_tl117_dt227_ge39_qr96_tau90,117,227,39,0.96,0.9,253.00,91.20,5269.61,-133640.01,144179.24,25427.86,25427.86,8407.15,5610.80,6570.38,5622.87,25427.86,14087.34,25427.86,10954.40,10.14360081,5,1.000000
BO,20260607,34,3,6,bo_r34_003_tl122_dt244_ge36_qr93_tau89,122,244,36,0.93,0.89,270.30,91.20,5269.61,-133640.01,144179.24,25427.86,25427.86,8333.03,5535.96,6470.12,5497.19,25427.86,13646.02,25427.86,10818.36,10.14360081,5,1.000000
BO,20260607,34,4,6,bo_r34_004_tl119_dt134_ge49_qr92_tau82,119,134,49,0.92,0.82,282.57,91.20,5269.61,-133640.01,144179.24,25392.97,25392.97,8472.34,5584.84,6475.01,5458.08,25392.97,13328.29,25392.97,10785.26,10.14222773,5,0.998628
BO,20260607,34,5,6,bo_r34_005_tl94_dt186_ge46_qr81_tau90,94,186,46,0.81,0.9,320.82,91.20,5269.61,-133640.01,144179.24,25251.91,25251.91,7800.75,5240.23,6233.51,5319.70,25251.91,13497.92,25251.91,10557.34,10.13665708,5,0.993080
BO,20260607,34,6,6,bo_r34_006_tl100_dt95_ge48_qr72_tau88,100,95,48,0.72,0.88,243.58,91.20,5269.61,-133640.01,144179.24,25190.70,25190.70,8051.80,5361.93,6309.54,5350.06,25190.70,13345.49,25190.70,10601.59,10.13422999,5,0.990673
BO,20260607,35,1,6,bo_r35_001_tl76_dt2_ge43_qr90_tau88,76,2,43,0.9,0.88,246.99,91.20,5122.25,-131739.40,141983.90,25086.15,25086.15,7480.54,5073.90,6101.51,5247.66,25086.15,13553.52,25086.15,10423.88,10.13007103,5,1.000000
BO,20260607,35,2,6,bo_r35_002_tl121_dt5_ge13_qr95_tau90,121,5,13,0.95,0.9,249.86,91.20,5122.25,-131739.40,141983.90,25086.15,25086.15,8170.59,5441.01,6375.69,5428.90,25086.15,13541.99,25086.15,10674.05,10.13007103,5,1.000000
BO,20260607,35,3,6,bo_r35_003_tl122_dt60_ge32_qr61_tau90,122,60,32,0.61,0.9,227.90,91.20,5122.25,-131739.40,141983.90,24632.50,24632.50,8229.66,5419.18,6292.65,5284.66,24632.50,12875.33,24632.50,10455.66,10.11182192,5,0.981916
BO,20260607,35,4,6,bo_r35_004_tl97_dt65_ge24_qr97_tau88,97,65,24,0.97,0.88,186.95,91.20,5122.25,-131739.40,141983.90,24470.01,24470.01,7495.32,5041.86,6027.56,5131.80,24470.01,13054.36,24470.01,10203.49,10.10520373,5,0.975439
BO,20260607,35,5,6,bo_r35_005_tl107_dt84_ge24_qr95_tau87,107,84,24,0.95,0.87,210.56,91.20,5122.25,-131739.40,141983.90,24383.63,24383.63,7680.18,5128.88,6078.38,5146.41,24383.63,12909.86,24383.63,10221.22,10.10166734,5,0.971996
BO,20260607,35,6,6,bo_r35_006_tl76_dt35_ge35_qr92_tau88,76,35,35,0.92,0.88,107.32,91.20,5122.25,-131739.40,141983.90,24348.70,24348.70,7177.71,4875.47,5906.52,5056.12,24348.70,13091.92,24348.70,10076.07,10.10023357,5,0.970603
BO,20260607,36,1,6,bo_r36_001_tl101_dt210_ge46_qr100_tau88,101,210,46,1.0,0.88,320.82,91.20,4981.75,-129920.12,139883.62,24758.93,24758.93,7864.55,5282.38,6250.18,5361.07,24758.93,13599.40,24758.93,10519.42,10.11694149,5,1.000000
BO,20260607,36,2,6,bo_r36_002_tl110_dt109_ge45_qr84_tau90,110,109,45,0.84,0.9,182.46,91.20,4981.75,-129920.12,139883.62,24758.93,24758.93,8294.30,5532.74,6464.40,5539.15,24758.93,13863.91,24758.93,10742.24,10.11694149,5,1.000000
BO,20260607,36,3,6,bo_r36_003_tl112_dt10_ge28_qr87_tau90,112,10,28,0.87,0.9,155.59,91.20,4981.75,-129920.12,139883.62,24758.93,24758.93,8125.18,5420.03,6351.73,5426.51,24758.93,13582.46,24758.93,10610.80,10.11694149,5,1.000000
BO,20260607,36,4,6,bo_r36_004_tl112_dt96_ge42_qr93_tau90,112,96,42,0.93,0.9,180.76,91.20,4981.75,-129920.12,139883.62,24758.93,24758.93,8407.34,5618.35,6560.26,5645.25,24758.93,14180.39,24758.93,10861.75,10.11694149,5,1.000000
BO,20260607,36,5,6,bo_r36_005_tl118_dt26_ge36_qr97_tau83,118,26,36,0.97,0.83,133.46,91.20,4981.75,-129920.12,139883.62,24758.93,24758.93,8213.61,5432.04,6316.79,5344.63,24758.93,13143.06,24758.93,10534.84,10.11694149,5,1.000000
BO,20260607,36,6,6,bo_r36_006_tl118_dt49_ge30_qr98_tau85,118,49,30,0.98,0.85,183.03,91.20,4981.75,-129920.12,139883.62,24758.93,24758.93,8108.45,5377.56,6277.94,5321.41,24758.93,13163.14,24758.93,10501.24,10.11694149,5,1.000000
BO,20260607,37,1,6,bo_r37_001_tl66_dt124_ge49_qr98_tau89,66,124,49,0.98,0.89,282.57,91.20,4848.72,-128175.26,137872.71,24444.67,24444.67,7015.07,4806.73,5853.43,5066.77,24444.67,13317.03,24444.67,10083.95,10.10416729,5,1.000000
BO,20260607,37,2,6,bo_r37_002_tl95_dt94_ge41_qr96_tau90,95,94,41,0.96,0.9,132.44,91.20,4848.72,-128175.26,137872.71,24444.67,24444.67,7784.57,5250.61,6228.19,5372.42,24444.67,13735.55,24444.67,10469.33,10.10416729,5,1.000000
BO,20260607,37,3,6,bo_r37_003_tl102_dt8_ge30_qr98_tau88,102,8,30,0.98,0.88,164.63,91.20,4848.72,-128175.26,137872.71,24444.67,24444.67,7788.49,5225.31,6174.96,5291.27,24444.67,13393.07,24444.67,10386.29,10.10416729,5,1.000000
BO,20260607,37,4,6,bo_r37_004_tl109_dt46_ge36_qr94_tau89,109,46,36,0.94,0.89,164.33,91.20,4848.72,-128175.26,137872.71,24444.67,24444.67,8103.32,5417.82,6350.09,5449.02,24444.67,13700.55,24444.67,10577.58,10.10416729,5,1.000000
BO,20260607,37,5,6,bo_r37_005_tl115_dt102_ge43_qr92_tau89,115,102,43,0.92,0.89,183.55,91.20,4848.72,-128175.26,137872.71,24444.67,24444.67,8337.25,5555.38,6469.27,5549.80,24444.67,13860.57,24444.67,10702.82,10.10416729,5,1.000000
BO,20260607,37,6,6,bo_r37_006_tl91_dt74_ge35_qr92_tau89,91,74,35,0.92,0.89,227.79,91.20,4848.72,-128175.26,137872.71,24379.67,24379.67,7423.43,5006.27,5980.27,5120.92,24379.67,13088.91,24379.67,10166.58,10.10150473,5,0.997341
BO,20260607,38,1,6,bo_r38_001_tl93_dt72_ge44_qr100_tau85,93,72,44,1.0,0.85,256.04,91.20,4722.88,-126499.51,135945.28,24142.36,24142.36,7521.25,5051.95,5995.07,5127.52,24142.36,13007.72,24142.36,10140.98,10.09172321,5,1.000000
BO,20260607,38,2,6,bo_r38_002_tl104_dt92_ge40_qr98_tau86,104,92,40,0.98,0.86,283.07,91.20,4722.88,-126499.51,135945.28,24142.36,24142.36,7727.35,5165.61,6084.99,5193.70,24142.36,13054.47,24142.36,10228.08,10.09172321,5,1.000000
BO,20260607,38,3,6,bo_r38_003_tl105_dt40_ge40_qr74_tau89,105,40,40,0.74,0.89,112.04,91.20,4722.88,-126499.51,135945.28,24142.36,24142.36,7777.44,5177.07,6074.51,5161.28,24142.36,12863.74,24142.36,10199.40,10.09172321,5,1.000000
BO,20260607,38,4,6,bo_r38_004_tl111_dt48_ge46_qr81_tau86,111,48,46,0.81,0.86,226.08,91.20,4722.88,-126499.51,135945.28,24142.36,24142.36,8024.20,5317.98,6191.83,5255.01,24142.36,12980.09,24142.36,10318.58,10.09172321,5,1.000000
BO,20260607,38,5,6,bo_r38_005_tl111_dt44_ge28_qr96_tau85,111,44,28,0.96,0.85,124.14,91.20,4722.88,-126499.51,135945.28,23732.39,23732.39,7621.92,5067.90,5959.86,5041.14,23732.39,12535.95,23732.39,9993.19,10.07459623,5,0.983019
BO,20260607,38,6,6,bo_r38_006_tl114_dt217_ge26_qr90_tau90,114,217,26,0.9,0.9,197.95,91.20,4722.88,-126499.51,135945.28,23569.18,23569.18,7461.29,4977.38,5885.91,4983.76,23569.18,12475.37,23569.18,9892.15,10.06769503,5,0.976258
BO,20260607,39,1,6,bo_r39_001_tl74_dt30_ge47_qr99_tau87,74,30,47,0.99,0.87,135.80,91.20,4603.86,-124888.19,134095.91,23851.17,23851.17,7147.86,4860.78,5850.74,5051.85,23851.17,13107.32,23851.17,9978.29,10.07958840,5,1.000000
BO,20260607,39,2,6,bo_r39_002_tl87_dt94_ge43_qr92_tau90,87,94,43,0.92,0.9,183.55,91.20,4603.86,-124888.19,134095.91,23851.17,23851.17,7365.26,4982.59,5949.42,5127.41,23851.17,13180.60,23851.17,10076.08,10.07958840,5,1.000000
BO,20260607,39,3,6,bo_r39_003_tl91_dt30_ge41_qr94_tau89,91,30,41,0.94,0.89,112.03,91.20,4603.86,-124888.19,134095.91,23851.17,23851.17,7545.70,5089.68,6043.30,5208.10,23851.17,13316.29,23851.17,10175.70,10.07958840,5,1.000000
BO,20260607,39,4,6,bo_r39_004_tl102_dt42_ge45_qr96_tau87,102,42,45,0.96,0.87,109.29,91.20,4603.86,-124888.19,134095.91,23851.17,23851.17,7873.02,5270.87,6187.48,5315.25,23851.17,13399.10,23851.17,10316.15,10.07958840,5,1.000000
BO,20260607,39,5,6,bo_r39_005_tl104_dt26_ge36_qr91_tau88,104,26,36,0.91,0.88,133.46,91.20,4603.86,-124888.19,134095.91,23851.17,23851.17,7710.01,5155.82,6066.05,5187.45,23851.17,13047.68,23851.17,10169.69,10.07958840,5,1.000000
BO,20260607,39,6,6,bo_r39_006_tl109_dt69_ge50_qr84_tau84,109,69,50,0.84,0.84,185.22,91.20,4603.86,-124888.19,134095.91,23851.17,23851.17,7851.78,5199.80,6059.51,5130.37,23851.17,12652.35,23851.17,10124.16,10.07958840,5,1.000000
BO,20260607,40,1,6,bo_r40_001_tl97_dt26_ge43_qr93_tau89,97,26,43,0.93,0.89,132.53,91.20,4489.48,-123339.10,132318.07,23571.22,23571.22,7691.84,5170.29,6096.62,5255.10,23571.22,13349.78,23571.22,10189.14,10.06778195,5,1.000000
BO,20260607,40,2,6,bo_r40_002_tl110_dt147_ge37_qr96_tau88,110,147,37,0.96,0.88,383.33,91.20,4489.48,-123339.10,132318.07,23571.22,23571.22,7600.10,5075.97,5969.13,5094.45,23571.22,12782.33,23571.22,10015.53,10.06778195,5,1.000000
BO,20260607,40,3,6,bo_r40_003_tl116_dt95_ge31_qr90_tau90,116,95,31,0.9,0.9,337.98,91.20,4489.48,-123339.10,132318.07,23571.22,23571.22,7775.46,5181.93,6064.13,5178.50,23571.22,12937.67,23571.22,10118.15,10.06778195,5,1.000000
BO,20260607,40,4,6,bo_r40_004_tl118_dt93_ge45_qr93_tau89,118,93,45,0.93,0.89,243.24,91.20,4489.48,-123339.10,132318.07,23571.22,23571.22,8219.15,5471.12,6346.73,5454.49,23571.22,13594.67,23571.22,10442.90,10.06778195,5,1.000000
BO,20260607,40,5,6,bo_r40_005_tl118_dt21_ge43_qr58_tau88,118,21,43,0.58,0.88,138.63,91.20,4489.48,-123339.10,132318.07,23380.03,23380.03,7871.59,5176.07,5988.33,5032.75,23380.03,12223.56,23380.03,9945.39,10.05963740,5,0.991889
BO,20260607,40,6,6,bo_r40_006_tl59_dt124_ge48_qr99_tau89,59,124,48,0.99,0.89,283.59,91.20,4489.48,-123339.10,132318.07,23272.66,23272.66,6537.96,4502.54,5530.36,4790.34,23272.66,12695.36,23272.66,9554.87,10.05503465,5,0.987334
BO,20260607,41,1,6,bo_r41_001_tl103_dt165_ge39_qr99_tau87,103,165,39,0.99,0.87,253.00,91.20,4383.57,-121843.70,130610.85,23299.79,23299.79,7297.96,4889.40,5787.24,4937.60,23299.79,12464.48,23299.79,9779.41,10.05619971,5,1.000000
BO,20260607,41,2,6,bo_r41_002_tl121_dt216_ge37_qr95_tau88,121,216,37,0.95,0.88,383.33,91.20,4383.57,-121843.70,130610.85,23299.79,23299.79,7665.58,5091.66,5946.68,5054.20,23299.79,12541.87,23299.79,9933.30,10.05619971,5,1.000000
BO,20260607,41,3,6,bo_r41_003_tl97_dt121_ge42_qr77_tau90,97,121,42,0.77,0.9,263.49,91.20,4383.57,-121843.70,130610.85,23137.19,23137.19,7228.80,4842.04,5738.62,4887.72,23137.19,12333.49,23137.19,9694.64,10.04919656,5,0.993021
BO,20260607,41,4,6,bo_r41_004_tl114_dt26_ge49_qr53_tau88,114,26,49,0.53,0.88,132.53,91.20,4383.57,-121843.70,130610.85,23092.18,23092.18,7764.72,5107.19,5911.63,4968.60,23092.18,12075.02,23092.18,9819.89,10.04724912,5,0.991089
BO,20260607,41,5,6,bo_r41_005_tl112_dt1_ge26_qr82_tau88,112,1,26,0.82,0.88,248.98,91.20,4383.57,-121843.70,130610.85,23046.19,23046.19,7440.11,4942.01,5797.68,4905.87,23046.19,12174.34,23046.19,9717.70,10.04525561,5,0.989116
BO,20260607,41,6,6,bo_r41_006_tl82_dt9_ge48_qr89_tau84,82,9,48,0.89,0.84,157.15,91.20,4383.57,-121843.70,130610.85,22811.20,22811.20,7012.28,4713.40,5625.70,4790.51,22811.20,12169.03,22811.20,9520.35,10.03500705,5,0.979030
BO,20260607,42,1,6,bo_r42_001_tl101_dt167_ge40_qr98_tau89,101,167,40,0.98,0.89,278.48,91.20,4282.51,-120402.21,128967.22,23037.89,23037.89,7282.06,4894.63,5798.47,4974.47,23037.89,12635.79,23037.89,9770.55,10.04489534,5,1.000000
BO,20260607,42,2,6,bo_r42_002_tl104_dt131_ge50_qr74_tau90,104,131,50,0.74,0.9,371.64,91.20,4282.51,-120402.21,128967.22,23037.89,23037.89,7519.93,5014.59,5879.82,5017.21,23037.89,12549.56,23037.89,9836.50,10.04489534,5,1.000000
BO,20260607,42,3,6,bo_r42_003_tl109_dt29_ge46_qr81_tau87,109,29,46,0.81,0.87,133.02,91.20,4282.51,-120402.21,128967.22,23037.89,23037.89,7698.57,5113.53,5958.61,5075.84,23037.89,12595.37,23037.89,9913.30,10.04489534,5,1.000000
BO,20260607,42,4,6,bo_r42_004_tl74_dt61_ge50_qr100_tau85,74,61,50,1.0,0.85,238.83,91.20,4282.51,-120402.21,128967.22,22926.00,22926.00,6815.94,4624.87,5569.69,4786.68,22926.00,12371.21,22926.00,9515.73,10.04002696,5,0.995143
BO,20260607,42,5,6,bo_r42_005_tl103_dt59_ge47_qr77_tau86,103,59,47,0.77,0.86,151.54,91.20,4282.51,-120402.21,128967.22,22859.08,22859.08,7381.26,4903.34,5749.77,4868.35,22859.08,12083.38,22859.08,9640.86,10.03710359,5,0.992239
BO,20260607,42,6,6,bo_r42_006_tl120_dt209_ge49_qr77_tau86,120,209,49,0.77,0.86,282.57,91.20,4282.51,-120402.21,128967.22,22770.42,22770.42,7588.78,5001.56,5807.86,4886.31,22770.42,11927.65,22770.42,9663.76,10.03321759,5,0.988390
BO,20260607,43,1,6,bo_r43_001_tl89_dt25_ge40_qr93_tau87,89,25,40,0.93,0.87,132.35,91.20,4186.32,-119011.03,127383.66,22784.77,22784.77,7011.98,4721.50,5622.78,4815.20,22784.77,12272.24,22784.77,9538.08,10.03384761,5,1.000000
BO,20260607,43,2,6,bo_r43_002_tl105_dt158_ge46_qr98_tau85,105,158,46,0.98,0.85,320.82,91.20,4186.32,-119011.03,127383.66,22784.77,22784.77,7282.56,4859.55,5718.49,4868.58,22784.77,12194.00,22784.77,9617.99,10.03384761,5,1.000000
BO,20260607,43,3,6,bo_r43_003_tl111_dt15_ge42_qr98_tau88,111,15,42,0.98,0.88,138.90,91.20,4186.32,-119011.03,127383.66,22784.77,22784.77,7836.92,5234.34,6098.50,5253.80,22784.77,13183.16,22784.77,10065.25,10.03384761,5,1.000000
BO,20260607,43,4,6,bo_r43_004_tl111_dt73_ge43_qr100_tau83,111,73,43,1.0,0.83,250.53,91.20,4186.32,-119011.03,127383.66,22784.77,22784.77,7477.20,4965.62,5800.87,4927.26,22784.77,12222.27,22784.77,9696.33,10.03384761,5,1.000000
BO,20260607,43,5,6,bo_r43_005_tl118_dt2_ge48_qr95_tau90,118,2,48,0.95,0.9,246.99,91.20,4186.32,-119011.03,127383.66,22784.77,22784.77,8313.10,5543.57,6399.51,5546.59,22784.77,13873.99,22784.77,10410.26,10.03384761,5,1.000000
BO,20260607,43,6,6,bo_r43_006_tl105_dt68_ge46_qr59_tau90,105,68,46,0.59,0.9,235.20,91.20,4186.32,-119011.03,127383.66,22576.85,22576.85,7331.90,4863.40,5693.29,4814.32,22576.85,11913.11,22576.85,9532.15,10.02468031,5,0.990875
BO,20260607,44,1,6,bo_r44_001_tl92_dt101_ge49_qr96_tau86,92,101,49,0.96,0.86,1000000.00,91.20,4094.10,-117667.93,125856.12,22540.24,22540.24,7076.59,4755.46,5638.44,4830.91,22540.24,12265.91,22540.24,9517.93,10.02305759,5,1.000000
BO,20260607,44,2,6,bo_r44_002_tl108_dt163_ge44_qr91_tau87,108,163,44,0.91,0.87,1000000.00,91.20,4094.10,-117667.93,125856.12,22540.24,22540.24,7256.90,4837.30,5681.93,4836.04,22540.24,12086.93,22540.24,9539.89,10.02305759,5,1.000000
BO,20260607,44,3,6,bo_r44_003_tl116_dt116_ge44_qr67_tau89,116,116,44,0.67,0.89,1000000.00,91.20,4094.10,-117667.93,125856.12,22516.52,22516.52,7437.53,4914.73,5716.37,4827.49,22516.52,11850.63,22516.52,9543.88,10.02200457,5,0.998948
BO,20260607,44,4,6,bo_r44_004_tl95_dt243_ge48_qr95_tau87,95,243,48,0.95,0.87,1000000.00,91.20,4094.10,-117667.93,125856.12,22241.31,22241.31,6859.07,4608.30,5489.15,4679.48,22241.31,11876.64,22241.31,9292.33,10.00970656,5,0.986738
BO,20260607,44,5,6,bo_r44_005_tl95_dt110_ge41_qr74_tau90,95,110,41,0.74,0.9,1000000.00,91.20,4094.10,-117667.93,125856.12,22134.93,22134.93,6900.32,4622.28,5489.60,4666.41,22134.93,11776.34,22134.93,9264.98,10.00491198,5,0.982018
BO,20260607,44,6,6,bo_r44_006_tl90_dt116_ge31_qr96_tau89,90,116,31,0.96,0.89,1000000.00,91.20,4094.10,-117667.93,125856.12,22112.22,22112.22,6656.01,4498.70,5405.33,4621.43,22112.22,11860.40,22112.22,9192.35,10.00388563,5,0.981011
BO,20260607,45,1,6,bo_r45_001_tl77_dt82_ge48_qr88_tau89,77,82,48,0.88,0.89,236.69,91.20,26728.32,-288099.71,341556.35,50947.08,50947.08,15234.53,10334.89,12423.95,10691.97,50947.08,27622.62,50947.08,21209.17,10.83854269,5,1.000000
BO,20260607,45,2,6,bo_r45_002_tl105_dt83_ge43_qr87_tau88,105,83,43,0.87,0.88,249.58,91.20,26728.32,-288099.71,341556.35,50947.08,50947.08,16578.69,11067.01,12992.07,11096.10,50947.08,27812.99,50947.08,21748.99,10.83854269,5,1.000000
BO,20260607,45,3,6,bo_r45_003_tl118_dt184_ge36_qr96_tau88,118,184,36,0.96,0.88,270.30,91.20,26728.32,-288099.71,341556.35,50947.08,50947.08,16693.30,11107.08,12995.81,11063.50,50947.08,27549.82,50947.08,21726.10,10.83854269,5,1.000000
BO,20260607,45,4,6,bo_r45_004_tl85_dt4_ge47_qr99_tau82,85,4,47,0.99,0.82,248.05,91.20,26728.32,-288099.71,341556.35,50149.13,50149.13,15490.11,10401.75,12387.27,10551.76,50149.13,26754.43,50149.13,20955.74,10.82275645,5,0.984338
BO,20260607,45,5,6,bo_r45_005_tl74_dt97_ge42_qr87_tau90,74,97,42,0.87,0.9,180.76,91.20,26728.32,-288099.71,341556.35,50098.98,50098.98,14691.19,9999.15,12114.69,10409.20,50098.98,27048.14,50098.98,20726.89,10.82175586,5,0.983353
BO,20260607,45,6,6,bo_r45_006_tl102_dt48_ge33_qr72_tau90,102,48,33,0.72,0.9,156.11,91.20,26728.32,-288099.71,341556.35,49924.42,49924.42,15817.92,10551.61,12468.45,10564.26,49924.42,26442.29,49924.42,20961.49,10.81826554,5,0.979927
BO,20260607,46,1,6,bo_r46_001_tl86_dt187_ge49_qr97_tau88,86,187,49,0.97,0.88,282.57,91.20,26139.33,-285265.13,337543.78,50521.94,50521.94,15314.08,10356.90,12398.99,10651.93,50521.94,27367.38,50521.94,21101.87,10.83016307,5,1.000000
BO,20260607,46,2,6,bo_r46_002_tl113_dt77_ge34_qr94_tau88,113,77,34,0.94,0.88,253.60,91.20,26139.33,-285265.13,337543.78,50521.94,50521.94,16601.33,11064.89,12956.79,11059.54,50521.94,27635.50,50521.94,21640.00,10.83016307,5,1.000000
BO,20260607,46,3,6,bo_r46_003_tl120_dt149_ge36_qr92_tau89,120,149,36,0.92,0.89,270.30,91.20,26139.33,-285265.13,337543.78,50521.94,50521.94,16883.39,11223.95,13086.88,11160.67,50521.94,27743.45,50521.94,21770.05,10.83016307,5,1.000000
BO,20260607,46,4,6,bo_r46_004_tl121_dt11_ge33_qr87_tau88,121,11,33,0.87,0.88,159.66,91.20,26139.33,-285265.13,337543.78,50521.94,50521.94,17212.92,11406.89,13233.06,11270.09,50521.94,27833.26,50521.94,21913.03,10.83016307,5,1.000000
BO,20260607,46,5,6,bo_r46_005_tl121_dt148_ge40_qr83_tau89,121,148,40,0.83,0.89,278.48,91.20,26139.33,-285265.13,337543.78,50521.94,50521.94,16977.13,11250.01,13076.50,11113.84,50521.94,27444.21,50521.94,21730.60,10.83016307,5,1.000000
BO,20260607,46,6,6,bo_r46_006_tl122_dt29_ge47_qr62_tau87,122,29,47,0.62,0.87,133.46,91.20,26139.33,-285265.13,337543.78,50521.94,50521.94,17309.28,11364.91,13084.86,11015.67,50521.94,26666.10,50521.94,21660.46,10.83016307,5,1.000000
BO,20260607,47,1,6,bo_r47_001_tl96_dt7_ge50_qr85_tau89,96,7,50,0.85,0.89,160.08,91.20,25576.08,-282513.97,333666.12,50107.58,50107.58,16614.90,11144.32,13091.07,11279.75,50107.58,28537.96,50107.58,21795.93,10.82192754,5,1.000000
BO,20260607,47,2,6,bo_r47_002_tl111_dt141_ge44_qr82_tau90,111,141,44,0.82,0.9,233.62,91.20,25576.08,-282513.97,333666.12,50107.58,50107.58,16579.58,11047.52,12921.02,11036.45,50107.58,27563.45,50107.58,21542.60,10.82192754,5,1.000000
BO,20260607,47,3,6,bo_r47_003_tl113_dt19_ge47_qr80_tau90,113,19,47,0.8,0.9,138.94,91.20,25576.08,-282513.97,333666.12,50107.58,50107.58,17451.68,11611.76,13468.11,11566.38,50107.58,28802.49,50107.58,22168.00,10.82192754,5,1.000000
BO,20260607,47,4,6,bo_r47_004_tl109_dt20_ge38_qr88_tau85,109,20,38,0.88,0.85,138.76,91.20,25576.08,-282513.97,333666.12,50068.93,50068.93,16227.66,10773.38,12607.35,10683.26,50068.93,26482.84,50068.93,21140.57,10.82115593,5,0.999229
BO,20260607,47,5,6,bo_r47_005_tl108_dt62_ge12_qr98_tau90,108,62,12,0.98,0.9,370.61,91.20,25576.08,-282513.97,333666.12,49145.43,49145.43,15221.07,10212.37,12156.39,10342.34,49145.43,26180.77,49145.43,20543.06,10.80253915,5,0.980798
BO,20260607,47,6,6,bo_r47_006_tl109_dt153_ge33_qr90_tau87,109,153,33,0.9,0.87,269.01,91.20,25576.08,-282513.97,333666.12,48822.24,48822.24,15549.70,10356.48,12225.53,10336.51,48822.24,25791.35,48822.24,20513.63,10.79594116,5,0.974348
BO,20260607,48,1,6,bo_r48_001_tl85_dt77_ge39_qr100_tau88,85,77,39,1.0,0.88,294.50,91.20,25036.55,-279842.69,329915.80,49703.72,49703.72,15016.15,10171.23,12195.59,10492.17,49703.72,27032.76,49703.72,20768.60,10.81383498,5,1.000000
BO,20260607,48,2,6,bo_r48_002_tl118_dt55_ge50_qr67_tau86,118,55,50,0.67,0.86,139.54,91.20,25036.55,-279842.69,329915.80,49703.72,49703.72,16829.50,11071.36,12786.93,10774.73,49703.72,26195.27,49703.72,21226.92,10.81383498,5,1.000000
BO,20260607,48,3,6,bo_r48_003_tl101_dt163_ge37_qr100_tau86,101,163,37,1.0,0.86,383.33,91.20,25036.55,-279842.69,329915.80,48896.03,48896.03,15234.01,10207.03,12121.95,10309.09,48896.03,26027.87,48896.03,20466.00,10.79745150,5,0.983750
BO,20260607,48,4,6,bo_r48_004_tl63_dt131_ge39_qr99_tau90,63,131,39,0.99,0.9,275.70,91.20,25036.55,-279842.69,329915.80,48420.67,48420.67,13579.64,9350.14,11511.08,9944.23,48420.67,26345.81,48420.67,19858.59,10.78768202,5,0.974186
BO,20260607,48,5,6,bo_r48_005_tl55_dt39_ge46_qr86_tau88,55,39,46,0.86,0.88,110.28,91.20,25036.55,-279842.69,329915.80,47432.75,47432.75,13399.01,9198.08,11327.38,9728.89,47432.75,25649.26,47432.75,19455.89,10.76706809,5,0.954310
BO,20260607,48,6,6,bo_r48_006_tl99_dt51_ge29_qr73_tau88,99,51,29,0.73,0.88,226.48,91.20,25036.55,-279842.69,329915.80,46786.23,46786.23,14767.55,9841.94,11702.74,9835.76,46786.23,24573.94,46786.23,19584.69,10.75334421,5,0.941302
BO,20260607,49,1,6,bo_r49_001_tl114_dt85_ge38_qr98_tau87,114,85,38,0.98,0.87,208.97,91.20,24519.92,-277246.64,326286.49,49309.61,49309.61,16442.43,10953.65,12794.79,10937.71,49309.61,27304.45,49309.61,21290.44,10.80587422,5,1.000000
BO,20260607,49,2,6,bo_r49_002_tl117_dt170_ge45_qr95_tau84,117,170,45,0.95,0.84,238.68,91.20,24519.92,-277246.64,326286.49,49309.61,49309.61,16199.27,10724.61,12498.82,10574.81,49309.61,26062.54,49309.61,20894.94,10.80587422,5,1.000000
BO,20260607,49,3,6,bo_r49_003_tl122_dt99_ge46_qr60_tau89,122,99,46,0.6,0.89,303.72,91.20,24519.92,-277246.64,326286.49,49309.61,49309.61,16681.32,10971.41,12671.05,10672.47,49309.61,25933.83,49309.61,21039.95,10.80587422,5,1.000000
BO,20260607,49,4,6,bo_r49_004_tl121_dt177_ge31_qr90_tau87,121,177,31,0.9,0.87,288.71,91.20,24519.92,-277246.64,326286.49,48439.62,48439.62,15813.91,10472.15,12250.81,10331.25,48439.62,25475.85,48439.62,20463.93,10.78807328,5,0.982357
BO,20260607,49,5,6,bo_r49_005_tl110_dt5_ge43_qr84_tau81,110,5,43,0.84,0.81,257.36,91.20,24519.92,-277246.64,326286.49,47712.78,47712.78,15829.20,10434.37,12165.05,10197.51,47712.78,24901.64,47712.78,20206.76,10.77295466,5,0.967616
BO,20260607,49,6,6,bo_r49_006_tl64_dt200_ge39_qr100_tau90,64,200,39,1.0,0.9,275.70,91.20,24519.92,-277246.64,326286.49,47334.60,47334.60,13218.64,9105.45,11247.59,9691.51,47334.60,25693.92,47334.60,19381.95,10.76499672,5,0.959947
BO,20260607,50,1,6,bo_r50_001_tl100_dt0_ge47_qr96_tau87,100,0,47,0.96,0.87,242.84,91.20,24024.87,-274722.22,322771.95,48924.82,48924.82,16350.03,10955.57,12845.79,11066.66,48924.82,27944.38,48924.82,21347.88,10.79804017,5,1.000000
BO,20260607,50,2,6,bo_r50_002_tl104_dt46_ge46_qr82_tau88,104,46,46,0.82,0.88,228.82,91.20,24024.87,-274722.22,322771.95,48924.82,48924.82,16099.05,10734.87,12571.71,10739.20,48924.82,26858.83,48924.82,20988.08,10.79804017,5,1.000000
BO,20260607,50,3,6,bo_r50_003_tl108_dt130_ge44_qr85_tau89,108,130,44,0.85,0.89,233.62,91.20,24024.87,-274722.22,322771.95,48924.82,48924.82,16008.19,10678.09,12518.74,10690.02,48924.82,26754.89,48924.82,20929.13,10.79804017,5,1.000000
BO,20260607,50,4,6,bo_r50_004_tl114_dt135_ge48_qr85_tau86,114,135,48,0.85,0.86,283.59,91.20,24024.87,-274722.22,322771.95,48924.82,48924.82,16236.70,10759.07,12528.36,10628.29,48924.82,26243.77,48924.82,20886.84,10.79804017,5,1.000000
BO,20260607,50,5,6,bo_r50_005_tl119_dt162_ge37_qr96_tau90,119,162,37,0.96,0.9,383.33,91.20,24024.87,-274722.22,322771.95,48924.82,48924.82,16498.38,11000.51,12836.77,11003.67,48924.82,27517.10,48924.82,21296.88,10.79804017,5,1.000000
BO,20260607,50,6,6,bo_r50_006_tl94_dt89_ge33_qr95_tau89,94,89,33,0.95,0.89,209.80,91.20,24024.87,-274722.22,322771.95,48889.13,48889.13,14922.72,10058.26,12002.72,10277.82,48889.13,26243.46,48889.13,20399.02,10.79731040,5,0.999270
