method,seed,round,round_theta_index,theta_per_round,parameter_id,t_lead,delta_T_thr,G_ext,Q_ratio,tau,delay_A,delay_N,score,best_so_far,penalty,final_status,failure_reason,termination_reason,emergency_arrived,emergency_teleport,background_teleported,signal_event_count,stage2_hold_count,stage3_preemption_count,surrogate_mean,surrogate_ci_low,surrogate_ci_high,acquisition,essi_acquisition,essi_1,essi_2,essi_3,essi_4,essi_5,essi_6,essi_max,essi_mean,essi_log_max,dominant_essi_subspace,spatial_activation_score,raw_score,essi_log_max_ewma,essi_spc_status,essi_stop_recommended
CMA-ES,20260607,1,1,6,cma_r01_001_tl34_dt25_ge1_qr76_tau84,34,25,1,0.76,0.84,158.92,73.97,151.20,151.20,0.00,PASS,,recovery_detected,True,False,0,2599,0,46,,,,,,,,,,,,,,,,,151.20,,,
CMA-ES,20260607,1,2,6,cma_r01_002_tl62_dt161_ge20_qr0_tau90,62,161,20,0.0,0.9,495.92,92.10,459.21,151.20,0.00,PASS,,recovery_detected,True,False,0,587,1,69,,,,,,,,,,,,,,,,,459.21,,,
CMA-ES,20260607,1,3,6,cma_r01_003_tl37_dt202_ge8_qr64_tau71,37,202,8,0.64,0.71,281.92,90.01,264.47,151.20,0.00,PASS,,recovery_detected,True,False,0,715,0,70,,,,,,,,,,,,,,,,,264.47,,,
CMA-ES,20260607,1,4,6,cma_r01_004_tl46_dt177_ge39_qr53_tau72,46,177,39,0.53,0.72,274.92,81.03,257.29,151.20,0.00,PASS,,recovery_detected,True,False,0,245,0,32,,,,,,,,,,,,,,,,,257.29,,,
CMA-ES,20260607,1,5,6,cma_r01_005_tl27_dt216_ge25_qr60_tau87,27,216,25,0.6,0.87,181.92,77.39,172.42,151.20,0.00,PASS,,recovery_detected,True,False,0,429,0,37,,,,,,,,,,,,,,,,,172.42,,,
CMA-ES,20260607,1,6,6,cma_r01_006_tl96_dt196_ge43_qr0_tau75,96,196,43,0.0,0.75,217.92,82.47,205.61,151.20,0.00,PASS,,recovery_detected,True,False,0,273,1,29,,,,,,,,,,,,,,,,,205.61,,,
CMA-ES,20260607,2,1,6,cma_r02_001_tl52_dt120_ge13_qr79_tau82,52,120,13,0.79,0.82,309.92,89.75,289.90,151.20,0.00,PASS,,recovery_detected,True,False,0,579,0,62,,,,,,,,,,,,,,,,,289.90,,,
CMA-ES,20260607,2,2,6,cma_r02_002_tl10_dt50_ge12_qr90_tau84,10,50,12,0.9,0.84,182.92,80.87,173.64,151.20,0.00,PASS,,recovery_detected,True,False,0,1437,0,44,,,,,,,,,,,,,,,,,173.64,,,
CMA-ES,20260607,2,3,6,cma_r02_003_tl40_dt105_ge31_qr13_tau78,40,105,31,0.13,0.78,194.92,91.82,185.55,151.20,0.00,PASS,,recovery_detected,True,False,0,313,1,32,,,,,,,,,,,,,,,,,185.55,,,
CMA-ES,20260607,2,4,6,cma_r02_004_tl24_dt167_ge17_qr99_tau82,24,167,17,0.99,0.82,297.92,90.00,279.02,151.20,0.00,PASS,,recovery_detected,True,False,0,678,0,54,,,,,,,,,,,,,,,,,279.02,,,
CMA-ES,20260607,2,5,6,cma_r02_005_tl60_dt6_ge11_qr71_tau81,60,6,11,0.71,0.81,181.92,95.17,174.03,151.20,0.00,PASS,,recovery_detected,True,False,0,4138,0,20,,,,,,,,,,,,,,,,,174.03,,,
CMA-ES,20260607,2,6,6,cma_r02_006_tl52_dt1_ge20_qr49_tau72,52,1,20,0.49,0.72,264.92,89.58,248.98,151.20,0.00,PASS,,recovery_detected,True,False,0,4656,0,18,,,,,,,,,,,,,,,,,248.98,,,
CMA-ES,20260607,3,1,6,cma_r03_001_tl31_dt95_ge24_qr58_tau86,31,95,24,0.58,0.86,307.92,81.40,287.33,151.20,0.00,PASS,,recovery_detected,True,False,0,717,0,44,,,,,,,,,,,,,,,,,287.33,,,
CMA-ES,20260607,3,2,6,cma_r03_002_tl53_dt99_ge28_qr75_tau87,53,99,28,0.75,0.87,215.92,75.22,203.13,151.20,0.00,PASS,,recovery_detected,True,False,0,299,0,36,,,,,,,,,,,,,,,,,203.13,,,
CMA-ES,20260607,3,3,6,cma_r03_003_tl58_dt5_ge9_qr81_tau81,58,5,9,0.81,0.81,264.92,81.74,248.27,151.20,0.00,PASS,,recovery_detected,True,False,0,4853,0,21,,,,,,,,,,,,,,,,,248.27,,,
CMA-ES,20260607,3,4,6,cma_r03_004_tl2_dt119_ge9_qr88_tau86,2,119,9,0.88,0.86,232.92,77.37,218.78,151.20,0.00,PASS,,recovery_detected,True,False,0,847,0,57,,,,,,,,,,,,,,,,,218.78,,,
CMA-ES,20260607,3,5,6,cma_r03_005_tl76_dt23_ge28_qr99_tau82,76,23,28,0.99,0.82,177.92,75.87,168.64,151.20,0.00,PASS,,recovery_detected,True,False,0,2762,0,24,,,,,,,,,,,,,,,,,168.64,,,
CMA-ES,20260607,3,6,6,cma_r03_006_tl64_dt60_ge28_qr19_tau80,64,60,28,0.19,0.8,157.92,84.31,151.23,151.20,0.00,PASS,,recovery_detected,True,False,0,731,1,29,,,,,,,,,,,,,,,,,151.23,,,
CMA-ES,20260607,4,1,6,cma_r04_001_tl45_dt81_ge19_qr79_tau78,45,81,19,0.79,0.78,380.92,93.97,354.83,151.20,0.00,PASS,,recovery_detected,True,False,0,733,0,58,,,,,,,,,,,,,,,,,354.83,,,
CMA-ES,20260607,4,2,6,cma_r04_002_tl61_dt142_ge49_qr59_tau76,61,142,49,0.59,0.76,302.92,79.03,282.57,151.20,0.00,PASS,,recovery_detected,True,False,0,347,0,31,,,,,,,,,,,,,,,,,282.57,,,
CMA-ES,20260607,4,3,6,cma_r04_003_tl30_dt9_ge30_qr21_tau82,30,9,30,0.21,0.82,145.92,82.38,140.14,140.14,0.00,PASS,,recovery_detected,True,False,0,3030,1,17,,,,,,,,,,,,,,,,,140.14,,,
CMA-ES,20260607,4,4,6,cma_r04_004_tl53_dt95_ge29_qr47_tau86,53,95,29,0.47,0.86,266.92,80.06,249.93,140.14,0.00,PASS,,recovery_detected,True,False,0,608,0,38,,,,,,,,,,,,,,,,,249.93,,,
CMA-ES,20260607,4,5,6,cma_r04_005_tl35_dt74_ge29_qr84_tau90,35,74,29,0.84,0.9,283.92,85.81,265.91,140.14,0.00,PASS,,recovery_detected,True,False,0,527,0,39,,,,,,,,,,,,,,,,,265.91,,,
CMA-ES,20260607,4,6,6,cma_r04_006_tl65_dt70_ge27_qr69_tau82,65,70,27,0.69,0.82,344.92,84.99,321.29,140.14,0.00,PASS,,recovery_detected,True,False,0,940,0,45,,,,,,,,,,,,,,,,,321.29,,,
CMA-ES,20260607,5,1,6,cma_r05_001_tl115_dt27_ge37_qr12_tau85,115,27,37,0.12,0.85,113.92,80.47,110.88,110.88,0.00,PASS,,recovery_detected,True,False,0,1713,1,19,,,,,,,,,,,,,,,,,110.88,,,
CMA-ES,20260607,5,2,6,cma_r05_002_tl20_dt0_ge30_qr24_tau78,20,0,30,0.24,0.78,268.92,85.66,252.26,110.88,0.00,PASS,,recovery_detected,True,False,0,408,1,40,,,,,,,,,,,,,,,,,252.26,,,
CMA-ES,20260607,5,3,6,cma_r05_003_tl31_dt77_ge29_qr0_tau80,31,77,29,0.0,0.8,188.92,83.82,179.37,110.88,0.00,PASS,,recovery_detected,True,False,0,497,1,36,,,,,,,,,,,,,,,,,179.37,,,
CMA-ES,20260607,5,4,6,cma_r05_004_tl48_dt120_ge42_qr55_tau81,48,120,42,0.55,0.81,281.92,79.19,263.49,110.88,0.00,PASS,,recovery_detected,True,False,0,366,0,31,,,,,,,,,,,,,,,,,263.49,,,
CMA-ES,20260607,5,5,6,cma_r05_005_tl24_dt1_ge17_qr76_tau88,24,1,17,0.76,0.88,264.92,89.58,248.98,110.88,0.00,PASS,,recovery_detected,True,False,0,4656,0,18,,,,,,,,,,,,,,,,,248.98,,,
CMA-ES,20260607,5,6,6,cma_r05_006_tl13_dt21_ge50_qr14_tau76,13,21,50,0.14,0.76,138.92,84.58,133.98,110.88,0.00,PASS,,recovery_detected,True,False,0,2529,1,17,,,,,,,,,,,,,,,,,133.98,,,
CMA-ES,20260607,6,1,6,cma_r06_001_tl61_dt24_ge28_qr36_tau88,61,24,28,0.36,0.88,177.92,82.54,169.25,110.88,0.00,PASS,,recovery_detected,True,False,0,2699,0,26,,,,,,,,,,,,,,,,,169.25,,,
CMA-ES,20260607,6,2,6,cma_r06_002_tl58_dt63_ge49_qr39_tau86,58,63,49,0.39,0.86,210.92,76.36,198.69,110.88,0.00,PASS,,recovery_detected,True,False,0,714,0,28,,,,,,,,,,,,,,,,,198.69,,,
CMA-ES,20260607,6,3,6,cma_r06_003_tl88_dt0_ge37_qr4_tau80,88,0,37,0.04,0.8,304.92,96.08,285.93,110.88,0.00,PASS,,recovery_detected,True,False,0,250,1,36,,,,,,,,,,,,,,,,,285.93,,,
CMA-ES,20260607,6,4,6,cma_r06_004_tl78_dt9_ge36_qr14_tau82,78,9,36,0.14,0.82,145.92,82.38,140.14,110.88,0.00,PASS,,recovery_detected,True,False,0,3030,1,17,,,,,,,,,,,,,,,,,140.14,,,
CMA-ES,20260607,6,5,6,cma_r06_005_tl38_dt2_ge48_qr8_tau86,38,2,48,0.08,0.86,262.92,86.61,246.89,110.88,0.00,PASS,,recovery_detected,True,False,0,4586,1,17,,,,,,,,,,,,,,,,,246.89,,,
CMA-ES,20260607,6,6,6,cma_r06_006_tl66_dt19_ge29_qr36_tau83,66,19,29,0.36,0.83,143.92,76.96,137.83,110.88,0.00,PASS,,recovery_detected,True,False,0,2735,0,20,,,,,,,,,,,,,,,,,137.83,,,
CMA-ES,20260607,7,1,6,cma_r07_001_tl117_dt25_ge19_qr17_tau75,117,25,19,0.17,0.75,93.92,79.96,92.65,92.65,0.00,PASS,,recovery_detected,True,False,0,1947,1,29,,,,,,,,,,,,,,,,,92.65,,,
CMA-ES,20260607,7,2,6,cma_r07_002_tl94_dt5_ge32_qr14_tau88,94,5,32,0.14,0.88,161.92,93.25,155.68,92.65,0.00,PASS,,recovery_detected,True,False,0,3229,1,18,,,,,,,,,,,,,,,,,155.68,,,
CMA-ES,20260607,7,3,6,cma_r07_003_tl55_dt40_ge24_qr28_tau86,55,40,24,0.28,0.86,169.92,87.97,162.47,92.65,0.00,PASS,,recovery_detected,True,False,0,1555,1,29,,,,,,,,,,,,,,,,,162.47,,,
CMA-ES,20260607,7,4,6,cma_r07_004_tl61_dt87_ge16_qr70_tau85,61,87,16,0.7,0.85,248.92,99.46,235.33,92.65,0.00,PASS,,recovery_detected,True,False,0,646,0,52,,,,,,,,,,,,,,,,,235.33,,,
CMA-ES,20260607,7,5,6,cma_r07_005_tl51_dt19_ge20_qr29_tau83,51,19,20,0.29,0.83,145.92,90.16,140.85,92.65,0.00,PASS,,recovery_detected,True,False,0,2772,1,20,,,,,,,,,,,,,,,,,140.85,,,
CMA-ES,20260607,7,6,6,cma_r07_006_tl36_dt1_ge49_qr22_tau81,36,1,49,0.22,0.81,262.92,100.32,248.14,92.65,0.00,PASS,,recovery_detected,True,False,0,4598,1,17,,,,,,,,,,,,,,,,,248.14,,,
CMA-ES,20260607,8,1,6,cma_r08_001_tl118_dt53_ge17_qr1_tau75,118,53,17,0.01,0.75,230.92,87.42,217.87,92.65,0.00,PASS,,recovery_detected,True,False,0,1156,1,46,,,,,,,,,,,,,,,,,217.87,,,
CMA-ES,20260607,8,2,6,cma_r08_002_tl100_dt4_ge28_qr4_tau79,100,4,28,0.04,0.79,173.92,99.41,167.15,92.65,0.00,PASS,,recovery_detected,True,False,0,4119,1,18,,,,,,,,,,,,,,,,,167.15,,,
CMA-ES,20260607,8,3,6,cma_r08_003_tl75_dt0_ge24_qr11_tau81,75,0,24,0.11,0.81,278.92,91.27,261.86,92.65,0.00,PASS,,recovery_detected,True,False,0,303,1,44,,,,,,,,,,,,,,,,,261.86,,,
CMA-ES,20260607,8,4,6,cma_r08_004_tl121_dt13_ge38_qr25_tau75,121,13,38,0.25,0.75,158.92,85.95,152.29,92.65,0.00,PASS,,recovery_detected,True,False,0,2942,1,17,,,,,,,,,,,,,,,,,152.29,,,
CMA-ES,20260607,8,5,6,cma_r08_005_tl105_dt71_ge32_qr26_tau74,105,71,32,0.26,0.74,277.92,83.99,260.29,92.65,0.00,PASS,,recovery_detected,True,False,0,687,1,40,,,,,,,,,,,,,,,,,260.29,,,
CMA-ES,20260607,8,6,6,cma_r08_006_tl100_dt38_ge6_qr8_tau76,100,38,6,0.08,0.76,141.92,85.48,136.79,92.65,0.00,PASS,,recovery_detected,True,False,0,1816,1,42,,,,,,,,,,,,,,,,,136.79,,,
CMA-ES,20260607,9,1,6,cma_r09_001_tl121_dt43_ge26_qr7_tau73,121,43,26,0.07,0.73,109.92,82.30,107.41,92.65,0.00,PASS,,recovery_detected,True,False,0,1125,1,30,,,,,,,,,,,,,,,,,107.41,,,
CMA-ES,20260607,9,2,6,cma_r09_002_tl88_dt22_ge16_qr17_tau76,88,22,16,0.17,0.76,144.92,83.85,139.37,92.65,0.00,PASS,,recovery_detected,True,False,0,2724,1,26,,,,,,,,,,,,,,,,,139.37,,,
CMA-ES,20260607,9,3,6,cma_r09_003_tl100_dt89_ge9_qr7_tau74,100,89,9,0.07,0.74,279.92,97.48,263.33,92.65,0.00,PASS,,recovery_detected,True,False,0,947,1,67,,,,,,,,,,,,,,,,,263.33,,,
CMA-ES,20260607,9,4,6,cma_r09_004_tl118_dt31_ge28_qr18_tau74,118,31,28,0.18,0.74,144.92,88.45,139.79,92.65,0.00,PASS,,recovery_detected,True,False,0,2433,1,24,,,,,,,,,,,,,,,,,139.79,,,
CMA-ES,20260607,9,5,6,cma_r09_005_tl104_dt18_ge38_qr15_tau78,104,18,38,0.15,0.78,164.92,92.87,158.37,92.65,0.00,PASS,,recovery_detected,True,False,0,2995,1,20,,,,,,,,,,,,,,,,,158.37,,,
CMA-ES,20260607,9,6,6,cma_r09_006_tl100_dt4_ge14_qr1_tau74,100,4,14,0.01,0.74,173.92,99.41,167.15,92.65,0.00,PASS,,recovery_detected,True,False,0,4109,1,20,,,,,,,,,,,,,,,,,167.15,,,
CMA-ES,20260607,10,1,6,cma_r10_001_tl122_dt15_ge50_qr1_tau73,122,15,50,0.01,0.73,137.92,83.00,132.93,92.65,0.00,PASS,,recovery_detected,True,False,0,2591,1,18,,,,,,,,,,,,,,,,,132.93,,,
CMA-ES,20260607,10,2,6,cma_r10_002_tl101_dt35_ge39_qr0_tau80,101,35,39,0.0,0.8,115.92,93.78,113.91,92.65,0.00,PASS,,recovery_detected,True,False,0,1515,1,21,,,,,,,,,,,,,,,,,113.91,,,
CMA-ES,20260607,10,3,6,cma_r10_003_tl101_dt107_ge34_qr14_tau75,101,107,34,0.14,0.75,301.92,92.18,282.85,92.65,0.00,PASS,,recovery_detected,True,False,0,368,1,38,,,,,,,,,,,,,,,,,282.85,,,
CMA-ES,20260607,10,4,6,cma_r10_004_tl118_dt45_ge30_qr0_tau74,118,45,30,0.0,0.74,0.00,100.37,1000009.12,92.65,1000000.00,FAIL,Connection closed by SUMO.,,False,False,0,0,0,0,,,,,,,,,,,,,,,,,9.12,,,
CMA-ES,20260607,10,5,6,cma_r10_005_tl90_dt54_ge28_qr26_tau77,90,54,28,0.26,0.77,222.92,89.43,210.78,92.65,0.00,PASS,,recovery_detected,True,False,0,799,1,37,,,,,,,,,,,,,,,,,210.78,,,
CMA-ES,20260607,10,6,6,cma_r10_006_tl109_dt87_ge14_qr29_tau81,109,87,14,0.29,0.81,291.92,89.18,273.49,92.65,0.00,PASS,,recovery_detected,True,False,0,511,1,58,,,,,,,,,,,,,,,,,273.49,,,
CMA-ES,20260607,11,1,6,cma_r11_001_tl118_dt0_ge35_qr4_tau84,118,0,35,0.04,0.84,190.92,91.92,181.92,92.65,0.00,PASS,,recovery_detected,True,False,0,224,1,31,,,,,,,,,,,,,,,,,181.92,,,
CMA-ES,20260607,11,2,6,cma_r11_002_tl117_dt3_ge47_qr3_tau79,117,3,47,0.03,0.79,181.92,85.83,173.18,92.65,0.00,PASS,,recovery_detected,True,False,0,4220,1,17,,,,,,,,,,,,,,,,,173.18,,,
CMA-ES,20260607,11,3,6,cma_r11_003_tl122_dt81_ge33_qr9_tau79,122,81,33,0.09,0.79,356.92,83.46,332.06,92.65,0.00,PASS,,recovery_detected,True,False,0,443,1,41,,,,,,,,,,,,,,,,,332.06,,,
CMA-ES,20260607,11,4,6,cma_r11_004_tl73_dt55_ge19_qr10_tau76,73,55,19,0.1,0.76,0.00,62.66,1000005.70,92.65,1000000.00,FAIL,Connection closed by SUMO.,,False,False,0,0,0,0,,,,,,,,,,,,,,,,,5.70,,,
CMA-ES,20260607,11,5,6,cma_r11_005_tl85_dt38_ge46_qr8_tau82,85,38,46,0.08,0.82,115.92,97.14,114.21,92.65,0.00,PASS,,recovery_detected,True,False,0,1333,1,20,,,,,,,,,,,,,,,,,114.21,,,
CMA-ES,20260607,11,6,6,cma_r11_006_tl97_dt86_ge50_qr16_tau79,97,86,50,0.16,0.79,209.92,82.00,198.29,92.65,0.00,PASS,,recovery_detected,True,False,0,168,1,28,,,,,,,,,,,,,,,,,198.29,,,
CMA-ES,20260607,12,1,6,cma_r12_001_tl121_dt62_ge28_qr6_tau79,121,62,28,0.06,0.79,234.92,85.79,221.36,92.65,0.00,PASS,,recovery_detected,True,False,0,664,1,36,,,,,,,,,,,,,,,,,221.36,,,
CMA-ES,20260607,12,2,6,cma_r12_002_tl105_dt0_ge46_qr17_tau78,105,0,46,0.17,0.78,326.92,88.22,305.22,92.65,0.00,PASS,,recovery_detected,True,False,0,424,1,34,,,,,,,,,,,,,,,,,305.22,,,
CMA-ES,20260607,12,3,6,cma_r12_003_tl97_dt39_ge39_qr18_tau78,97,39,39,0.18,0.78,114.92,94.37,113.05,92.65,0.00,PASS,,recovery_detected,True,False,0,1368,1,22,,,,,,,,,,,,,,,,,113.05,,,
CMA-ES,20260607,12,4,6,cma_r12_004_tl120_dt54_ge34_qr2_tau78,120,54,34,0.02,0.78,165.92,89.39,158.96,92.65,0.00,PASS,,recovery_detected,True,False,0,821,1,28,,,,,,,,,,,,,,,,,158.96,,,
CMA-ES,20260607,12,5,6,cma_r12_005_tl70_dt2_ge39_qr23_tau86,70,2,39,0.23,0.86,262.92,86.61,246.89,92.65,0.00,PASS,,recovery_detected,True,False,0,4586,1,17,,,,,,,,,,,,,,,,,246.89,,,
CMA-ES,20260607,12,6,6,cma_r12_006_tl88_dt3_ge49_qr17_tau80,88,3,49,0.17,0.8,181.92,85.83,173.18,92.65,0.00,PASS,,recovery_detected,True,False,0,4220,1,17,,,,,,,,,,,,,,,,,173.18,,,
CMA-ES,20260607,13,1,6,cma_r13_001_tl102_dt30_ge43_qr20_tau79,102,30,43,0.2,0.79,94.92,87.54,94.25,92.65,0.00,PASS,,recovery_detected,True,False,0,1623,1,17,,,,,,,,,,,,,,,,,94.25,,,
CMA-ES,20260607,13,2,6,cma_r13_002_tl122_dt39_ge50_qr5_tau77,122,39,50,0.05,0.77,114.92,97.41,113.33,92.65,0.00,PASS,,recovery_detected,True,False,0,1314,1,18,,,,,,,,,,,,,,,,,113.33,,,
CMA-ES,20260607,13,3,6,cma_r13_003_tl90_dt52_ge42_qr12_tau75,90,52,42,0.12,0.75,230.92,89.10,218.03,92.65,0.00,PASS,,recovery_detected,True,False,0,799,1,29,,,,,,,,,,,,,,,,,218.03,,,
CMA-ES,20260607,13,4,6,cma_r13_004_tl99_dt4_ge48_qr29_tau78,99,4,48,0.29,0.78,173.92,99.41,167.15,92.65,0.00,PASS,,recovery_detected,True,False,0,4119,1,18,,,,,,,,,,,,,,,,,167.15,,,
CMA-ES,20260607,13,5,6,cma_r13_005_tl102_dt7_ge39_qr0_tau80,102,7,39,0.0,0.8,163.92,84.28,156.68,92.65,0.00,PASS,,recovery_detected,True,False,0,3189,1,18,,,,,,,,,,,,,,,,,156.68,,,
CMA-ES,20260607,13,6,6,cma_r13_006_tl58_dt35_ge30_qr41_tau84,58,35,30,0.41,0.84,138.92,84.00,133.93,92.65,0.00,PASS,,recovery_detected,True,False,0,1733,0,25,,,,,,,,,,,,,,,,,133.93,,,
CMA-ES,20260607,14,1,6,cma_r14_001_tl80_dt51_ge48_qr5_tau82,80,51,48,0.05,0.82,205.92,94.86,195.82,92.65,0.00,PASS,,recovery_detected,True,False,0,950,1,27,,,,,,,,,,,,,,,,,195.82,,,
CMA-ES,20260607,14,2,6,cma_r14_002_tl67_dt30_ge50_qr33_tau82,67,30,50,0.33,0.82,144.92,82.35,139.23,92.65,0.00,PASS,,recovery_detected,True,False,0,2211,0,18,,,,,,,,,,,,,,,,,139.23,,,
CMA-ES,20260607,14,3,6,cma_r14_003_tl99_dt27_ge50_qr24_tau80,99,27,50,0.24,0.8,95.92,82.03,94.66,92.65,0.00,PASS,,recovery_detected,True,False,0,1713,1,17,,,,,,,,,,,,,,,,,94.66,,,
CMA-ES,20260607,14,4,6,cma_r14_004_tl71_dt31_ge30_qr27_tau78,71,31,30,0.27,0.78,94.92,88.26,94.31,92.65,0.00,PASS,,recovery_detected,True,False,0,1658,1,21,,,,,,,,,,,,,,,,,94.31,,,
CMA-ES,20260607,14,5,6,cma_r14_005_tl114_dt60_ge49_qr6_tau77,114,60,49,0.06,0.77,163.92,83.33,156.59,92.65,0.00,PASS,,recovery_detected,True,False,0,487,1,25,,,,,,,,,,,,,,,,,156.59,,,
CMA-ES,20260607,14,6,6,cma_r14_006_tl119_dt44_ge33_qr15_tau77,119,44,33,0.15,0.77,0.00,98.89,1000008.99,92.65,1000000.00,FAIL,Connection closed by SUMO.,,False,False,0,0,0,0,,,,,,,,,,,,,,,,,8.99,,,
CMA-ES,20260607,15,1,6,cma_r15_001_tl99_dt6_ge41_qr28_tau80,99,6,41,0.28,0.8,161.92,92.62,155.62,92.65,0.00,PASS,,recovery_detected,True,False,0,3214,1,18,,,,,,,,,,,,,,,,,155.62,,,
CMA-ES,20260607,15,2,6,cma_r15_002_tl86_dt16_ge29_qr42_tau78,86,16,29,0.42,0.78,144.92,79.95,139.01,92.65,0.00,PASS,,recovery_detected,True,False,0,2877,0,19,,,,,,,,,,,,,,,,,139.01,,,
CMA-ES,20260607,15,3,6,cma_r15_003_tl58_dt9_ge49_qr43_tau82,58,9,49,0.43,0.82,165.92,79.51,158.06,92.65,0.00,PASS,,recovery_detected,True,False,0,3544,0,18,,,,,,,,,,,,,,,,,158.06,,,
CMA-ES,20260607,15,4,6,cma_r15_004_tl56_dt32_ge38_qr30_tau80,56,32,38,0.3,0.8,114.92,99.13,113.48,92.65,0.00,PASS,,recovery_detected,True,False,0,1722,1,20,,,,,,,,,,,,,,,,,113.48,,,
CMA-ES,20260607,15,5,6,cma_r15_005_tl62_dt2_ge49_qr47_tau82,62,2,49,0.47,0.82,262.92,87.71,246.99,92.65,0.00,PASS,,recovery_detected,True,False,0,4650,0,17,,,,,,,,,,,,,,,,,246.99,,,
CMA-ES,20260607,15,6,6,cma_r15_006_tl66_dt31_ge42_qr23_tau80,66,31,42,0.23,0.8,114.92,92.33,112.87,92.65,0.00,PASS,,recovery_detected,True,False,0,1736,1,17,,,,,,,,,,,,,,,,,112.87,,,
CMA-ES,20260607,16,1,6,cma_r16_001_tl50_dt16_ge32_qr18_tau78,50,16,32,0.18,0.78,138.92,83.54,133.89,92.65,0.00,PASS,,recovery_detected,True,False,0,2561,1,18,,,,,,,,,,,,,,,,,133.89,,,
CMA-ES,20260607,16,2,6,cma_r16_002_tl66_dt30_ge44_qr26_tau81,66,30,44,0.26,0.81,94.92,87.54,94.25,92.65,0.00,PASS,,recovery_detected,True,False,0,1623,1,17,,,,,,,,,,,,,,,,,94.25,,,
CMA-ES,20260607,16,3,6,cma_r16_003_tl58_dt49_ge39_qr39_tau83,58,49,39,0.39,0.83,159.92,84.58,153.07,92.65,0.00,PASS,,recovery_detected,True,False,0,1213,0,25,,,,,,,,,,,,,,,,,153.07,,,
CMA-ES,20260607,16,4,6,cma_r16_004_tl73_dt52_ge36_qr16_tau78,73,52,36,0.16,0.78,254.92,86.84,239.64,92.65,0.00,PASS,,recovery_detected,True,False,0,946,1,34,,,,,,,,,,,,,,,,,239.64,,,
CMA-ES,20260607,16,5,6,cma_r16_005_tl44_dt37_ge36_qr39_tau83,44,37,36,0.39,0.83,0.00,67.75,1000006.16,92.65,1000000.00,FAIL,Connection closed by SUMO.,,False,False,0,0,0,0,,,,,,,,,,,,,,,,,6.16,,,
CMA-ES,20260607,16,6,6,cma_r16_006_tl19_dt52_ge41_qr41_tau82,19,52,41,0.41,0.82,172.92,84.12,164.85,92.65,0.00,PASS,,recovery_detected,True,False,0,1322,0,27,,,,,,,,,,,,,,,,,164.85,,,
CMA-ES,20260607,17,1,6,cma_r17_001_tl44_dt8_ge39_qr21_tau82,44,8,39,0.21,0.82,162.92,81.93,155.56,92.65,0.00,PASS,,recovery_detected,True,False,0,3174,1,18,,,,,,,,,,,,,,,,,155.56,,,
CMA-ES,20260607,17,2,6,cma_r17_002_tl63_dt22_ge36_qr33_tau82,63,22,36,0.33,0.82,141.92,76.53,135.98,92.65,0.00,PASS,,recovery_detected,True,False,0,2435,0,17,,,,,,,,,,,,,,,,,135.98,,,
CMA-ES,20260607,17,3,6,cma_r17_003_tl50_dt57_ge44_qr7_tau81,50,57,44,0.07,0.81,91.92,81.18,90.94,90.94,0.00,PASS,,recovery_detected,True,False,0,372,1,22,,,,,,,,,,,,,,,,,90.94,,,
CMA-ES,20260607,17,4,6,cma_r17_004_tl47_dt38_ge39_qr36_tau81,47,38,39,0.36,0.81,189.92,83.62,180.26,90.94,0.00,PASS,,recovery_detected,True,False,0,1499,0,27,,,,,,,,,,,,,,,,,180.26,,,
CMA-ES,20260607,17,5,6,cma_r17_005_tl45_dt40_ge39_qr33_tau83,45,40,39,0.33,0.83,0.00,89.18,1000008.11,90.94,1000000.00,FAIL,Connection closed by SUMO.,,False,False,0,0,0,0,,,,,,,,,,,,,,,,,8.11,,,
CMA-ES,20260607,17,6,6,cma_r17_006_tl59_dt1_ge39_qr21_tau84,59,1,39,0.21,0.84,262.92,100.32,248.14,90.94,0.00,PASS,,recovery_detected,True,False,0,4598,1,17,,,,,,,,,,,,,,,,,248.14,,,
CMA-ES,20260607,18,1,6,cma_r18_001_tl52_dt44_ge45_qr20_tau81,52,44,45,0.2,0.81,114.92,91.51,112.79,90.94,0.00,PASS,,recovery_detected,True,False,0,996,1,22,,,,,,,,,,,,,,,,,112.79,,,
CMA-ES,20260607,18,2,6,cma_r18_002_tl64_dt38_ge36_qr9_tau79,64,38,36,0.09,0.79,0.00,62.66,1000005.70,90.94,1000000.00,FAIL,Connection closed by SUMO.,,False,False,0,0,0,0,,,,,,,,,,,,,,,,,5.70,,,
CMA-ES,20260607,18,3,6,cma_r18_003_tl38_dt19_ge32_qr31_tau81,38,19,32,0.31,0.81,144.92,79.19,138.94,90.94,0.00,PASS,,recovery_detected,True,False,0,2722,0,19,,,,,,,,,,,,,,,,,138.94,,,
CMA-ES,20260607,18,4,6,cma_r18_004_tl69_dt31_ge42_qr18_tau81,69,31,42,0.18,0.81,114.92,92.33,112.87,90.94,0.00,PASS,,recovery_detected,True,False,0,1736,1,17,,,,,,,,,,,,,,,,,112.87,,,
CMA-ES,20260607,18,5,6,cma_r18_005_tl24_dt45_ge47_qr8_tau85,24,45,47,0.08,0.85,115.92,90.81,113.64,90.94,0.00,PASS,,recovery_detected,True,False,0,1250,1,21,,,,,,,,,,,,,,,,,113.64,,,
CMA-ES,20260607,18,6,6,cma_r18_006_tl55_dt35_ge38_qr29_tau82,55,35,38,0.29,0.82,114.92,93.26,112.95,90.94,0.00,PASS,,recovery_detected,True,False,0,1508,1,21,,,,,,,,,,,,,,,,,112.95,,,
CMA-ES,20260607,19,1,6,cma_r19_001_tl47_dt60_ge43_qr23_tau83,47,60,43,0.23,0.83,0.00,84.80,1000007.71,90.94,1000000.00,FAIL,recovery_detected,recovery_detected,False,False,0,341,1,22,,,,,,,,,,,,,,,,,7.71,,,
CMA-ES,20260607,19,2,6,cma_r19_002_tl66_dt39_ge39_qr20_tau81,66,39,39,0.2,0.81,114.92,94.37,113.05,90.94,0.00,PASS,,recovery_detected,True,False,0,1368,1,22,,,,,,,,,,,,,,,,,113.05,,,
CMA-ES,20260607,19,3,6,cma_r19_003_tl42_dt67_ge45_qr19_tau80,42,67,45,0.19,0.8,168.92,83.63,161.17,90.94,0.00,PASS,,recovery_detected,True,False,0,388,1,25,,,,,,,,,,,,,,,,,161.17,,,
CMA-ES,20260607,19,4,6,cma_r19_004_tl68_dt58_ge46_qr16_tau81,68,58,46,0.16,0.81,170.92,83.73,162.99,90.94,0.00,PASS,,recovery_detected,True,False,0,410,1,26,,,,,,,,,,,,,,,,,162.99,,,
CMA-ES,20260607,19,5,6,cma_r19_005_tl73_dt41_ge36_qr22_tau80,73,41,36,0.22,0.8,110.92,95.91,109.56,90.94,0.00,PASS,,recovery_detected,True,False,0,1378,1,25,,,,,,,,,,,,,,,,,109.56,,,
CMA-ES,20260607,19,6,6,cma_r19_006_tl34_dt29_ge43_qr28_tau80,34,29,43,0.28,0.8,144.92,89.18,139.85,90.94,0.00,PASS,,recovery_detected,True,False,0,2438,1,19,,,,,,,,,,,,,,,,,139.85,,,
CMA-ES,20260607,20,1,6,cma_r20_001_tl57_dt31_ge41_qr21_tau80,57,31,41,0.21,0.8,114.92,93.04,112.93,90.94,0.00,PASS,,recovery_detected,True,False,0,1740,1,17,,,,,,,,,,,,,,,,,112.93,,,
CMA-ES,20260607,20,2,6,cma_r20_002_tl58_dt47_ge37_qr21_tau82,58,47,37,0.21,0.82,141.92,89.37,137.14,90.94,0.00,PASS,,recovery_detected,True,False,0,1178,1,25,,,,,,,,,,,,,,,,,137.14,,,
CMA-ES,20260607,20,3,6,cma_r20_003_tl79_dt34_ge35_qr22_tau82,79,34,35,0.22,0.82,93.92,91.04,93.66,90.94,0.00,PASS,,recovery_detected,True,False,0,1489,1,20,,,,,,,,,,,,,,,,,93.66,,,
CMA-ES,20260607,20,4,6,cma_r20_004_tl69_dt26_ge40_qr28_tau82,69,26,40,0.28,0.82,92.92,82.29,91.95,90.94,0.00,PASS,,recovery_detected,True,False,0,1896,1,17,,,,,,,,,,,,,,,,,91.95,,,
CMA-ES,20260607,20,5,6,cma_r20_005_tl49_dt48_ge39_qr26_tau80,49,48,39,0.26,0.8,155.92,88.94,149.83,90.94,0.00,PASS,,recovery_detected,True,False,0,1087,1,24,,,,,,,,,,,,,,,,,149.83,,,
CMA-ES,20260607,20,6,6,cma_r20_006_tl35_dt47_ge38_qr14_tau81,35,47,38,0.14,0.81,144.92,90.05,139.93,90.94,0.00,PASS,,recovery_detected,True,False,0,1175,1,24,,,,,,,,,,,,,,,,,139.93,,,
CMA-ES,20260607,21,1,6,cma_r21_001_tl71_dt25_ge38_qr29_tau83,71,25,38,0.29,0.83,94.92,81.71,93.72,90.94,0.00,PASS,,recovery_detected,True,False,0,1949,1,17,,,,,,,,,,,,,,,,,93.72,,,
CMA-ES,20260607,21,2,6,cma_r21_002_tl52_dt17_ge37_qr35_tau83,52,17,37,0.35,0.83,158.92,85.06,152.20,90.94,0.00,PASS,,recovery_detected,True,False,0,2812,0,19,,,,,,,,,,,,,,,,,152.20,,,
CMA-ES,20260607,21,3,6,cma_r21_003_tl55_dt17_ge30_qr39_tau82,55,17,30,0.39,0.82,158.92,85.06,152.20,90.94,0.00,PASS,,recovery_detected,True,False,0,2807,0,19,,,,,,,,,,,,,,,,,152.20,,,
CMA-ES,20260607,21,4,6,cma_r21_004_tl72_dt42_ge42_qr32_tau82,72,42,42,0.32,0.82,138.92,86.20,134.13,90.94,0.00,PASS,,recovery_detected,True,False,0,1423,0,23,,,,,,,,,,,,,,,,,134.13,,,
CMA-ES,20260607,21,5,6,cma_r21_005_tl66_dt23_ge38_qr36_tau82,66,23,38,0.36,0.82,144.92,77.03,138.75,90.94,0.00,PASS,,recovery_detected,True,False,0,2498,0,17,,,,,,,,,,,,,,,,,138.75,,,
CMA-ES,20260607,21,6,6,cma_r21_006_tl81_dt25_ge35_qr31_tau80,81,25,35,0.31,0.8,138.92,77.81,133.36,90.94,0.00,PASS,,recovery_detected,True,False,0,2267,0,19,,,,,,,,,,,,,,,,,133.36,,,
CMA-ES,20260607,22,1,6,cma_r22_001_tl67_dt34_ge34_qr32_tau82,67,34,34,0.32,0.82,137.92,83.89,133.01,90.94,0.00,PASS,,recovery_detected,True,False,0,2096,0,25,,,,,,,,,,,,,,,,,133.01,,,
CMA-ES,20260607,22,2,6,cma_r22_002_tl85_dt28_ge35_qr33_tau82,85,28,35,0.33,0.82,186.92,81.42,177.33,90.94,0.00,PASS,,recovery_detected,True,False,0,2140,0,25,,,,,,,,,,,,,,,,,177.33,,,
CMA-ES,20260607,22,3,6,cma_r22_003_tl55_dt37_ge36_qr32_tau82,55,37,36,0.32,0.82,138.92,86.60,134.16,90.94,0.00,PASS,,recovery_detected,True,False,0,1757,0,24,,,,,,,,,,,,,,,,,134.16,,,
CMA-ES,20260607,22,4,6,cma_r22_004_tl69_dt26_ge37_qr26_tau83,69,26,37,0.26,0.83,92.92,82.29,91.95,90.94,0.00,PASS,,recovery_detected,True,False,0,1896,1,17,,,,,,,,,,,,,,,,,91.95,,,
CMA-ES,20260607,22,5,6,cma_r22_005_tl84_dt24_ge40_qr29_tau84,84,24,40,0.29,0.84,164.92,83.73,157.54,90.94,0.00,PASS,,recovery_detected,True,False,0,2761,1,20,,,,,,,,,,,,,,,,,157.54,,,
CMA-ES,20260607,22,6,6,cma_r22_006_tl82_dt23_ge35_qr35_tau83,82,23,35,0.35,0.83,144.92,77.03,138.75,90.94,0.00,PASS,,recovery_detected,True,False,0,2527,0,18,,,,,,,,,,,,,,,,,138.75,,,
CMA-ES,20260607,23,1,6,cma_r23_001_tl67_dt27_ge28_qr36_tau82,67,27,28,0.36,0.82,137.92,78.95,132.56,90.94,0.00,PASS,,recovery_detected,True,False,0,1931,0,22,,,,,,,,,,,,,,,,,132.56,,,
CMA-ES,20260607,23,2,6,cma_r23_002_tl69_dt23_ge38_qr34_tau81,69,23,38,0.34,0.81,144.92,77.03,138.75,90.94,0.00,PASS,,recovery_detected,True,False,0,2498,0,17,,,,,,,,,,,,,,,,,138.75,,,
CMA-ES,20260607,23,3,6,cma_r23_003_tl48_dt22_ge32_qr26_tau83,48,22,32,0.26,0.83,93.92,81.51,92.79,90.94,0.00,PASS,,recovery_detected,True,False,0,2083,1,17,,,,,,,,,,,,,,,,,92.79,,,
CMA-ES,20260607,23,4,6,cma_r23_004_tl57_dt16_ge27_qr34_tau84,57,16,27,0.34,0.84,144.92,85.70,139.54,90.94,0.00,PASS,,recovery_detected,True,False,0,2908,0,21,,,,,,,,,,,,,,,,,139.54,,,
CMA-ES,20260607,23,5,6,cma_r23_005_tl72_dt29_ge38_qr36_tau81,72,29,38,0.36,0.81,137.92,85.76,133.18,90.94,0.00,PASS,,recovery_detected,True,False,0,1868,0,20,,,,,,,,,,,,,,,,,133.18,,,
CMA-ES,20260607,23,6,6,cma_r23_006_tl66_dt28_ge35_qr33_tau83,66,28,35,0.33,0.83,186.92,81.42,177.33,90.94,0.00,PASS,,recovery_detected,True,False,0,2140,0,25,,,,,,,,,,,,,,,,,177.33,,,
CMA-ES,20260607,24,1,6,cma_r24_001_tl57_dt23_ge37_qr37_tau82,57,23,37,0.37,0.82,159.92,75.86,152.28,90.94,0.00,PASS,,recovery_detected,True,False,0,2512,0,17,,,,,,,,,,,,,,,,,152.28,,,
CMA-ES,20260607,24,2,6,cma_r24_002_tl58_dt24_ge37_qr23_tau83,58,24,37,0.23,0.83,144.92,83.38,139.33,90.94,0.00,PASS,,recovery_detected,True,False,0,2715,1,19,,,,,,,,,,,,,,,,,139.33,,,
CMA-ES,20260607,24,3,6,cma_r24_003_tl43_dt18_ge33_qr30_tau83,43,18,33,0.3,0.83,189.92,92.03,181.02,90.94,0.00,PASS,,recovery_detected,True,False,0,3007,1,22,,,,,,,,,,,,,,,,,181.02,,,
CMA-ES,20260607,24,4,6,cma_r24_004_tl63_dt7_ge30_qr33_tau83,63,7,30,0.33,0.83,181.92,80.54,172.70,90.94,0.00,PASS,,recovery_detected,True,False,0,3618,0,18,,,,,,,,,,,,,,,,,172.70,,,
CMA-ES,20260607,24,5,6,cma_r24_005_tl67_dt36_ge29_qr24_tau81,67,36,29,0.24,0.81,138.92,94.56,134.89,90.94,0.00,PASS,,recovery_detected,True,False,0,1782,1,27,,,,,,,,,,,,,,,,,134.89,,,
CMA-ES,20260607,24,6,6,cma_r24_006_tl43_dt30_ge28_qr30_tau82,43,30,28,0.3,0.82,138.92,91.68,134.63,90.94,0.00,PASS,,recovery_detected,True,False,0,1960,1,25,,,,,,,,,,,,,,,,,134.63,,,
CMA-ES,20260607,25,1,6,cma_r25_001_tl61_dt30_ge26_qr30_tau80,61,30,26,0.3,0.8,138.92,90.34,134.50,90.94,0.00,PASS,,recovery_detected,True,False,0,1938,1,25,,,,,,,,,,,,,,,,,134.50,,,
CMA-ES,20260607,25,2,6,cma_r25_002_tl57_dt44_ge25_qr23_tau79,57,44,25,0.23,0.79,172.92,85.88,165.01,90.94,0.00,PASS,,recovery_detected,True,False,0,1178,1,33,,,,,,,,,,,,,,,,,165.01,,,
CMA-ES,20260607,25,3,6,cma_r25_003_tl56_dt22_ge30_qr28_tau82,56,22,30,0.28,0.82,93.92,81.51,92.79,90.94,0.00,PASS,,recovery_detected,True,False,0,2083,1,17,,,,,,,,,,,,,,,,,92.79,,,
CMA-ES,20260607,25,4,6,cma_r25_004_tl50_dt34_ge24_qr26_tau82,50,34,24,0.26,0.82,109.92,83.90,107.55,90.94,0.00,PASS,,recovery_detected,True,False,0,1541,1,28,,,,,,,,,,,,,,,,,107.55,,,
CMA-ES,20260607,25,5,6,cma_r25_005_tl58_dt27_ge26_qr22_tau82,58,27,26,0.22,0.82,90.92,81.20,90.04,90.04,0.00,PASS,,recovery_detected,True,False,0,1743,1,21,,,,,,,,,,,,,,,,,90.04,,,
CMA-ES,20260607,25,6,6,cma_r25_006_tl59_dt18_ge26_qr38_tau81,59,18,26,0.38,0.81,169.92,87.20,162.40,90.04,0.00,PASS,,recovery_detected,True,False,0,2996,0,22,,,,,,,,,,,,,,,,,162.40,,,
CMA-ES,20260607,26,1,6,cma_r26_001_tl59_dt22_ge24_qr27_tau83,59,22,24,0.27,0.83,146.92,80.58,140.89,90.04,0.00,PASS,,recovery_detected,True,False,0,2628,1,21,,,,,,,,,,,,,,,,,140.89,,,
CMA-ES,20260607,26,2,6,cma_r26_002_tl47_dt29_ge15_qr18_tau82,47,29,15,0.18,0.82,140.92,82.92,135.65,90.04,0.00,PASS,,recovery_detected,True,False,0,1889,1,34,,,,,,,,,,,,,,,,,135.65,,,
CMA-ES,20260607,26,3,6,cma_r26_003_tl62_dt27_ge29_qr17_tau82,62,27,29,0.17,0.82,95.92,82.03,94.66,90.04,0.00,PASS,,recovery_detected,True,False,0,1747,1,21,,,,,,,,,,,,,,,,,94.66,,,
CMA-ES,20260607,26,4,6,cma_r26_004_tl72_dt16_ge23_qr25_tau83,72,16,23,0.25,0.83,145.92,83.78,140.27,90.04,0.00,PASS,,recovery_detected,True,False,0,2937,1,21,,,,,,,,,,,,,,,,,140.27,,,
CMA-ES,20260607,26,5,6,cma_r26_005_tl61_dt9_ge24_qr31_tau83,61,9,24,0.31,0.83,171.92,84.92,164.01,90.04,0.00,PASS,,recovery_detected,True,False,0,3612,0,19,,,,,,,,,,,,,,,,,164.01,,,
CMA-ES,20260607,26,6,6,cma_r26_006_tl48_dt27_ge27_qr28_tau83,48,27,27,0.28,0.83,145.92,82.67,140.17,90.04,0.00,PASS,,recovery_detected,True,False,0,2302,1,24,,,,,,,,,,,,,,,,,140.17,,,
CMA-ES,20260607,27,1,6,cma_r27_001_tl65_dt43_ge15_qr17_tau82,65,43,15,0.17,0.82,269.92,99.53,254.43,90.04,0.00,PASS,,recovery_detected,True,False,0,1663,1,48,,,,,,,,,,,,,,,,,254.43,,,
CMA-ES,20260607,27,2,6,cma_r27_002_tl61_dt14_ge30_qr12_tau85,61,14,30,0.12,0.85,137.92,83.28,132.95,90.04,0.00,PASS,,recovery_detected,True,False,0,2653,1,18,,,,,,,,,,,,,,,,,132.95,,,
CMA-ES,20260607,27,3,6,cma_r27_003_tl57_dt35_ge23_qr20_tau80,57,35,23,0.2,0.8,155.92,84.89,149.46,90.04,0.00,PASS,,recovery_detected,True,False,0,1737,1,29,,,,,,,,,,,,,,,,,149.46,,,
CMA-ES,20260607,27,4,6,cma_r27_004_tl50_dt16_ge36_qr28_tau82,50,16,36,0.28,0.82,138.92,83.54,133.89,90.04,0.00,PASS,,recovery_detected,True,False,0,2561,1,18,,,,,,,,,,,,,,,,,133.89,,,
CMA-ES,20260607,27,5,6,cma_r27_005_tl58_dt36_ge26_qr23_tau82,58,36,26,0.23,0.82,109.92,83.23,107.49,90.04,0.00,PASS,,recovery_detected,True,False,0,1475,1,27,,,,,,,,,,,,,,,,,107.49,,,
CMA-ES,20260607,27,6,6,cma_r27_006_tl59_dt21_ge26_qr23_tau83,59,21,26,0.23,0.83,91.92,81.75,91.00,90.04,0.00,PASS,,recovery_detected,True,False,0,2139,1,17,,,,,,,,,,,,,,,,,91.00,,,
CMA-ES,20260607,28,1,6,cma_r28_001_tl42_dt19_ge31_qr20_tau84,42,19,31,0.2,0.84,137.92,93.11,133.85,90.04,0.00,PASS,,recovery_detected,True,False,0,2629,1,17,,,,,,,,,,,,,,,,,133.85,,,
CMA-ES,20260607,28,2,6,cma_r28_002_tl52_dt22_ge28_qr29_tau83,52,22,28,0.29,0.83,148.92,82.02,142.84,90.04,0.00,PASS,,recovery_detected,True,False,0,2616,1,19,,,,,,,,,,,,,,,,,142.84,,,
CMA-ES,20260607,28,3,6,cma_r28_003_tl38_dt20_ge23_qr16_tau83,38,20,23,0.16,0.83,137.92,84.68,133.08,90.04,0.00,PASS,,recovery_detected,True,False,0,2643,1,19,,,,,,,,,,,,,,,,,133.08,,,
CMA-ES,20260607,28,4,6,cma_r28_004_tl58_dt36_ge31_qr22_tau84,58,36,31,0.22,0.84,219.92,92.40,208.33,90.04,0.00,PASS,,recovery_detected,True,False,0,1582,1,33,,,,,,,,,,,,,,,,,208.33,,,
CMA-ES,20260607,28,5,6,cma_r28_005_tl64_dt25_ge23_qr33_tau82,64,25,23,0.33,0.82,144.92,75.33,138.59,90.04,0.00,PASS,,recovery_detected,True,False,0,2576,0,26,,,,,,,,,,,,,,,,,138.59,,,
CMA-ES,20260607,28,6,6,cma_r28_006_tl80_dt34_ge28_qr26_tau83,80,34,28,0.26,0.83,178.92,92.38,171.05,90.04,0.00,PASS,,recovery_detected,True,False,0,1547,1,28,,,,,,,,,,,,,,,,,171.05,,,
CMA-ES,20260607,29,1,6,cma_r29_001_tl27_dt19_ge26_qr14_tau86,27,19,26,0.14,0.86,144.92,93.61,140.25,90.04,0.00,PASS,,recovery_detected,True,False,0,2812,1,20,,,,,,,,,,,,,,,,,140.25,,,
CMA-ES,20260607,29,2,6,cma_r29_002_tl21_dt18_ge25_qr21_tau84,21,18,25,0.21,0.84,146.92,90.29,141.77,90.04,0.00,PASS,,recovery_detected,True,False,0,2933,1,21,,,,,,,,,,,,,,,,,141.77,,,
CMA-ES,20260607,29,3,6,cma_r29_003_tl31_dt31_ge20_qr12_tau80,31,31,20,0.12,0.8,145.92,88.97,140.74,90.04,0.00,PASS,,recovery_detected,True,False,0,2399,1,27,,,,,,,,,,,,,,,,,140.74,,,
CMA-ES,20260607,29,4,6,cma_r29_004_tl48_dt22_ge25_qr21_tau84,48,22,25,0.21,0.84,166.92,83.23,159.31,90.04,0.00,PASS,,recovery_detected,True,False,0,2898,1,25,,,,,,,,,,,,,,,,,159.31,,,
CMA-ES,20260607,29,5,6,cma_r29_005_tl57_dt10_ge26_qr22_tau83,57,10,26,0.22,0.83,145.92,82.43,140.15,90.04,0.00,PASS,,recovery_detected,True,False,0,3019,1,17,,,,,,,,,,,,,,,,,140.15,,,
CMA-ES,20260607,29,6,6,cma_r29_006_tl31_dt17_ge23_qr13_tau84,31,17,23,0.13,0.84,144.92,92.43,140.15,90.04,0.00,PASS,,recovery_detected,True,False,0,2911,1,21,,,,,,,,,,,,,,,,,140.15,,,
CMA-ES,20260607,30,1,6,cma_r30_001_tl45_dt13_ge27_qr17_tau84,45,13,27,0.17,0.84,144.92,85.65,139.53,90.04,0.00,PASS,,recovery_detected,True,False,0,2865,1,17,,,,,,,,,,,,,,,,,139.53,,,
CMA-ES,20260607,30,2,6,cma_r30_002_tl31_dt10_ge19_qr27_tau83,31,10,19,0.27,0.83,156.92,81.53,150.07,90.04,0.00,PASS,,recovery_detected,True,False,0,3162,1,20,,,,,,,,,,,,,,,,,150.07,,,
CMA-ES,20260607,30,3,6,cma_r30_003_tl48_dt2_ge25_qr5_tau84,48,2,25,0.05,0.84,262.92,86.61,246.89,90.04,0.00,PASS,,recovery_detected,True,False,0,4588,1,18,,,,,,,,,,,,,,,,,246.89,,,
CMA-ES,20260607,30,4,6,cma_r30_004_tl30_dt11_ge23_qr33_tau82,30,11,23,0.33,0.82,161.92,86.17,155.03,90.04,0.00,PASS,,recovery_detected,True,False,0,3288,0,19,,,,,,,,,,,,,,,,,155.03,,,
CMA-ES,20260607,30,5,6,cma_r30_005_tl59_dt8_ge30_qr25_tau85,59,8,30,0.25,0.85,162.92,81.93,155.56,90.04,0.00,PASS,,recovery_detected,True,False,0,3174,1,18,,,,,,,,,,,,,,,,,155.56,,,
CMA-ES,20260607,30,6,6,cma_r30_006_tl26_dt19_ge23_qr15_tau83,26,19,23,0.15,0.83,137.92,93.11,133.85,90.04,0.00,PASS,,recovery_detected,True,False,0,2669,1,19,,,,,,,,,,,,,,,,,133.85,,,
CMA-ES,20260607,31,1,6,cma_r31_001_tl50_dt29_ge22_qr20_tau80,50,29,22,0.2,0.8,137.92,90.71,133.63,90.04,0.00,PASS,,recovery_detected,True,False,0,1975,1,29,,,,,,,,,,,,,,,,,133.63,,,
CMA-ES,20260607,31,2,6,cma_r31_002_tl48_dt12_ge31_qr18_tau83,48,12,31,0.18,0.83,145.92,83.77,140.27,90.04,0.00,PASS,,recovery_detected,True,False,0,2988,1,17,,,,,,,,,,,,,,,,,140.27,,,
CMA-ES,20260607,31,3,6,cma_r31_003_tl18_dt2_ge26_qr15_tau86,18,2,26,0.15,0.86,261.92,88.01,246.11,90.04,0.00,PASS,,recovery_detected,True,False,0,4582,1,17,,,,,,,,,,,,,,,,,246.11,,,
CMA-ES,20260607,31,4,6,cma_r31_004_tl35_dt15_ge27_qr21_tau82,35,15,27,0.21,0.82,137.92,85.23,133.13,90.04,0.00,PASS,,recovery_detected,True,False,0,2625,1,18,,,,,,,,,,,,,,,,,133.13,,,
CMA-ES,20260607,31,5,6,cma_r31_005_tl31_dt18_ge23_qr25_tau82,31,18,23,0.25,0.82,146.92,89.03,141.66,90.04,0.00,PASS,,recovery_detected,True,False,0,2879,1,22,,,,,,,,,,,,,,,,,141.66,,,
CMA-ES,20260607,31,6,6,cma_r31_006_tl41_dt16_ge22_qr12_tau81,41,16,22,0.12,0.81,165.92,83.17,158.40,90.04,0.00,PASS,,recovery_detected,True,False,0,2921,1,22,,,,,,,,,,,,,,,,,158.40,,,
CMA-ES,20260607,32,1,6,cma_r32_001_tl35_dt25_ge17_qr35_tau80,35,25,17,0.35,0.8,137.92,76.17,132.31,90.04,0.00,PASS,,recovery_detected,True,False,0,2263,0,28,,,,,,,,,,,,,,,,,132.31,,,
CMA-ES,20260607,32,2,6,cma_r32_002_tl54_dt20_ge34_qr23_tau81,54,20,34,0.23,0.81,91.92,81.03,90.93,90.04,0.00,PASS,,recovery_detected,True,False,0,2211,1,17,,,,,,,,,,,,,,,,,90.93,,,
CMA-ES,20260607,32,3,6,cma_r32_003_tl31_dt7_ge25_qr23_tau82,31,7,25,0.23,0.82,163.92,84.28,156.68,90.04,0.00,PASS,,recovery_detected,True,False,0,3191,1,20,,,,,,,,,,,,,,,,,156.68,,,
CMA-ES,20260607,32,4,6,cma_r32_004_tl36_dt6_ge25_qr22_tau82,36,6,25,0.22,0.82,161.92,92.62,155.62,90.04,0.00,PASS,,recovery_detected,True,False,0,3216,1,20,,,,,,,,,,,,,,,,,155.62,,,
CMA-ES,20260607,32,5,6,cma_r32_005_tl21_dt18_ge18_qr29_tau83,21,18,18,0.29,0.83,145.92,87.98,140.65,90.04,0.00,PASS,,recovery_detected,True,False,0,2872,1,22,,,,,,,,,,,,,,,,,140.65,,,
CMA-ES,20260607,32,6,6,cma_r32_006_tl21_dt36_ge20_qr31_tau80,21,36,20,0.31,0.8,187.92,84.04,178.48,90.04,0.00,PASS,,recovery_detected,True,False,0,1603,0,38,,,,,,,,,,,,,,,,,178.48,,,
CMA-ES,20260607,33,1,6,cma_r33_001_tl30_dt30_ge29_qr19_tau81,30,30,29,0.19,0.81,145.92,89.28,140.77,90.04,0.00,PASS,,recovery_detected,True,False,0,2195,1,23,,,,,,,,,,,,,,,,,140.77,,,
CMA-ES,20260607,33,2,6,cma_r33_002_tl31_dt20_ge18_qr32_tau81,31,20,18,0.32,0.81,144.92,76.52,138.70,90.04,0.00,PASS,,recovery_detected,True,False,0,2760,0,25,,,,,,,,,,,,,,,,,138.70,,,
CMA-ES,20260607,33,3,6,cma_r33_003_tl45_dt22_ge30_qr31_tau81,45,22,30,0.31,0.81,145.92,75.01,139.47,90.04,0.00,PASS,,recovery_detected,True,False,0,2639,0,22,,,,,,,,,,,,,,,,,139.47,,,
CMA-ES,20260607,33,4,6,cma_r33_004_tl32_dt27_ge28_qr30_tau80,32,27,28,0.3,0.8,95.92,81.96,94.65,90.04,0.00,PASS,,recovery_detected,True,False,0,1755,1,21,,,,,,,,,,,,,,,,,94.65,,,
CMA-ES,20260607,33,5,6,cma_r33_005_tl33_dt28_ge33_qr22_tau81,33,28,33,0.22,0.81,90.92,92.71,91.08,90.04,0.00,PASS,,recovery_detected,True,False,0,1698,1,19,,,,,,,,,,,,,,,,,91.08,,,
CMA-ES,20260607,33,6,6,cma_r33_006_tl24_dt9_ge22_qr22_tau81,24,9,22,0.22,0.81,145.92,82.38,140.14,90.04,0.00,PASS,,recovery_detected,True,False,0,3032,1,18,,,,,,,,,,,,,,,,,140.14,,,
CMA-ES,20260607,34,1,6,cma_r34_001_tl33_dt24_ge22_qr27_tau82,33,24,22,0.27,0.82,157.92,81.65,150.99,90.04,0.00,PASS,,recovery_detected,True,False,0,2535,1,25,,,,,,,,,,,,,,,,,150.99,,,
CMA-ES,20260607,34,2,6,cma_r34_002_tl44_dt33_ge27_qr30_tau81,44,33,27,0.3,0.81,92.92,87.84,92.46,90.04,0.00,PASS,,recovery_detected,True,False,0,1631,1,21,,,,,,,,,,,,,,,,,92.46,,,
CMA-ES,20260607,34,3,6,cma_r34_003_tl35_dt18_ge30_qr24_tau83,35,18,30,0.24,0.83,145.92,91.12,140.94,90.04,0.00,PASS,,recovery_detected,True,False,0,2902,1,19,,,,,,,,,,,,,,,,,140.94,,,
CMA-ES,20260607,34,4,6,cma_r34_004_tl16_dt28_ge26_qr23_tau82,16,28,26,0.23,0.82,91.92,90.52,91.79,90.04,0.00,PASS,,recovery_detected,True,False,0,1690,1,21,,,,,,,,,,,,,,,,,91.79,,,
CMA-ES,20260607,34,5,6,cma_r34_005_tl22_dt34_ge19_qr25_tau81,22,34,19,0.25,0.81,149.92,87.99,144.29,90.04,0.00,PASS,,recovery_detected,True,False,0,1912,1,30,,,,,,,,,,,,,,,,,144.29,,,
CMA-ES,20260607,34,6,6,cma_r34_006_tl36_dt23_ge29_qr26_tau82,36,23,29,0.26,0.82,145.92,82.12,140.12,90.04,0.00,PASS,,recovery_detected,True,False,0,2703,1,21,,,,,,,,,,,,,,,,,140.12,,,
CMA-ES,20260607,35,1,6,cma_r35_001_tl46_dt24_ge31_qr19_tau82,46,24,31,0.19,0.82,144.92,83.43,139.33,90.04,0.00,PASS,,recovery_detected,True,False,0,2710,1,19,,,,,,,,,,,,,,,,,139.33,,,
CMA-ES,20260607,35,2,6,cma_r35_002_tl9_dt35_ge25_qr21_tau83,9,35,25,0.21,0.83,113.92,87.56,111.52,90.04,0.00,PASS,,recovery_detected,True,False,0,1851,1,28,,,,,,,,,,,,,,,,,111.52,,,
CMA-ES,20260607,35,3,6,cma_r35_003_tl32_dt28_ge32_qr31_tau81,32,28,32,0.31,0.81,137.92,80.06,132.66,90.04,0.00,PASS,,recovery_detected,True,False,0,1935,0,22,,,,,,,,,,,,,,,,,132.66,,,
CMA-ES,20260607,35,4,6,cma_r35_004_tl34_dt30_ge22_qr24_tau81,34,30,22,0.24,0.81,138.92,92.78,134.73,90.04,0.00,PASS,,recovery_detected,True,False,0,1936,1,28,,,,,,,,,,,,,,,,,134.73,,,
CMA-ES,20260607,35,5,6,cma_r35_005_tl8_dt33_ge23_qr36_tau80,8,33,23,0.36,0.8,111.92,82.02,109.20,90.04,0.00,PASS,,recovery_detected,True,False,0,1619,0,30,,,,,,,,,,,,,,,,,109.20,,,
CMA-ES,20260607,35,6,6,cma_r35_006_tl19_dt22_ge30_qr34_tau84,19,22,30,0.34,0.84,145.92,75.01,139.47,90.04,0.00,PASS,,recovery_detected,True,False,0,2639,0,22,,,,,,,,,,,,,,,,,139.47,,,
CMA-ES,20260607,36,1,6,cma_r36_001_tl0_dt28_ge19_qr30_tau79,0,28,19,0.3,0.79,94.92,88.48,94.33,90.04,0.00,PASS,,recovery_detected,True,False,0,1742,1,28,,,,,,,,,,,,,,,,,94.33,,,
CMA-ES,20260607,36,2,6,cma_r36_002_tl0_dt43_ge25_qr18_tau81,0,43,25,0.18,0.81,136.92,98.10,133.39,90.04,0.00,PASS,,recovery_timeout,True,False,0,1599,1,30,,,,,,,,,,,,,,,,,133.39,,,
CMA-ES,20260607,36,3,6,cma_r36_003_tl6_dt35_ge18_qr38_tau82,6,35,18,0.38,0.82,174.92,75.65,165.89,90.04,0.00,PASS,,recovery_detected,True,False,0,1657,0,35,,,,,,,,,,,,,,,,,165.89,,,
CMA-ES,20260607,36,4,6,cma_r36_004_tl27_dt22_ge24_qr23_tau84,27,22,24,0.23,0.84,146.92,80.58,140.89,90.04,0.00,PASS,,recovery_detected,True,False,0,2628,1,21,,,,,,,,,,,,,,,,,140.89,,,
CMA-ES,20260607,36,5,6,cma_r36_005_tl0_dt32_ge24_qr27_tau82,0,32,24,0.27,0.82,139.92,90.00,135.38,90.04,0.00,PASS,,recovery_detected,True,False,0,1804,1,27,,,,,,,,,,,,,,,,,135.38,,,
CMA-ES,20260607,36,6,6,cma_r36_006_tl6_dt35_ge18_qr22_tau81,6,35,18,0.22,0.81,192.92,89.00,183.47,90.04,0.00,PASS,,recovery_detected,True,False,0,1915,1,35,,,,,,,,,,,,,,,,,183.47,,,
CMA-ES,20260607,37,1,6,cma_r37_001_tl0_dt25_ge18_qr15_tau83,0,25,18,0.15,0.83,93.92,79.92,92.65,90.04,0.00,PASS,,recovery_detected,True,False,0,1952,1,29,,,,,,,,,,,,,,,,,92.65,,,
CMA-ES,20260607,37,2,6,cma_r37_002_tl17_dt37_ge34_qr26_tau80,17,37,34,0.26,0.8,114.92,92.27,112.86,90.04,0.00,PASS,,recovery_detected,True,False,0,1647,1,22,,,,,,,,,,,,,,,,,112.86,,,
CMA-ES,20260607,37,3,6,cma_r37_003_tl0_dt37_ge21_qr29_tau79,0,37,21,0.29,0.79,148.92,87.57,143.34,90.04,0.00,PASS,,recovery_detected,True,False,0,1953,1,32,,,,,,,,,,,,,,,,,143.34,,,
CMA-ES,20260607,37,4,6,cma_r37_004_tl14_dt41_ge18_qr27_tau80,14,41,18,0.27,0.8,140.92,91.56,136.43,90.04,0.00,PASS,,recovery_detected,True,False,0,1579,1,32,,,,,,,,,,,,,,,,,136.43,,,
CMA-ES,20260607,37,5,6,cma_r37_005_tl6_dt36_ge23_qr24_tau81,6,36,23,0.24,0.81,156.92,88.21,150.67,90.04,0.00,PASS,,recovery_detected,True,False,0,1951,1,28,,,,,,,,,,,,,,,,,150.67,,,
CMA-ES,20260607,37,6,6,cma_r37_006_tl18_dt28_ge16_qr19_tau82,18,28,16,0.19,0.82,94.92,89.48,94.43,90.04,0.00,PASS,,recovery_detected,True,False,0,1746,1,31,,,,,,,,,,,,,,,,,94.43,,,
CMA-ES,20260607,38,1,6,cma_r38_001_tl0_dt41_ge22_qr28_tau81,0,41,22,0.28,0.81,114.92,90.20,112.67,90.04,0.00,PASS,,recovery_detected,True,False,0,1701,1,30,,,,,,,,,,,,,,,,,112.67,,,
CMA-ES,20260607,38,2,6,cma_r38_002_tl32_dt13_ge20_qr20_tau81,32,13,20,0.2,0.81,145.92,85.78,140.45,90.04,0.00,PASS,,recovery_detected,True,False,0,2949,1,19,,,,,,,,,,,,,,,,,140.45,,,
CMA-ES,20260607,38,3,6,cma_r38_003_tl2_dt38_ge22_qr9_tau84,2,38,22,0.09,0.84,137.92,96.23,134.13,90.04,0.00,PASS,,recovery_detected,True,False,0,1939,1,28,,,,,,,,,,,,,,,,,134.13,,,
CMA-ES,20260607,38,4,6,cma_r38_004_tl11_dt22_ge19_qr17_tau84,11,22,19,0.17,0.84,136.92,83.64,132.08,90.04,0.00,PASS,,recovery_detected,True,False,0,2516,1,26,,,,,,,,,,,,,,,,,132.08,,,
CMA-ES,20260607,38,5,6,cma_r38_005_tl1_dt24_ge17_qr21_tau82,1,24,17,0.21,0.82,104.92,79.51,102.61,90.04,0.00,PASS,,recovery_detected,True,False,0,2033,1,28,,,,,,,,,,,,,,,,,102.61,,,
CMA-ES,20260607,38,6,6,cma_r38_006_tl5_dt24_ge11_qr21_tau83,5,24,11,0.21,0.83,170.92,82.01,162.84,90.04,0.00,PASS,,recovery_detected,True,False,0,2305,1,37,,,,,,,,,,,,,,,,,162.84,,,
CMA-ES,20260607,39,1,6,cma_r39_001_tl3_dt35_ge22_qr30_tau80,3,35,22,0.3,0.8,144.92,92.12,140.12,90.04,0.00,PASS,,recovery_detected,True,False,0,2197,1,25,,,,,,,,,,,,,,,,,140.12,,,
CMA-ES,20260607,39,2,6,cma_r39_002_tl5_dt28_ge17_qr25_tau82,5,28,17,0.25,0.82,92.92,90.22,92.67,90.04,0.00,PASS,,recovery_detected,True,False,0,1717,1,29,,,,,,,,,,,,,,,,,92.67,,,
CMA-ES,20260607,39,3,6,cma_r39_003_tl13_dt41_ge19_qr20_tau80,13,41,19,0.2,0.8,162.92,90.89,156.37,90.04,0.00,PASS,,recovery_detected,True,False,0,1631,1,34,,,,,,,,,,,,,,,,,156.37,,,
CMA-ES,20260607,39,4,6,cma_r39_004_tl21_dt31_ge22_qr22_tau81,21,31,22,0.22,0.81,144.92,88.14,139.76,90.04,0.00,PASS,,recovery_detected,True,False,0,2406,1,25,,,,,,,,,,,,,,,,,139.76,,,
CMA-ES,20260607,39,5,6,cma_r39_005_tl12_dt29_ge15_qr23_tau82,12,29,15,0.23,0.82,140.92,82.92,135.65,90.04,0.00,PASS,,recovery_detected,True,False,0,1889,1,34,,,,,,,,,,,,,,,,,135.65,,,
CMA-ES,20260607,39,6,6,cma_r39_006_tl4_dt44_ge20_qr23_tau81,4,44,20,0.23,0.81,127.92,96.21,125.04,90.04,0.00,PASS,,recovery_detected,True,False,0,1588,1,31,,,,,,,,,,,,,,,,,125.04,,,
CMA-ES,20260607,40,1,6,cma_r40_001_tl1_dt26_ge11_qr31_tau83,1,26,11,0.31,0.83,145.92,77.40,139.69,90.04,0.00,PASS,,recovery_detected,True,False,0,2329,0,32,,,,,,,,,,,,,,,,,139.69,,,
CMA-ES,20260607,40,2,6,cma_r40_002_tl22_dt37_ge31_qr25_tau81,22,37,31,0.25,0.81,137.92,90.24,133.59,90.04,0.00,PASS,,recovery_detected,True,False,0,1833,1,25,,,,,,,,,,,,,,,,,133.59,,,
CMA-ES,20260607,40,3,6,cma_r40_003_tl30_dt27_ge23_qr26_tau82,30,27,23,0.26,0.82,145.92,81.93,140.10,90.04,0.00,PASS,,recovery_detected,True,False,0,2529,1,25,,,,,,,,,,,,,,,,,140.10,,,
CMA-ES,20260607,40,4,6,cma_r40_004_tl20_dt37_ge27_qr40_tau80,20,37,27,0.4,0.8,113.92,80.47,110.88,90.04,0.00,PASS,,recovery_detected,True,False,0,1545,0,29,,,,,,,,,,,,,,,,,110.88,,,
CMA-ES,20260607,40,5,6,cma_r40_005_tl0_dt32_ge17_qr18_tau82,0,32,17,0.18,0.82,95.92,87.74,95.18,90.04,0.00,PASS,,recovery_detected,True,False,0,1597,1,31,,,,,,,,,,,,,,,,,95.18,,,
CMA-ES,20260607,40,6,6,cma_r40_006_tl0_dt32_ge14_qr24_tau82,0,32,14,0.24,0.82,144.92,81.41,139.15,90.04,0.00,PASS,,recovery_detected,True,False,0,1824,1,36,,,,,,,,,,,,,,,,,139.15,,,
CMA-ES,20260607,41,1,6,cma_r41_001_tl7_dt27_ge19_qr21_tau82,7,27,19,0.21,0.82,158.92,81.84,151.91,90.04,0.00,PASS,,recovery_detected,True,False,0,1928,1,31,,,,,,,,,,,,,,,,,151.91,,,
CMA-ES,20260607,41,2,6,cma_r41_002_tl21_dt27_ge24_qr17_tau82,21,27,24,0.17,0.82,138.92,84.35,133.96,90.04,0.00,PASS,,recovery_detected,True,False,0,2181,1,26,,,,,,,,,,,,,,,,,133.96,,,
CMA-ES,20260607,41,3,6,cma_r41_003_tl29_dt24_ge18_qr28_tau81,29,24,18,0.28,0.81,138.92,83.60,133.89,90.04,0.00,PASS,,recovery_detected,True,False,0,2402,1,26,,,,,,,,,,,,,,,,,133.89,,,
CMA-ES,20260607,41,4,6,cma_r41_004_tl2_dt30_ge19_qr21_tau80,2,30,19,0.21,0.8,94.92,88.68,94.35,90.04,0.00,PASS,,recovery_detected,True,False,0,1664,1,29,,,,,,,,,,,,,,,,,94.35,,,
CMA-ES,20260607,41,5,6,cma_r41_005_tl20_dt29_ge25_qr25_tau83,20,29,25,0.25,0.83,111.92,87.12,109.66,90.04,0.00,PASS,,recovery_detected,True,False,0,1919,1,27,,,,,,,,,,,,,,,,,109.66,,,
CMA-ES,20260607,41,6,6,cma_r41_006_tl22_dt34_ge28_qr22_tau82,22,34,28,0.22,0.82,91.92,87.88,91.55,90.04,0.00,PASS,,recovery_detected,True,False,0,1616,1,20,,,,,,,,,,,,,,,,,91.55,,,
CMA-ES,20260607,42,1,6,cma_r42_001_tl10_dt29_ge25_qr16_tau84,10,29,25,0.16,0.84,111.92,87.12,109.66,90.04,0.00,PASS,,recovery_detected,True,False,0,1919,1,27,,,,,,,,,,,,,,,,,109.66,,,
CMA-ES,20260607,42,2,6,cma_r42_002_tl18_dt34_ge28_qr18_tau82,18,34,28,0.18,0.82,91.92,87.88,91.55,90.04,0.00,PASS,,recovery_detected,True,False,0,1616,1,20,,,,,,,,,,,,,,,,,91.55,,,
CMA-ES,20260607,42,3,6,cma_r42_003_tl13_dt31_ge22_qr18_tau81,13,31,22,0.18,0.81,144.92,87.59,139.71,90.04,0.00,PASS,,recovery_detected,True,False,0,2396,1,25,,,,,,,,,,,,,,,,,139.71,,,
CMA-ES,20260607,42,4,6,cma_r42_004_tl13_dt35_ge18_qr21_tau81,13,35,18,0.21,0.81,186.92,87.66,177.90,90.04,0.00,PASS,,recovery_detected,True,False,0,1874,1,35,,,,,,,,,,,,,,,,,177.90,,,
CMA-ES,20260607,42,5,6,cma_r42_005_tl28_dt33_ge31_qr22_tau83,28,33,31,0.22,0.83,138.92,93.94,134.83,90.04,0.00,PASS,,recovery_detected,True,False,0,1893,1,25,,,,,,,,,,,,,,,,,134.83,,,
CMA-ES,20260607,42,6,6,cma_r42_006_tl24_dt39_ge30_qr13_tau83,24,39,30,0.13,0.83,108.92,91.85,107.37,90.04,0.00,PASS,,recovery_detected,True,False,0,1565,1,27,,,,,,,,,,,,,,,,,107.37,,,
CMA-ES,20260607,43,1,6,cma_r43_001_tl13_dt30_ge23_qr26_tau82,13,30,23,0.26,0.82,138.92,90.20,134.49,90.04,0.00,PASS,,recovery_detected,True,False,0,2003,1,26,,,,,,,,,,,,,,,,,134.49,,,
CMA-ES,20260607,43,2,6,cma_r43_002_tl25_dt44_ge33_qr15_tau83,25,44,33,0.15,0.83,159.92,90.65,153.62,90.04,0.00,PASS,,recovery_detected,True,False,0,1470,1,28,,,,,,,,,,,,,,,,,153.62,,,
CMA-ES,20260607,43,3,6,cma_r43_003_tl45_dt32_ge31_qr18_tau83,45,32,31,0.18,0.83,93.92,88.32,93.41,90.04,0.00,PASS,,recovery_detected,True,False,0,1643,1,20,,,,,,,,,,,,,,,,,93.41,,,
CMA-ES,20260607,43,4,6,cma_r43_004_tl7_dt35_ge22_qr20_tau84,7,35,22,0.2,0.84,144.92,92.12,140.12,90.04,0.00,PASS,,recovery_detected,True,False,0,2197,1,25,,,,,,,,,,,,,,,,,140.12,,,
CMA-ES,20260607,43,5,6,cma_r43_005_tl19_dt38_ge23_qr14_tau82,19,38,23,0.14,0.82,165.92,91.00,159.11,90.04,0.00,PASS,,recovery_detected,True,False,0,1842,1,32,,,,,,,,,,,,,,,,,159.11,,,
CMA-ES,20260607,43,6,6,cma_r43_006_tl9_dt29_ge24_qr19_tau84,9,29,24,0.19,0.84,166.92,89.01,159.84,90.04,0.00,PASS,,recovery_detected,True,False,0,1854,1,31,,,,,,,,,,,,,,,,,159.84,,,
CMA-ES,20260607,44,1,6,cma_r44_001_tl50_dt25_ge30_qr18_tau83,50,25,30,0.18,0.83,94.92,81.71,93.72,90.04,0.00,PASS,,recovery_detected,True,False,0,1978,1,18,,,,,,,,,,,,,,,,,93.72,,,
CMA-ES,20260607,44,2,6,cma_r44_002_tl35_dt32_ge29_qr15_tau83,35,32,29,0.15,0.83,92.92,89.49,92.61,90.04,0.00,PASS,,recovery_detected,True,False,0,1643,1,20,,,,,,,,,,,,,,,,,92.61,,,
CMA-ES,20260607,44,3,6,cma_r44_003_tl33_dt37_ge28_qr19_tau83,33,37,28,0.19,0.83,162.92,90.93,156.38,90.04,0.00,PASS,,recovery_detected,True,False,0,1575,1,30,,,,,,,,,,,,,,,,,156.38,,,
CMA-ES,20260607,44,4,6,cma_r44_004_tl33_dt36_ge25_qr27_tau83,33,36,25,0.27,0.83,208.92,83.98,197.56,90.04,0.00,PASS,,recovery_detected,True,False,0,1662,1,32,,,,,,,,,,,,,,,,,197.56,,,
CMA-ES,20260607,44,5,6,cma_r44_005_tl16_dt30_ge21_qr34_tau81,16,30,21,0.34,0.81,115.92,84.93,113.10,90.04,0.00,PASS,,recovery_detected,True,False,0,1654,0,30,,,,,,,,,,,,,,,,,113.10,,,
CMA-ES,20260607,44,6,6,cma_r44_006_tl45_dt28_ge31_qr14_tau83,45,28,31,0.14,0.83,90.92,92.59,91.07,90.04,0.00,PASS,,recovery_detected,True,False,0,1685,1,19,,,,,,,,,,,,,,,,,91.07,,,
CMA-ES,20260607,45,1,6,cma_r45_001_tl30_dt27_ge26_qr17_tau83,30,27,26,0.17,0.83,90.92,81.20,90.04,90.04,0.00,PASS,,recovery_detected,True,False,0,1743,1,21,,,,,,,,,,,,,,,,,90.04,,,
CMA-ES,20260607,45,2,6,cma_r45_002_tl56_dt27_ge34_qr14_tau83,56,27,34,0.14,0.83,95.92,82.03,94.66,90.04,0.00,PASS,,recovery_detected,True,False,0,1731,1,19,,,,,,,,,,,,,,,,,94.66,,,
CMA-ES,20260607,45,3,6,cma_r45_003_tl48_dt32_ge34_qr14_tau84,48,32,34,0.14,0.84,93.92,89.03,93.48,90.04,0.00,PASS,,recovery_detected,True,False,0,1613,1,19,,,,,,,,,,,,,,,,,93.48,,,
CMA-ES,20260607,45,4,6,cma_r45_004_tl33_dt30_ge29_qr20_tau83,33,30,29,0.2,0.83,145.92,89.28,140.77,90.04,0.00,PASS,,recovery_detected,True,False,0,2195,1,23,,,,,,,,,,,,,,,,,140.77,,,
CMA-ES,20260607,45,5,6,cma_r45_005_tl50_dt23_ge37_qr15_tau83,50,23,37,0.15,0.83,145.92,83.75,140.27,90.04,0.00,PASS,,recovery_detected,True,False,0,2728,1,19,,,,,,,,,,,,,,,,,140.27,,,
CMA-ES,20260607,45,6,6,cma_r45_006_tl30_dt33_ge27_qr9_tau84,30,33,27,0.09,0.84,92.92,87.84,92.46,90.04,0.00,PASS,,recovery_detected,True,False,0,1631,1,21,,,,,,,,,,,,,,,,,92.46,,,
CMA-ES,20260607,46,1,6,cma_r46_001_tl37_dt23_ge27_qr16_tau83,37,23,27,0.16,0.83,144.92,82.12,139.21,90.04,0.00,PASS,,recovery_detected,True,False,0,2735,1,22,,,,,,,,,,,,,,,,,139.21,,,
CMA-ES,20260607,46,2,6,cma_r46_002_tl22_dt26_ge25_qr5_tau84,22,26,25,0.05,0.84,145.92,82.90,140.19,90.04,0.00,PASS,,recovery_detected,True,False,0,2654,1,25,,,,,,,,,,,,,,,,,140.19,,,
CMA-ES,20260607,46,3,6,cma_r46_003_tl15_dt35_ge26_qr17_tau83,15,35,26,0.17,0.83,138.92,88.50,134.34,90.04,0.00,PASS,,recovery_detected,True,False,0,1993,1,27,,,,,,,,,,,,,,,,,134.34,,,
CMA-ES,20260607,46,4,6,cma_r46_004_tl27_dt28_ge25_qr8_tau83,27,28,25,0.08,0.83,145.92,87.34,140.59,90.04,0.00,PASS,,recovery_detected,True,False,0,2451,1,25,,,,,,,,,,,,,,,,,140.59,,,
CMA-ES,20260607,46,5,6,cma_r46_005_tl33_dt32_ge27_qr21_tau81,33,32,27,0.21,0.81,91.92,88.32,91.59,90.04,0.00,PASS,,recovery_detected,True,False,0,1645,1,21,,,,,,,,,,,,,,,,,91.59,,,
CMA-ES,20260607,46,6,6,cma_r46_006_tl27_dt31_ge26_qr15_tau81,27,31,26,0.15,0.81,137.92,88.49,133.43,90.04,0.00,PASS,,recovery_detected,True,False,0,2014,1,25,,,,,,,,,,,,,,,,,133.43,,,
CMA-ES,20260607,47,1,6,cma_r47_001_tl46_dt26_ge28_qr15_tau82,46,26,28,0.15,0.82,92.92,82.26,91.95,90.04,0.00,PASS,,recovery_detected,True,False,0,1928,1,18,,,,,,,,,,,,,,,,,91.95,,,
CMA-ES,20260607,47,2,6,cma_r47_002_tl61_dt29_ge31_qr20_tau80,61,29,31,0.2,0.8,144.92,89.17,139.85,90.04,0.00,PASS,,recovery_detected,True,False,0,2449,1,24,,,,,,,,,,,,,,,,,139.85,,,
CMA-ES,20260607,47,3,6,cma_r47_003_tl42_dt31_ge28_qr21_tau81,42,31,28,0.21,0.81,144.92,88.45,139.79,90.04,0.00,PASS,,recovery_detected,True,False,0,2433,1,24,,,,,,,,,,,,,,,,,139.79,,,
CMA-ES,20260607,47,4,6,cma_r47_004_tl40_dt25_ge26_qr22_tau81,40,25,26,0.22,0.81,90.92,81.45,90.06,90.04,0.00,PASS,,recovery_detected,True,False,0,1940,1,19,,,,,,,,,,,,,,,,,90.06,,,
CMA-ES,20260607,47,5,6,cma_r47_005_tl34_dt37_ge28_qr20_tau82,34,37,28,0.2,0.82,162.92,90.93,156.38,90.04,0.00,PASS,,recovery_detected,True,False,0,1575,1,30,,,,,,,,,,,,,,,,,156.38,,,
CMA-ES,20260607,47,6,6,cma_r47_006_tl23_dt32_ge22_qr19_tau80,23,32,22,0.19,0.8,144.92,88.14,139.76,90.04,0.00,PASS,,recovery_detected,True,False,0,2414,1,25,,,,,,,,,,,,,,,,,139.76,,,
CMA-ES,20260607,48,1,6,cma_r48_001_tl33_dt30_ge26_qr17_tau81,33,30,26,0.17,0.81,138.92,90.34,134.50,90.04,0.00,PASS,,recovery_detected,True,False,0,1938,1,25,,,,,,,,,,,,,,,,,134.50,,,
CMA-ES,20260607,48,2,6,cma_r48_002_tl42_dt23_ge25_qr23_tau81,42,23,25,0.23,0.81,165.92,82.93,158.38,90.04,0.00,PASS,,recovery_detected,True,False,0,2855,1,25,,,,,,,,,,,,,,,,,158.38,,,
CMA-ES,20260607,48,3,6,cma_r48_003_tl65_dt28_ge34_qr20_tau82,65,28,34,0.2,0.82,90.92,92.77,91.09,90.04,0.00,PASS,,recovery_detected,True,False,0,1698,1,19,,,,,,,,,,,,,,,,,91.09,,,
CMA-ES,20260607,48,4,6,cma_r48_004_tl38_dt28_ge28_qr22_tau82,38,28,28,0.22,0.82,91.92,91.89,91.92,90.04,0.00,PASS,,recovery_detected,True,False,0,1710,1,20,,,,,,,,,,,,,,,,,91.92,,,
CMA-ES,20260607,48,5,6,cma_r48_005_tl54_dt30_ge34_qr18_tau81,54,30,34,0.18,0.81,94.92,87.48,94.24,90.04,0.00,PASS,,recovery_detected,True,False,0,1645,1,19,,,,,,,,,,,,,,,,,94.24,,,
CMA-ES,20260607,48,6,6,cma_r48_006_tl31_dt27_ge23_qr19_tau82,31,27,23,0.19,0.82,145.92,81.93,140.10,90.04,0.00,PASS,,recovery_detected,True,False,0,2529,1,25,,,,,,,,,,,,,,,,,140.10,,,
CMA-ES,20260607,49,1,6,cma_r49_001_tl66_dt25_ge35_qr14_tau83,66,25,35,0.14,0.83,94.92,81.71,93.72,90.04,0.00,PASS,,recovery_detected,True,False,0,1949,1,17,,,,,,,,,,,,,,,,,93.72,,,
CMA-ES,20260607,49,2,6,cma_r49_002_tl68_dt32_ge31_qr17_tau82,68,32,31,0.17,0.82,93.92,88.32,93.41,90.04,0.00,PASS,,recovery_detected,True,False,0,1643,1,20,,,,,,,,,,,,,,,,,93.41,,,
CMA-ES,20260607,49,3,6,cma_r49_003_tl63_dt26_ge28_qr21_tau82,63,26,28,0.21,0.82,92.92,82.26,91.95,90.04,0.00,PASS,,recovery_detected,True,False,0,1928,1,18,,,,,,,,,,,,,,,,,91.95,,,
CMA-ES,20260607,49,4,6,cma_r49_004_tl81_dt24_ge34_qr33_tau80,81,24,34,0.33,0.8,190.92,85.87,181.37,90.04,0.00,PASS,,recovery_detected,True,False,0,2703,0,24,,,,,,,,,,,,,,,,,181.37,,,
CMA-ES,20260607,49,5,6,cma_r49_005_tl89_dt21_ge38_qr27_tau82,89,21,38,0.27,0.82,138.92,84.58,133.98,90.04,0.00,PASS,,recovery_detected,True,False,0,2529,1,17,,,,,,,,,,,,,,,,,133.98,,,
CMA-ES,20260607,49,6,6,cma_r49_006_tl66_dt27_ge36_qr24_tau82,66,27,36,0.24,0.82,93.92,82.40,92.87,90.04,0.00,PASS,,recovery_detected,True,False,0,1700,1,17,,,,,,,,,,,,,,,,,92.87,,,
CMA-ES,20260607,50,1,6,cma_r50_001_tl64_dt29_ge30_qr28_tau83,64,29,30,0.28,0.83,145.92,88.68,140.72,90.04,0.00,PASS,,recovery_detected,True,False,0,2440,1,24,,,,,,,,,,,,,,,,,140.72,,,
CMA-ES,20260607,50,2,6,cma_r50_002_tl49_dt37_ge26_qr30_tau80,49,37,26,0.3,0.8,107.92,87.54,106.07,90.04,0.00,PASS,,recovery_detected,True,False,0,1443,1,29,,,,,,,,,,,,,,,,,106.07,,,
CMA-ES,20260607,50,3,6,cma_r50_003_tl31_dt19_ge23_qr28_tau81,31,19,23,0.28,0.81,137.92,93.11,133.85,90.04,0.00,PASS,,recovery_detected,True,False,0,2669,1,19,,,,,,,,,,,,,,,,,133.85,,,
CMA-ES,20260607,50,4,6,cma_r50_004_tl62_dt26_ge31_qr20_tau82,62,26,31,0.2,0.82,92.92,82.29,91.95,90.04,0.00,PASS,,recovery_detected,True,False,0,1925,1,18,,,,,,,,,,,,,,,,,91.95,,,
CMA-ES,20260607,50,5,6,cma_r50_005_tl61_dt25_ge21_qr29_tau82,61,25,21,0.29,0.82,137.92,82.97,132.92,90.04,0.00,PASS,,recovery_detected,True,False,0,2324,1,26,,,,,,,,,,,,,,,,,132.92,,,
CMA-ES,20260607,50,6,6,cma_r50_006_tl76_dt24_ge31_qr26_tau82,76,24,31,0.26,0.82,144.92,83.43,139.33,90.04,0.00,PASS,,recovery_detected,True,False,0,2710,1,19,,,,,,,,,,,,,,,,,139.33,,,
