method,seed,round,round_theta_index,theta_per_round,parameter_id,t_lead,delta_T_thr,G_ext,Q_ratio,tau,D_E_sec,D_G_sec,score,best_so_far,penalty,final_status,failure_reason,termination_reason,emergency_arrived,emergency_teleport,background_teleported,signal_event_count,stage2_hold_count,stage3_preemption_count,surrogate_mean,surrogate_ci_low,surrogate_ci_high,raw_ei_acquisition,acquisition,bo_selection_strategy,bo_candidate_source,bo_plateau_mode,essi_acquisition,essi_1,essi_2,essi_3,essi_4,essi_5,essi_6,essi_max,essi_mean,essi_log_max,dominant_essi_subspace,spatial_activation_score,raw_score,essi_log_max_ewma,essi_spc_status,essi_stop_recommended
BO,20260607,1,1,6,bo_r01_001_tl58_dt79_ge42_qr4_tau81,58,79,42,0.04,0.81,319.92,388.94,326.19,326.19,0.00,PASS,,recovery_timeout,True,False,0,445,1,33,-29610.95,-224308.46,165086.55,6.66,23.69,incumbent_exploitation,trust_region,False,15.94,5.08,3.31,4.13,3.17,15.94,6.04,15.94,6.28,2.76910039,5,0.669221,326.19,,,
BO,20260607,1,2,6,bo_r01_002_tl58_dt79_ge41_qr4_tau80,58,79,41,0.04,0.8,0.00,498.24,1000045.29,326.19,1000000.00,FAIL,emergency_stuck,emergency_stuck,False,False,0,246,1,22,-4081.66,-416331.49,408168.17,9.72,23.13,incumbent_exploitation,trust_region,False,15.24,4.88,3.17,3.97,3.02,15.24,5.72,15.24,6.00,2.72391555,5,0.654971,45.29,,,
BO,20260607,1,3,6,bo_r01_003_tl60_dt79_ge42_qr5_tau82,60,79,42,0.05,0.82,319.92,388.94,326.19,326.19,0.00,PASS,,recovery_timeout,True,False,0,445,1,33,-13398.66,-257326.22,230528.89,0.17,22.64,incumbent_exploitation,local,False,15.63,4.99,3.26,4.04,3.12,15.63,5.97,15.63,6.17,2.74911096,5,0.686415,326.19,,,
BO,20260607,1,4,6,bo_r01_004_tl60_dt78_ge42_qr3_tau81,60,78,42,0.03,0.81,319.92,388.94,326.19,326.19,0.00,PASS,,recovery_timeout,True,False,0,445,1,33,-3998.10,-320953.86,312957.65,9.53,22.41,incumbent_exploitation,local,False,15.13,4.86,3.17,3.93,3.01,15.13,5.72,15.13,5.97,2.71635724,5,0.670905,326.19,,,
BO,20260607,1,5,6,bo_r01_005_tl60_dt79_ge42_qr4_tau82,60,79,42,0.04,0.82,319.92,388.94,326.19,326.19,0.00,PASS,,recovery_timeout,True,False,0,445,1,33,-9217.51,-207193.25,188758.22,0.67,22.20,incumbent_exploitation,local,False,15.27,4.88,3.18,3.95,3.05,15.27,5.83,15.27,6.03,2.72606328,5,0.684015,326.19,,,
BO,20260607,1,6,6,bo_r01_006_tl60_dt83_ge42_qr5_tau81,60,83,42,0.05,0.81,319.92,388.94,326.19,326.19,0.00,PASS,,recovery_timeout,True,False,0,445,1,33,5824.27,-280224.88,291873.42,4.86,21.96,incumbent_exploitation,local,False,14.89,4.77,3.11,3.87,2.97,14.89,5.65,14.89,5.88,2.70089810,5,0.674254,326.19,,,
BO,20260607,2,1,6,bo_r02_001_tl57_dt82_ge46_qr6_tau83,57,82,46,0.06,0.83,0.00,473.05,1000043.00,326.19,1000000.00,FAIL,emergency_stuck,emergency_stuck,False,False,0,246,1,27,-310268.79,-1056425.35,435887.78,0.04,13.18,incumbent_exploitation,local,True,9.36,2.95,1.93,2.40,1.87,9.36,3.62,9.36,3.69,2.23600834,5,0.706253,43.00,,,
BO,20260607,2,2,6,bo_r02_002_tl59_dt75_ge46_qr2_tau83,59,75,46,0.02,0.83,927.92,303.29,871.14,326.19,0.00,PASS,,recovery_detected,True,False,0,732,1,62,-322252.72,-1066949.10,422443.65,0.23,13.17,incumbent_exploitation,local,True,9.30,2.96,1.94,2.40,1.86,9.30,3.58,9.30,3.67,2.22965864,5,0.702479,871.14,,,
BO,20260607,2,3,6,bo_r02_003_tl61_dt78_ge46_qr5_tau83,61,78,46,0.05,0.83,0.00,491.75,1000044.70,326.19,1000000.00,FAIL,emergency_stuck,emergency_stuck,False,False,0,166,1,23,-356888.26,-1114169.49,400392.98,0.08,13.16,incumbent_exploitation,local,True,9.43,3.01,1.97,2.43,1.90,9.43,3.65,9.43,3.73,2.24368660,5,0.712603,44.70,,,
BO,20260607,2,4,6,bo_r02_004_tl59_dt83_ge46_qr3_tau82,59,83,46,0.03,0.82,993.92,312.66,931.99,326.19,0.00,PASS,,recovery_timeout,True,False,0,585,1,66,-438550.20,-1183123.53,306023.13,0.45,13.10,incumbent_exploitation,local,True,9.11,2.91,1.90,2.36,1.82,9.11,3.49,9.11,3.60,2.20909411,5,0.691557,931.99,,,
BO,20260607,2,5,6,bo_r02_005_tl57_dt76_ge46_qr6_tau82,57,76,46,0.06,0.82,0.00,496.77,1000045.16,326.19,1000000.00,FAIL,emergency_stuck,emergency_stuck,False,False,0,230,1,22,-410910.24,-1159594.93,337774.44,0.18,13.09,incumbent_exploitation,local,True,9.17,2.90,1.90,2.36,1.83,9.17,3.53,9.17,3.62,2.21602587,5,0.696994,45.16,,,
BO,20260607,2,6,6,bo_r02_006_tl57_dt76_ge47_qr5_tau82,57,76,47,0.05,0.82,0.00,496.64,1000045.15,326.19,1000000.00,FAIL,emergency_stuck,emergency_stuck,False,False,0,213,1,22,-186393.01,-1019404.37,646618.34,0.02,13.08,incumbent_exploitation,local,True,9.18,2.91,1.91,2.36,1.84,9.18,3.53,9.18,3.62,2.21655495,5,0.697844,45.15,,,
BO,20260607,3,1,6,bo_r03_001_tl53_dt67_ge43_qr0_tau86,53,67,43,0.0,0.86,0.00,494.83,1000044.98,326.19,1000000.00,FAIL,emergency_stuck,emergency_stuck,False,False,0,423,1,21,412897.43,-141464.20,967259.05,39.72,12.09,incumbent_exploitation,local,True,8.65,2.66,1.76,2.20,1.72,8.65,3.38,8.65,3.39,2.15728853,5,0.711866,44.98,,,
BO,20260607,3,2,6,bo_r03_002_tl51_dt78_ge42_qr7_tau87,51,78,42,0.07,0.87,319.92,388.94,326.19,326.19,0.00,PASS,,recovery_timeout,True,False,0,445,1,33,731064.67,86061.89,1376067.44,0.00,11.79,incumbent_exploitation,local,True,8.64,2.60,1.73,2.17,1.72,8.64,3.42,8.64,3.38,2.15620856,5,0.729429,326.19,,,
BO,20260607,3,3,6,bo_r03_003_tl62_dt62_ge43_qr0_tau83,62,62,43,0.0,0.83,0.00,494.83,1000044.98,326.19,1000000.00,FAIL,emergency_stuck,emergency_stuck,False,False,0,489,1,21,-41116.21,-512139.38,429906.96,27.48,11.77,incumbent_exploitation,local,True,8.25,2.66,1.74,2.14,1.66,8.25,3.16,8.25,3.27,2.11062850,5,0.697393,44.98,,,
BO,20260607,3,4,6,bo_r03_004_tl66_dt91_ge43_qr0_tau82,66,91,43,0.0,0.82,0.00,463.40,1000042.13,326.19,1000000.00,FAIL,emergency_stuck,emergency_stuck,False,False,0,253,1,31,-49005.35,-591322.56,493311.86,0.00,11.64,incumbent_exploitation,trust_region,True,8.03,2.63,1.71,2.10,1.61,8.03,3.04,8.03,3.19,2.08284516,5,0.685567,42.13,,,
BO,20260607,3,5,6,bo_r03_005_tl64_dt63_ge42_qr6_tau86,64,63,42,0.06,0.86,0.00,497.99,1000045.27,326.19,1000000.00,FAIL,emergency_stuck,emergency_stuck,False,False,0,483,1,21,599577.25,64951.35,1134203.15,0.53,11.63,incumbent_exploitation,local,True,8.70,2.76,1.82,2.23,1.76,8.70,3.42,8.70,3.45,2.16348145,5,0.745047,45.27,,,
BO,20260607,3,6,6,bo_r03_006_tl63_dt66_ge43_qr0_tau82,63,66,43,0.0,0.82,0.00,494.83,1000044.98,326.19,1000000.00,FAIL,emergency_stuck,emergency_stuck,False,False,0,423,1,21,-149522.67,-583698.09,284652.75,35.45,11.62,incumbent_exploitation,local,True,8.03,2.61,1.70,2.09,1.61,8.03,3.05,8.03,3.18,2.08335146,5,0.687129,44.98,,,
BO,20260607,4,1,6,bo_r04_001_tl49_dt82_ge42_qr9_tau88,49,82,42,0.09,0.88,319.92,388.94,326.19,326.19,0.00,PASS,,recovery_timeout,True,False,0,445,1,33,-2208.34,-443225.61,438808.94,8.33,22.26,incumbent_exploitation,trust_region,True,16.55,4.92,3.28,4.13,3.29,16.55,6.61,16.55,6.46,2.80642201,5,0.740274,326.19,,,
BO,20260607,4,2,6,bo_r04_002_tl49_dt80_ge42_qr10_tau88,49,80,42,0.1,0.88,319.92,388.94,326.19,326.19,0.00,PASS,,recovery_timeout,True,False,0,445,1,33,-619.63,-481830.03,480590.76,3.67,22.25,incumbent_exploitation,local,True,16.62,4.94,3.30,4.14,3.31,16.62,6.64,16.62,6.49,2.81033275,5,0.743254,326.19,,,
BO,20260607,4,3,6,bo_r04_003_tl49_dt80_ge41_qr9_tau88,49,80,41,0.09,0.88,0.00,498.24,1000045.29,326.19,1000000.00,FAIL,emergency_stuck,emergency_stuck,False,False,0,246,1,22,22477.67,-444868.29,489823.63,0.00,21.96,incumbent_exploitation,trust_region,True,16.27,4.83,3.23,4.06,3.24,16.27,6.49,16.27,6.35,2.78945090,5,0.737604,45.29,,,
BO,20260607,4,4,6,bo_r04_004_tl48_dt79_ge42_qr10_tau88,48,79,42,0.1,0.88,319.92,388.94,326.19,326.19,0.00,PASS,,recovery_timeout,True,False,0,445,1,33,14647.48,-510310.70,539605.65,1.79,21.73,incumbent_exploitation,local,True,16.19,4.79,3.20,4.03,3.22,16.19,6.48,16.19,6.32,2.78456488,5,0.741647,326.19,,,
BO,20260607,4,5,6,bo_r04_005_tl49_dt80_ge42_qr11_tau88,49,80,42,0.11,0.88,319.92,388.94,326.19,326.19,0.00,PASS,,recovery_timeout,True,False,0,445,1,33,42301.53,-526086.36,610689.42,2.87,21.70,incumbent_exploitation,trust_region,True,16.25,4.82,3.22,4.05,3.24,16.25,6.51,16.25,6.35,2.78818057,5,0.745654,326.19,,,
BO,20260607,4,6,6,bo_r04_006_tl51_dt80_ge42_qr9_tau87,51,80,42,0.09,0.87,319.92,388.94,326.19,326.19,0.00,PASS,,recovery_timeout,True,False,0,445,1,33,-20591.51,-321522.98,280339.96,2.89,21.62,incumbent_exploitation,trust_region,True,15.93,4.79,3.19,4.00,3.18,15.93,6.33,15.93,6.24,2.76845679,5,0.733649,326.19,,,
BO,20260607,5,1,6,bo_r05_001_tl43_dt74_ge45_qr14_tau88,43,74,45,0.14,0.88,0.00,466.19,1000042.38,326.19,1000000.00,FAIL,emergency_stuck,emergency_stuck,False,False,0,478,1,30,-195483.55,-980214.79,589247.69,0.00,13.55,incumbent_exploitation,local,True,10.24,2.98,2.00,2.53,2.03,10.24,4.13,10.24,3.99,2.32661320,5,0.752962,42.38,,,
BO,20260607,5,2,6,bo_r05_002_tl45_dt76_ge45_qr15_tau88,45,76,45,0.15,0.88,906.92,307.30,852.41,326.19,0.00,PASS,,recovery_timeout,True,False,0,562,1,62,-243921.03,-1001242.83,513400.77,0.00,13.52,incumbent_exploitation,trust_region,True,10.30,3.01,2.02,2.55,2.05,10.30,4.16,10.30,4.02,2.33211848,5,0.758576,852.41,,,
BO,20260607,5,3,6,bo_r05_003_tl45_dt72_ge45_qr14_tau89,45,72,45,0.14,0.89,0.00,464.74,1000042.25,326.19,1000000.00,FAIL,emergency_stuck,emergency_stuck,False,False,0,491,1,30,-217227.26,-985345.96,550891.44,0.00,13.50,incumbent_exploitation,trust_region,True,10.41,3.04,2.04,2.57,2.08,10.41,4.23,10.41,4.06,2.34320195,5,0.768337,42.25,,,
BO,20260607,5,4,6,bo_r05_004_tl43_dt76_ge45_qr13_tau87,43,76,45,0.13,0.87,906.92,307.30,852.41,326.19,0.00,PASS,,recovery_timeout,True,False,0,562,1,62,-277350.47,-1033650.39,478949.45,0.00,13.49,incumbent_exploitation,local,True,10.02,2.92,1.96,2.48,1.98,10.02,4.02,10.02,3.90,2.30422299,5,0.738981,852.41,,,
BO,20260607,5,5,6,bo_r05_005_tl47_dt77_ge46_qr13_tau88,47,77,46,0.13,0.88,0.00,494.21,1000044.93,326.19,1000000.00,FAIL,emergency_stuck,emergency_stuck,False,False,0,285,1,22,-201775.10,-975587.23,572037.04,0.00,13.49,incumbent_exploitation,local,True,10.30,3.04,2.04,2.56,2.06,10.30,4.15,10.30,4.03,2.33246537,5,0.760530,44.93,,,
BO,20260607,5,6,6,bo_r05_006_tl45_dt78_ge45_qr15_tau87,45,78,45,0.15,0.87,0.00,475.30,1000043.21,326.19,1000000.00,FAIL,emergency_stuck,emergency_stuck,False,False,0,314,1,27,-251906.05,-1004129.82,500317.73,0.00,13.48,incumbent_exploitation,trust_region,True,10.11,2.97,1.99,2.51,2.01,10.11,4.06,10.11,3.94,2.31380538,5,0.746996,43.21,,,
