connected_road_no,side_edge_sub_index,side_edge_id,relation_to_mainroad_node,junction_id,nearest_route_edge_id,nearest_segment_id,mainroad_edge_ids_at_junction,distance_from_fire_station_m,side_edge_length_m,side_edge_lane_count,side_edge_speed_kmh,side_from_node,side_to_node
1,1,-381802847#4,leaves_mainroad_node,3785139882,420331801#1,S1,420331801#1,0.0,16.56,1,50.0,3785139882,3849700345
1,2,-381802847#5,enters_mainroad_node,3785139882,420331801#1,S1,420331801#1,0.0,23.46,1,50.0,cluster_436833098_8496719929,3785139882
1,3,-420331801#0,leaves_mainroad_node,3785139882,420331801#1,S1,420331801#1,0.0,82.24,1,30.0,3785139882,3785139881
1,4,-420331801#1,enters_mainroad_node,3785139882,420331801#1,S1,420331801#1,0.0,90.33,2,30.0,cluster_3849737606_8401234720_8496719924,3785139882
1,5,381802847#4,enters_mainroad_node,3785139882,420331801#1,S1,420331801#1,0.0,16.56,1,50.0,3849700345,3785139882
1,6,381802847#5,leaves_mainroad_node,3785139882,420331801#1,S1,420331801#1,0.0,22.99,1,50.0,3785139882,cluster_436833098_8496719929
1,7,420331801#0,enters_mainroad_node,3785139882,420331801#1,S1,420331801#1,0.0,82.24,1,30.0,3785139881,3785139882
2,1,-381807698#2,leaves_mainroad_node,cluster_3849737606_8401234720_8496719924,420331801#1,S1,-174870621#8 -174870621#9 174870621#8 174870621#9 420331801#1,89.43,84.29,2,50.0,cluster_3849737606_8401234720_8496719924,cluster_8401224588_8401234723
2,2,-420331801#1,leaves_mainroad_node,cluster_3849737606_8401234720_8496719924,420331801#1,S1,-174870621#8 -174870621#9 174870621#8 174870621#9 420331801#1,89.43,90.33,2,30.0,cluster_3849737606_8401234720_8496719924,3785139882
2,3,381807698#2,enters_mainroad_node,cluster_3849737606_8401234720_8496719924,420331801#1,S1,-174870621#8 -174870621#9 174870621#8 174870621#9 420331801#1,89.43,83.76,1,50.0,cluster_8401224588_8401234723,cluster_3849737606_8401234720_8496719924
3,1,-381802881#1,leaves_mainroad_node,cluster_3849700778_8496719967,-174870621#8,S1,-174870621#7 -174870621#8 174870621#7 174870621#8,146.56,53.37,2,50.0,cluster_3849700778_8496719967,3849700349
3,2,381802881#1,enters_mainroad_node,cluster_3849700778_8496719967,-174870621#8,S1,-174870621#7 -174870621#8 174870621#7 174870621#8,146.56,54.97,2,50.0,3849700349,cluster_3849700778_8496719967
4,1,375125205#5,enters_mainroad_node,cluster_3849737603_8401224596,-174870621#6,S1,-174870621#5 -174870621#6 174870621#5 174870621#6,183.16,60.72,1,30.0,3849737617,cluster_3849737603_8401224596
5,1,-183272625#1,enters_mainroad_node,cluster_436864145_7308485596_8401224597_8496719965,-174870621#4,S1,-174870621#2 -174870621#4 174870621#2 174870621#4,229.74,11.35,2,50.0,cluster_1326096615_3849700763,cluster_436864145_7308485596_8401224597_8496719965
5,2,-782616914#1,enters_mainroad_node,cluster_436864145_7308485596_8401224597_8496719965,-174870621#4,S1,-174870621#2 -174870621#4 174870621#2 174870621#4,229.74,18.85,1,50.0,7308485597,cluster_436864145_7308485596_8401224597_8496719965
5,3,183272625#1,leaves_mainroad_node,cluster_436864145_7308485596_8401224597_8496719965,-174870621#4,S1,-174870621#2 -174870621#4 174870621#2 174870621#4,229.74,10.02,2,50.0,cluster_436864145_7308485596_8401224597_8496719965,cluster_1326096615_3849700763
5,4,782616914#1,leaves_mainroad_node,cluster_436864145_7308485596_8401224597_8496719965,-174870621#4,S1,-174870621#2 -174870621#4 174870621#2 174870621#4,229.74,18.85,2,50.0,cluster_436864145_7308485596_8401224597_8496719965,7308485597
6,1,381807720#1,leaves_mainroad_node,cluster_436864147_8401224600_8401234719,-174870621#2,S2,-174870621#0 -174870621#2 174870621#0 174870621#2,294.49,99.85,2,50.0,cluster_436864147_8401224600_8401234719,8454050955
7,1,-381452153,enters_mainroad_node,cluster_4202586292_436877432_436877433,180368918#0,S3,-180368918#0 -180368918#3 180368918#0 180368918#3,446.57,57.78,2,50.0,cluster_1945254567_3846534052_436864153_7293684328_#1more,cluster_4202586292_436877432_436877433
7,2,-420319845,enters_mainroad_node,cluster_4202586292_436877432_436877433,180368918#0,S3,-180368918#0 -180368918#3 180368918#0 180368918#3,446.57,126.24,1,50.0,cluster_4202586296_7491131323,cluster_4202586292_436877432_436877433
7,3,183272604,leaves_mainroad_node,cluster_4202586292_436877432_436877433,180368918#0,S3,-180368918#0 -180368918#3 180368918#0 180368918#3,446.57,13.14,2,50.0,cluster_4202586292_436877432_436877433,cluster_436827161_8496719958
7,4,381452153,leaves_mainroad_node,cluster_4202586292_436877432_436877433,180368918#0,S3,-180368918#0 -180368918#3 180368918#0 180368918#3,446.57,58.22,2,50.0,cluster_4202586292_436877432_436877433,cluster_1945254567_3846534052_436864153_7293684328_#1more
7,5,420319845,leaves_mainroad_node,cluster_4202586292_436877432_436877433,180368918#0,S3,-180368918#0 -180368918#3 180368918#0 180368918#3,446.57,124.12,2,50.0,cluster_4202586292_436877432_436877433,cluster_4202586296_7491131323
8,1,-381452176#1,leaves_mainroad_node,cluster_3846534041_436877431,180368918#3,S5,-180368918#3 -180368918#5 180368918#3 180368918#5,471.93,46.37,2,50.0,cluster_3846534041_436877431,3846534029
8,2,381452176#1,enters_mainroad_node,cluster_3846534041_436877431,180368918#3,S5,-180368918#3 -180368918#5 180368918#3 180368918#5,471.93,48.4,1,50.0,3846534029,cluster_3846534041_436877431
9,1,-381452158,enters_mainroad_node,3846534039,180368918#5,S5,-180368918#5 -180368918#6 180368918#5 180368918#6,491.35,56.17,1,50.0,3846534029,3846534039
9,2,381452158,leaves_mainroad_node,3846534039,180368918#5,S5,-180368918#5 -180368918#6 180368918#5 180368918#6,491.35,63.14,2,50.0,3846534039,3846534029
10,1,-329612996,enters_mainroad_node,3365325935,180368918#6,S5,-180368918#6 -180368918#7 180368918#6 180368918#7,507.68,118.98,2,50.0,436864154,3365325935
10,2,-381452169,enters_mainroad_node,3365325935,180368918#6,S5,-180368918#6 -180368918#7 180368918#6 180368918#7,507.68,62.21,1,50.0,4202586291,3365325935
10,3,329612996,leaves_mainroad_node,3365325935,180368918#6,S5,-180368918#6 -180368918#7 180368918#6 180368918#7,507.68,116.92,2,50.0,3365325935,436864154
10,4,381452169,leaves_mainroad_node,3365325935,180368918#6,S5,-180368918#6 -180368918#7 180368918#6 180368918#7,507.68,62.66,2,50.0,3365325935,4202586291
11,1,-218923171#5,leaves_mainroad_node,414685825,180368918#8,S5,-180368918#8 -218773868#0 180368918#8 218773868#0,573.27,14.24,4,50.0,414685825,436883285
11,2,-913009312#10,leaves_mainroad_node,414685825,180368918#8,S5,-180368918#8 -218773868#0 180368918#8 218773868#0,573.27,6.55,2,50.0,414685825,436870731
11,3,218923171#5,enters_mainroad_node,414685825,180368918#8,S5,-180368918#8 -218773868#0 180368918#8 218773868#0,573.27,14.24,4,50.0,436883285,414685825
11,4,913009312#10,enters_mainroad_node,414685825,180368918#8,S5,-180368918#8 -218773868#0 180368918#8 218773868#0,573.27,6.55,2,50.0,436870731,414685825
12,1,183272587,enters_mainroad_node,cluster_436877427_8577223944,218773868#0,S5,-218773868#0 -218773868#2 218773868#0 218773868#2,590.69,33.58,1,50.0,1936511488,cluster_436877427_8577223944
12,2,381447835#0,leaves_mainroad_node,cluster_436877427_8577223944,218773868#0,S5,-218773868#0 -218773868#2 218773868#0 218773868#2,590.69,25.97,2,50.0,cluster_436877427_8577223944,11118688131
13,1,-381447826,leaves_mainroad_node,436877426,218773868#2,S6,-218773868#2 -218773868#3 218773868#2 218773868#3,637.8,43.6,2,50.0,436877426,3846495845
13,2,-381447833#0,enters_mainroad_node,436877426,218773868#2,S6,-218773868#2 -218773868#3 218773868#2 218773868#3,637.8,43.75,1,50.0,3846495816,436877426
13,3,381447826,enters_mainroad_node,436877426,218773868#2,S6,-218773868#2 -218773868#3 218773868#2 218773868#3,637.8,43.16,1,50.0,3846495845,436877426
13,4,381447833#0,leaves_mainroad_node,436877426,218773868#2,S6,-218773868#2 -218773868#3 218773868#2 218773868#3,637.8,44.29,2,50.0,436877426,3846495816
14,1,-381447832,enters_mainroad_node,3846495828,218773868#3,S6,-218773868#3 -218773868#4 218773868#3 218773868#4,659.28,75.77,1,50.0,3337470956,3846495828
14,2,-420331827,leaves_mainroad_node,3846495828,218773868#3,S6,-218773868#3 -218773868#4 218773868#3 218773868#4,659.28,41.02,2,50.0,3846495828,3846495816
14,3,381447832,leaves_mainroad_node,3846495828,218773868#3,S6,-218773868#3 -218773868#4 218773868#3 218773868#4,659.28,74.34,2,50.0,3846495828,3337470956
14,4,420331827,enters_mainroad_node,3846495828,218773868#3,S6,-218773868#3 -218773868#4 218773868#3 218773868#4,659.28,38.61,1,50.0,3846495816,3846495828
15,1,-381447817#1,leaves_mainroad_node,3846495825,218773868#4,S6,-218773868#4 -218773868#5 218773868#4 218773868#5,719.48,105.18,2,50.0,3846495825,1327210822
15,2,-381447831#1,leaves_mainroad_node,3846495825,218773868#4,S6,-218773868#4 -218773868#5 218773868#4 218773868#5,719.48,19.46,2,50.0,3846495825,3846495832
15,3,381447817#1,enters_mainroad_node,3846495825,218773868#4,S6,-218773868#4 -218773868#5 218773868#4 218773868#5,719.48,105.35,1,50.0,1327210822,3846495825
15,4,381447831#1,enters_mainroad_node,3846495825,218773868#4,S6,-218773868#4 -218773868#5 218773868#4 218773868#5,719.48,12.61,1,50.0,3846495832,3846495825
16,1,-348626444#3,leaves_mainroad_node,3547031098,218773868#5,S6,-218773868#5 -218773868#6 218773868#5 218773868#6,767.47,24.87,2,50.0,3547031098,3846495835
16,2,348626444#3,enters_mainroad_node,3547031098,218773868#5,S6,-218773868#5 -218773868#6 218773868#5 218773868#6,767.47,24.87,1,50.0,3846495835,3547031098
17,1,381447828,leaves_mainroad_node,3846495820,218773868#6,S6,-1455512070 -218773868#6 1455512070 218773868#6,779.49,88.56,2,50.0,3846495820,3846495797
18,1,-1455512067,leaves_mainroad_node,cluster_13348213189_13348213190_13348213191_4273893706_#1more,-1455512070,S6,-1455512070 1455512066 1455512070 428260110,849.33,10.02,2,50.0,cluster_13348213189_13348213190_13348213191_4273893706_#1more,4273893719
18,2,-428260116#0,enters_mainroad_node,cluster_13348213189_13348213190_13348213191_4273893706_#1more,-1455512070,S6,-1455512070 1455512066 1455512070 428260110,849.33,63.89,2,50.0,3846542636,cluster_13348213189_13348213190_13348213191_4273893706_#1more
18,3,1455512067,enters_mainroad_node,cluster_13348213189_13348213190_13348213191_4273893706_#1more,-1455512070,S6,-1455512070 1455512066 1455512070 428260110,849.33,10.02,2,50.0,4273893719,cluster_13348213189_13348213190_13348213191_4273893706_#1more
18,4,1455512071,leaves_mainroad_node,cluster_13348213189_13348213190_13348213191_4273893706_#1more,-1455512070,S6,-1455512070 1455512066 1455512070 428260110,849.33,64.43,2,50.0,cluster_13348213189_13348213190_13348213191_4273893706_#1more,3846542636
19,1,-381453328#0,enters_mainroad_node,10864285554,428260110,S7,428260110 785130600#0,884.05,22.05,1,50.0,3846542613,10864285554
19,2,381453328#0,leaves_mainroad_node,10864285554,428260110,S7,428260110 785130600#0,884.05,21.92,1,50.0,10864285554,3846542613
20,1,-381453324,leaves_mainroad_node,7335400044,785130600#0,S7,785130600#0 785130600#1,923.15,22.37,1,50.0,7335400044,cluster_3846542609_3846542610
20,2,381453324,enters_mainroad_node,7335400044,785130600#0,S7,785130600#0 785130600#1,923.15,22.87,1,50.0,cluster_3846542609_3846542610,7335400044
21,1,-420348556#3,leaves_mainroad_node,5863541379,785130600#2,S7,785130600#2 785130600#3,1061.75,56.07,1,50.0,5863541379,3846542596
21,2,420348556#3,enters_mainroad_node,5863541379,785130600#2,S7,785130600#2 785130600#3,1061.75,56.74,1,50.0,3846542596,5863541379
22,1,1501824264,enters_mainroad_node,cluster_436844951_7335400040,785130600#3,S7,1455497343#0 1455497345 785130598#8 785130600#3,1115.88,61.28,2,50.0,cluster_13748939987_3269822966,cluster_436844951_7335400040
23,1,320473386,leaves_mainroad_node,3269944950,1455497345,S7,1455497345 218773869#1,1198.44,53.68,2,50.0,3269944950,3269944951
24,1,-1125773041,enters_mainroad_node,cluster_3846576186_3846576188,218773869#1,S9,218773869#1 218773869#3,1228.19,40.17,1,50.0,3846576206,cluster_3846576186_3846576188
24,2,-381456461,leaves_mainroad_node,cluster_3846576186_3846576188,218773869#1,S9,218773869#1 218773869#3,1228.19,54.86,2,50.0,cluster_3846576186_3846576188,3846576227
24,3,320463283,leaves_mainroad_node,cluster_3846576186_3846576188,218773869#1,S9,218773869#1 218773869#3,1228.19,39.34,2,50.0,cluster_3846576186_3846576188,3846576206
24,4,381456461,enters_mainroad_node,cluster_3846576186_3846576188,218773869#1,S9,218773869#1 218773869#3,1228.19,54.12,1,50.0,3846576227,cluster_3846576186_3846576188
25,1,320463177#0,leaves_mainroad_node,3269820249,218773869#3,S9,218773869#3 218773869#4,1251.54,35.22,2,50.0,3269820249,3846576206
26,1,320463245#6,enters_mainroad_node,3269822954,218773869#4,S9,218773869#4 218773869#5,1290.91,25.82,1,50.0,3846576196,3269822954
27,1,-381456463#1,leaves_mainroad_node,cluster_10294539232_2784743529,218773869#5,S9,218773869#5 218773869#6,1324.01,41.67,2,50.0,cluster_10294539232_2784743529,3846576202
27,2,381456463#1,enters_mainroad_node,cluster_10294539232_2784743529,218773869#5,S9,218773869#5 218773869#6,1324.01,43.12,1,50.0,3846576202,cluster_10294539232_2784743529
28,1,-381456462#2,leaves_mainroad_node,cluster_10294539237_3846576172,218773869#6,S9,218773869#6 218773869#7,1406.26,47.44,2,50.0,cluster_10294539237_3846576172,3846576189
28,2,381456462#2,enters_mainroad_node,cluster_10294539237_3846576172,218773869#6,S9,218773869#6 218773869#7,1406.26,48.19,1,50.0,3846576189,cluster_10294539237_3846576172
29,1,-772527390#2,leaves_mainroad_node,cluster_11346754525_11346754526_2784736947_414685366_#2more,218773869#9,S9,218773869#9 219696193#1 273638834#1 781985792#3 785130598#0,1480.52,12.78,2,50.0,cluster_11346754525_11346754526_2784736947_414685366_#2more,cluster_11833012688_2784736946
29,2,219696192#0,leaves_mainroad_node,cluster_11346754525_11346754526_2784736947_414685366_#2more,218773869#9,S9,218773869#9 219696193#1 273638834#1 781985792#3 785130598#0,1480.52,46.87,2,50.0,cluster_11346754525_11346754526_2784736947_414685366_#2more,7168615338
29,3,772527390#2,enters_mainroad_node,cluster_11346754525_11346754526_2784736947_414685366_#2more,218773869#9,S9,218773869#9 219696193#1 273638834#1 781985792#3 785130598#0,1480.52,12.78,1,50.0,cluster_11833012688_2784736946,cluster_11346754525_11346754526_2784736947_414685366_#2more
30,1,-228796091#4,leaves_mainroad_node,2374697789,219696193#1,S9,219696193#1 219696193#2,1539.57,22.93,1,50.0,2374697789,7168615340
30,2,228796091#4,enters_mainroad_node,2374697789,219696193#1,S9,219696193#1 219696193#2,1539.57,23.22,1,50.0,7168615340,2374697789
31,1,-228795477#0,enters_mainroad_node,10864285556,219696193#2,S11,219696193#2 781985793#0,1580.56,59.9,1,50.0,8120895303,10864285556
31,2,228795477#0,leaves_mainroad_node,10864285556,219696193#2,S11,219696193#2 781985793#0,1580.56,59.22,1,50.0,10864285556,8120895303
32,1,-198691063#0,leaves_mainroad_node,cluster_2087933382_3285441963,347237859#0,S13,347237859#0 347237859#1,1978.32,71.78,1,50.0,cluster_2087933382_3285441963,2087933468
32,2,198691063#0,enters_mainroad_node,cluster_2087933382_3285441963,347237859#0,S13,347237859#0 347237859#1,1978.32,71.78,1,50.0,2087933468,cluster_2087933382_3285441963
33,1,-270279684#1,leaves_mainroad_node,cluster_2753218990_7495868732,347237859#1,S13,347237859#1 347237859#2 781985786#6 781985786#7,1999.88,43.12,2,50.0,cluster_2753218990_7495868732,5484607159
33,2,270279684#1,enters_mainroad_node,cluster_2753218990_7495868732,347237859#1,S13,347237859#1 347237859#2 781985786#6 781985786#7,1999.88,43.12,1,50.0,5484607159,cluster_2753218990_7495868732
34,1,198691061#0,leaves_mainroad_node,1908868479,347237859#2,S14,347237859#2 347237859#3,2016.75,65.43,2,50.0,1908868479,2087933469
35,1,198691092#5,enters_mainroad_node,1327214749,347237859#3,S14,347237859#3 347237859#4,2090.9,61.21,1,50.0,2087933392,1327214749
36,1,198691069#7,enters_mainroad_node,2087933412,347237859#5,S15,347237859#5 781985787#0,2216.25,55.01,1,50.0,2087933463,2087933412
37,1,1467498054,enters_mainroad_node,cluster_11203052955_11203052956_11203052960_11203052961_#11more,781985787#0,S15,218915135#3 781985787#0 781985789#1 913372757,2266.75,41.55,4,50.0,8485147596,cluster_11203052955_11203052956_11203052960_11203052961_#11more
38,1,913405361,leaves_mainroad_node,8484958062,218915135#3,S16,218915135#3 218915135#4,2379.86,51.51,2,50.0,8484958062,3053674659
39,1,-243542153#1,enters_mainroad_node,cluster_10864285557_3217915254_7300992880_9357585533,218915135#4,S17,218915135#4 781983103#2 781983104#0 921117704#0,2414.6,31.48,1,50.0,7297194413,cluster_10864285557_3217915254_7300992880_9357585533
39,2,-315658899#0,enters_mainroad_node,cluster_10864285557_3217915254_7300992880_9357585533,218915135#4,S17,218915135#4 781983103#2 781983104#0 921117704#0,2414.6,143.67,1,50.0,11405764676,cluster_10864285557_3217915254_7300992880_9357585533
39,3,243542153#1,leaves_mainroad_node,cluster_10864285557_3217915254_7300992880_9357585533,218915135#4,S17,218915135#4 781983103#2 781983104#0 921117704#0,2414.6,31.17,2,50.0,cluster_10864285557_3217915254_7300992880_9357585533,7297194413
39,4,315658899#0,leaves_mainroad_node,cluster_10864285557_3217915254_7300992880_9357585533,218915135#4,S17,218915135#4 781983103#2 781983104#0 921117704#0,2414.6,144.74,2,50.0,cluster_10864285557_3217915254_7300992880_9357585533,11405764676
39,5,913406478,enters_mainroad_node,cluster_10864285557_3217915254_7300992880_9357585533,218915135#4,S17,218915135#4 781983103#2 781983104#0 921117704#0,2414.6,55.17,1,50.0,3053674659,cluster_10864285557_3217915254_7300992880_9357585533
40,1,-382947009,enters_mainroad_node,4519241101,781983104#0,S17,781983104#0 781983104#1,2506.62,139.17,1,50.0,921242929,4519241101
40,2,382947009,leaves_mainroad_node,4519241101,781983104#0,S17,781983104#0 781983104#1,2506.62,135.54,2,50.0,4519241101,921242929
41,1,821457682#1,enters_mainroad_node,7669821053,333557072#2,S19,333557072#2 333557072#3,2772.28,33.52,1,50.0,7669821052,7669821053
42,1,-651818430#3,leaves_mainroad_node,cluster_6111866303_7195225084,333557072#3,S19,333557072#3 333557072#5,2835.86,109.19,2,50.0,cluster_6111866303_7195225084,7195225069
42,2,-770860548#4,leaves_mainroad_node,cluster_6111866303_7195225084,333557072#3,S19,333557072#3 333557072#5,2835.86,33.96,2,50.0,cluster_6111866303_7195225084,7195269885
42,3,651818430#3,enters_mainroad_node,cluster_6111866303_7195225084,333557072#3,S19,333557072#3 333557072#5,2835.86,109.6,1,50.0,7195225069,cluster_6111866303_7195225084
42,4,770860548#4,enters_mainroad_node,cluster_6111866303_7195225084,333557072#3,S19,333557072#3 333557072#5,2835.86,33.92,1,50.0,7195269885,cluster_6111866303_7195225084
