route_id,transition_index,from_edge_id,to_edge_id,turn_angle_deg,turn_class
ER_ACC_001,1,-381802881#2,-381802847#2,68.415,normal
ER_ACC_001,2,-381802847#2,-183272625#1,83.113,normal
ER_ACC_001,3,-183272625#1,-174870621#2,80.198,normal
ER_ACC_001,4,-174870621#2,-174870621#0,6.265,normal
ER_ACC_001,5,-174870621#0,578313748#0,9.983,normal
ER_ACC_001,6,578313748#0,578313748#2,2.534,normal
ER_ACC_001,7,578313748#2,800229255,1.08,normal
ER_ACC_001,8,800229255,180368918#0,2.43,normal
ER_ACC_001,9,180368918#0,180368918#3,0.87,normal
ER_ACC_001,10,180368918#3,180368918#5,2.577,normal
ER_ACC_001,11,180368918#5,180368918#6,0.01,normal
ER_ACC_001,12,180368918#6,180368918#7,1.311,normal
ER_ACC_001,13,180368918#7,180368918#8,2.333,normal
ER_ACC_001,14,180368918#8,-218923171#5,110.168,normal
ER_ACC_001,15,-218923171#5,-218923171#4,2.631,normal
ER_ACC_001,16,-218923171#4,-1099004169,81.744,normal
ER_ACC_002,1,-381802881#2,-381802847#2,68.415,normal
ER_ACC_002,2,-381802847#2,-183272625#1,83.113,normal
ER_ACC_002,3,-183272625#1,-174870621#2,80.198,normal
ER_ACC_002,4,-174870621#2,-174870621#0,6.265,normal
ER_ACC_002,5,-174870621#0,578313748#0,9.983,normal
ER_ACC_002,6,578313748#0,578313748#2,2.534,normal
ER_ACC_002,7,578313748#2,800229255,1.08,normal
ER_ACC_002,8,800229255,180368918#0,2.43,normal
ER_ACC_002,9,180368918#0,180368918#3,0.87,normal
ER_ACC_002,10,180368918#3,180368918#5,2.577,normal
ER_ACC_002,11,180368918#5,180368918#6,0.01,normal
ER_ACC_002,12,180368918#6,180368918#7,1.311,normal
ER_ACC_002,13,180368918#7,180368918#8,2.333,normal
ER_ACC_002,14,180368918#8,218773868#0,1.645,normal
ER_ACC_002,15,218773868#0,218773868#2,6.453,normal
ER_ACC_002,16,218773868#2,218773868#3,0.227,normal
ER_ACC_002,17,218773868#3,218773868#4,1.127,normal
ER_ACC_002,18,218773868#4,218773868#5,0.019,normal
ER_ACC_002,19,218773868#5,218773868#6,0.918,normal
ER_ACC_002,20,218773868#6,-1455512070,1.016,normal
ER_ACC_002,21,-1455512070,-1455512069,1.265,normal
ER_ACC_002,22,-1455512069,428260110,2.189,normal
ER_ACC_002,23,428260110,785130600#0,5.536,normal
ER_ACC_002,24,785130600#0,785130600#1,8.278,normal
ER_ACC_002,25,785130600#1,785130600#2,4.928,normal
ER_ACC_002,26,785130600#2,785130600#3,1.533,normal
ER_ACC_002,27,785130600#3,1455497345,1.122,normal
ER_ACC_002,28,1455497345,218773869#1,1.649,normal
ER_ACC_002,29,218773869#1,218773869#3,1.256,normal
ER_ACC_002,30,218773869#3,218773869#4,1.01,normal
ER_ACC_002,31,218773869#4,218773869#5,2.551,normal
ER_ACC_002,32,218773869#5,218773869#6,2.396,normal
ER_ACC_002,33,218773869#6,218773869#7,5.435,normal
ER_ACC_002,34,218773869#7,218773869#8,20.278,normal
ER_ACC_002,35,218773869#8,219696193#0,7.83,normal
ER_ACC_002,36,219696193#0,219696193#1,0.251,normal
ER_ACC_002,37,219696193#1,219696193#2,5.563,normal
ER_ACC_002,38,219696193#2,781985793#0,11.902,normal
ER_ACC_002,39,781985793#0,420361196,13.997,normal
ER_ACC_002,40,420361196,347237859#0,2.141,normal
ER_ACC_002,41,347237859#0,347237859#1,4.701,normal
ER_ACC_002,42,347237859#1,347237859#2,1.88,normal
ER_ACC_002,43,347237859#2,347237859#3,0.039,normal
ER_ACC_002,44,347237859#3,347237859#4,2.105,normal
ER_ACC_002,45,347237859#4,781985787#0,7.077,normal
ER_ACC_002,46,781985787#0,-781985788#0,0.0,normal
ER_ACC_002,47,-781985788#0,-383097722#0,0.0,normal
ER_ACC_002,48,-383097722#0,383097714,0.285,normal
ER_ACC_002,49,383097714,1499619438#0,0.0,normal
ER_ACC_002,50,1499619438#0,383097712#1,0.0,normal
ER_ACC_002,51,383097712#1,333972428#1,1.442,normal
ER_ACC_002,52,333972428#1,333972428#2,0.399,normal
ER_ACC_002,53,333972428#2,333972428#3,8.521,normal
ER_ACC_002,54,333972428#3,289213613#0,0.577,normal
ER_ACC_002,55,289213613#0,289213613#3,18.607,normal
ER_ACC_002,56,289213613#3,619342756,4.266,normal
ER_ACC_002,57,619342756,585341917,57.535,normal
ER_ACC_002,58,585341917,438360329#0,69.077,normal
ER_ACC_002,59,438360329#0,-176728951#4,43.921,normal
ER_ACC_003,1,-381802881#2,-381802847#2,68.415,normal
ER_ACC_003,2,-381802847#2,-183272625#1,83.113,normal
ER_ACC_003,3,-183272625#1,-174870621#2,80.198,normal
ER_ACC_003,4,-174870621#2,-174870621#0,6.265,normal
ER_ACC_003,5,-174870621#0,578313748#0,9.983,normal
ER_ACC_003,6,578313748#0,578313748#2,2.534,normal
ER_ACC_003,7,578313748#2,800229255,1.08,normal
ER_ACC_003,8,800229255,180368918#0,2.43,normal
ER_ACC_003,9,180368918#0,180368918#3,0.87,normal
ER_ACC_003,10,180368918#3,180368918#5,2.577,normal
ER_ACC_003,11,180368918#5,180368918#6,0.01,normal
ER_ACC_003,12,180368918#6,180368918#7,1.311,normal
ER_ACC_003,13,180368918#7,180368918#8,2.333,normal
ER_ACC_003,14,180368918#8,218773868#0,1.645,normal
ER_ACC_003,15,218773868#0,218773868#2,6.453,normal
ER_ACC_003,16,218773868#2,218773868#3,0.227,normal
ER_ACC_003,17,218773868#3,218773868#4,1.127,normal
ER_ACC_003,18,218773868#4,218773868#5,0.019,normal
ER_ACC_003,19,218773868#5,218773868#6,0.918,normal
ER_ACC_003,20,218773868#6,-1455512070,1.016,normal
ER_ACC_003,21,-1455512070,-1455512069,1.265,normal
ER_ACC_003,22,-1455512069,428260110,2.189,normal
ER_ACC_003,23,428260110,785130600#0,5.536,normal
ER_ACC_003,24,785130600#0,785130600#1,8.278,normal
ER_ACC_003,25,785130600#1,785130600#2,4.928,normal
ER_ACC_003,26,785130600#2,785130600#3,1.533,normal
ER_ACC_003,27,785130600#3,1455497345,1.122,normal
ER_ACC_003,28,1455497345,218773869#1,1.649,normal
ER_ACC_003,29,218773869#1,218773869#3,1.256,normal
ER_ACC_003,30,218773869#3,218773869#4,1.01,normal
ER_ACC_003,31,218773869#4,218773869#5,2.551,normal
ER_ACC_003,32,218773869#5,218773869#6,2.396,normal
ER_ACC_003,33,218773869#6,218773869#7,5.435,normal
ER_ACC_003,34,218773869#7,218773869#8,20.278,normal
ER_ACC_003,35,218773869#8,219696193#0,7.83,normal
ER_ACC_003,36,219696193#0,219696193#1,0.251,normal
ER_ACC_003,37,219696193#1,219696193#2,5.563,normal
ER_ACC_003,38,219696193#2,781985793#0,11.902,normal
ER_ACC_003,39,781985793#0,420361196,13.997,normal
ER_ACC_003,40,420361196,347237859#0,2.141,normal
ER_ACC_003,41,347237859#0,347237859#1,4.701,normal
ER_ACC_003,42,347237859#1,347237859#2,1.88,normal
ER_ACC_003,43,347237859#2,347237859#3,0.039,normal
ER_ACC_003,44,347237859#3,347237859#4,2.105,normal
ER_ACC_003,45,347237859#4,781985787#0,7.077,normal
ER_ACC_003,46,781985787#0,-781985788#0,0.0,normal
ER_ACC_003,47,-781985788#0,-383097722#0,0.0,normal
ER_ACC_003,48,-383097722#0,383097714,0.285,normal
ER_ACC_003,49,383097714,1499619438#0,0.0,normal
ER_ACC_003,50,1499619438#0,1499619445#2,0.0,normal
ER_ACC_003,51,1499619445#2,1499619443#4,1.272,normal
ER_ACC_003,52,1499619443#4,1499619443#8,2.056,normal
ER_ACC_003,53,1499619443#8,1499619443#9,0.749,normal
ER_ACC_003,54,1499619443#9,1499619437,2.672,normal
ER_ACC_003,55,1499619437,1499619442,0.858,normal
ER_ACC_003,56,1499619442,218923188#0,98.769,normal
ER_ACC_003,57,218923188#0,218923188#1,0.829,normal
ER_ACC_003,58,218923188#1,218923188#2,1.129,normal
ER_ACC_003,59,218923188#2,218923188#4,0.006,normal
ER_ACC_003,60,218923188#4,-198564930,67.656,normal
ER_ACC_004,1,-381802881#2,-381802847#2,68.415,normal
ER_ACC_004,2,-381802847#2,-183272625#1,83.113,normal
ER_ACC_004,3,-183272625#1,-174870621#2,80.198,normal
ER_ACC_004,4,-174870621#2,-174870621#0,6.265,normal
ER_ACC_004,5,-174870621#0,578313748#0,9.983,normal
ER_ACC_004,6,578313748#0,578313748#2,2.534,normal
ER_ACC_004,7,578313748#2,800229255,1.08,normal
ER_ACC_004,8,800229255,180368918#0,2.43,normal
ER_ACC_004,9,180368918#0,180368918#3,0.87,normal
ER_ACC_004,10,180368918#3,180368918#5,2.577,normal
ER_ACC_004,11,180368918#5,180368918#6,0.01,normal
ER_ACC_004,12,180368918#6,180368918#7,1.311,normal
ER_ACC_004,13,180368918#7,180368918#8,2.333,normal
ER_ACC_004,14,180368918#8,218773868#0,1.645,normal
ER_ACC_004,15,218773868#0,218773868#2,6.453,normal
ER_ACC_004,16,218773868#2,218773868#3,0.227,normal
ER_ACC_004,17,218773868#3,218773868#4,1.127,normal
ER_ACC_004,18,218773868#4,218773868#5,0.019,normal
ER_ACC_004,19,218773868#5,218773868#6,0.918,normal
ER_ACC_004,20,218773868#6,-1455512070,1.016,normal
ER_ACC_004,21,-1455512070,-1455512069,1.265,normal
ER_ACC_004,22,-1455512069,428260110,2.189,normal
ER_ACC_004,23,428260110,785130600#0,5.536,normal
ER_ACC_004,24,785130600#0,785130600#1,8.278,normal
ER_ACC_004,25,785130600#1,785130600#2,4.928,normal
ER_ACC_004,26,785130600#2,785130600#3,1.533,normal
ER_ACC_004,27,785130600#3,1455497345,1.122,normal
ER_ACC_004,28,1455497345,218773869#1,1.649,normal
ER_ACC_004,29,218773869#1,218773869#3,1.256,normal
ER_ACC_004,30,218773869#3,218773869#4,1.01,normal
ER_ACC_004,31,218773869#4,218773869#5,2.551,normal
ER_ACC_004,32,218773869#5,218773869#6,2.396,normal
ER_ACC_004,33,218773869#6,218773869#7,5.435,normal
ER_ACC_004,34,218773869#7,218773869#8,20.278,normal
ER_ACC_004,35,218773869#8,219696193#0,7.83,normal
ER_ACC_004,36,219696193#0,219696193#1,0.251,normal
ER_ACC_004,37,219696193#1,219696193#2,5.563,normal
ER_ACC_004,38,219696193#2,781985793#0,11.902,normal
ER_ACC_004,39,781985793#0,420361196,13.997,normal
ER_ACC_004,40,420361196,347237859#0,2.141,normal
ER_ACC_004,41,347237859#0,347237859#1,4.701,normal
ER_ACC_004,42,347237859#1,347237859#2,1.88,normal
ER_ACC_004,43,347237859#2,198691061#0,90.314,normal
ER_ACC_004,44,198691061#0,198691061#1,15.272,normal
ER_ACC_004,45,198691061#1,198691061#2,9.769,normal
ER_ACC_004,46,198691061#2,-198691068,87.503,normal
ER_ACC_004,47,-198691068,-198691090,1.011,normal
ER_ACC_005,1,-381802881#2,-381802847#2,68.415,normal
ER_ACC_005,2,-381802847#2,-183272625#1,83.113,normal
ER_ACC_005,3,-183272625#1,-174870621#2,80.198,normal
ER_ACC_005,4,-174870621#2,-174870621#0,6.265,normal
ER_ACC_005,5,-174870621#0,578313748#0,9.983,normal
ER_ACC_005,6,578313748#0,578313748#2,2.534,normal
ER_ACC_005,7,578313748#2,800229255,1.08,normal
ER_ACC_005,8,800229255,180368918#0,2.43,normal
ER_ACC_005,9,180368918#0,180368918#3,0.87,normal
ER_ACC_005,10,180368918#3,180368918#5,2.577,normal
ER_ACC_005,11,180368918#5,180368918#6,0.01,normal
ER_ACC_005,12,180368918#6,180368918#7,1.311,normal
ER_ACC_005,13,180368918#7,180368918#8,2.333,normal
ER_ACC_005,14,180368918#8,218773868#0,1.645,normal
ER_ACC_005,15,218773868#0,218773868#2,6.453,normal
ER_ACC_005,16,218773868#2,218773868#3,0.227,normal
ER_ACC_005,17,218773868#3,218773868#4,1.127,normal
ER_ACC_005,18,218773868#4,218773868#5,0.019,normal
ER_ACC_005,19,218773868#5,218773868#6,0.918,normal
ER_ACC_005,20,218773868#6,-1455512070,1.016,normal
ER_ACC_005,21,-1455512070,-1455512069,1.265,normal
ER_ACC_005,22,-1455512069,428260110,2.189,normal
ER_ACC_005,23,428260110,785130600#0,5.536,normal
ER_ACC_005,24,785130600#0,785130600#1,8.278,normal
ER_ACC_005,25,785130600#1,785130600#2,4.928,normal
ER_ACC_005,26,785130600#2,785130600#3,1.533,normal
ER_ACC_005,27,785130600#3,1455497345,1.122,normal
ER_ACC_005,28,1455497345,218773869#1,1.649,normal
ER_ACC_005,29,218773869#1,218773869#3,1.256,normal
ER_ACC_005,30,218773869#3,218773869#4,1.01,normal
ER_ACC_005,31,218773869#4,218773869#5,2.551,normal
ER_ACC_005,32,218773869#5,218773869#6,2.396,normal
ER_ACC_005,33,218773869#6,218773869#7,5.435,normal
ER_ACC_005,34,218773869#7,218773869#8,20.278,normal
ER_ACC_005,35,218773869#8,219696192#0,80.322,normal
ER_ACC_005,36,219696192#0,219696192#4,4.949,normal
ER_ACC_005,37,219696192#4,219696192#5,0.675,normal
ER_ACC_005,38,219696192#5,219696192#7,0.015,normal
ER_ACC_005,39,219696192#7,219696192#9,0.315,normal
ER_ACC_005,40,219696192#9,824132484#0,1.644,normal
ER_ACC_005,41,824132484#0,824132486,0.0,normal
ER_ACC_005,42,824132486,184083187#0,0.0,normal
ER_ACC_005,43,184083187#0,-228795481#1,88.389,normal
ER_ACC_005,44,-228795481#1,-228795481#0,87.62,normal
ER_ACC_006,1,-381802881#2,-381802847#2,68.415,normal
ER_ACC_006,2,-381802847#2,-183272625#1,83.113,normal
ER_ACC_006,3,-183272625#1,-174870621#2,80.198,normal
ER_ACC_006,4,-174870621#2,-174870621#0,6.265,normal
ER_ACC_006,5,-174870621#0,578313748#0,9.983,normal
ER_ACC_006,6,578313748#0,578313748#2,2.534,normal
ER_ACC_006,7,578313748#2,800229255,1.08,normal
ER_ACC_006,8,800229255,180368918#0,2.43,normal
ER_ACC_006,9,180368918#0,180368918#3,0.87,normal
ER_ACC_006,10,180368918#3,180368918#5,2.577,normal
ER_ACC_006,11,180368918#5,180368918#6,0.01,normal
ER_ACC_006,12,180368918#6,180368918#7,1.311,normal
ER_ACC_006,13,180368918#7,180368918#8,2.333,normal
ER_ACC_006,14,180368918#8,218773868#0,1.645,normal
ER_ACC_006,15,218773868#0,218773868#2,6.453,normal
ER_ACC_006,16,218773868#2,218773868#3,0.227,normal
ER_ACC_006,17,218773868#3,218773868#4,1.127,normal
ER_ACC_006,18,218773868#4,218773868#5,0.019,normal
ER_ACC_006,19,218773868#5,218773868#6,0.918,normal
ER_ACC_006,20,218773868#6,-1455512070,1.016,normal
ER_ACC_006,21,-1455512070,-1455512069,1.265,normal
ER_ACC_006,22,-1455512069,428260110,2.189,normal
ER_ACC_006,23,428260110,785130600#0,5.536,normal
ER_ACC_006,24,785130600#0,785130600#1,8.278,normal
ER_ACC_006,25,785130600#1,785130600#2,4.928,normal
ER_ACC_006,26,785130600#2,785130600#3,1.533,normal
ER_ACC_006,27,785130600#3,1455497345,1.122,normal
ER_ACC_006,28,1455497345,218773869#1,1.649,normal
ER_ACC_006,29,218773869#1,218773869#3,1.256,normal
ER_ACC_006,30,218773869#3,218773869#4,1.01,normal
ER_ACC_006,31,218773869#4,218773869#5,2.551,normal
ER_ACC_006,32,218773869#5,218773869#6,2.396,normal
ER_ACC_006,33,218773869#6,218773869#7,5.435,normal
ER_ACC_006,34,218773869#7,218773869#8,20.278,normal
ER_ACC_006,35,218773869#8,219696193#0,7.83,normal
ER_ACC_006,36,219696193#0,219696193#1,0.251,normal
ER_ACC_006,37,219696193#1,-228796091#4,89.332,normal
ER_ACC_006,38,-228796091#4,-228796091#1,7.938,normal
ER_ACC_007,1,-381802881#2,-381802847#2,68.415,normal
ER_ACC_007,2,-381802847#2,-183272625#1,83.113,normal
ER_ACC_007,3,-183272625#1,-174870621#2,80.198,normal
ER_ACC_007,4,-174870621#2,-174870621#0,6.265,normal
ER_ACC_007,5,-174870621#0,578313748#0,9.983,normal
ER_ACC_007,6,578313748#0,578313748#2,2.534,normal
ER_ACC_007,7,578313748#2,800229255,1.08,normal
ER_ACC_007,8,800229255,180368918#0,2.43,normal
ER_ACC_007,9,180368918#0,180368918#3,0.87,normal
ER_ACC_007,10,180368918#3,180368918#5,2.577,normal
ER_ACC_007,11,180368918#5,180368918#6,0.01,normal
ER_ACC_007,12,180368918#6,180368918#7,1.311,normal
ER_ACC_007,13,180368918#7,180368918#8,2.333,normal
ER_ACC_007,14,180368918#8,218773868#0,1.645,normal
ER_ACC_007,15,218773868#0,218773868#2,6.453,normal
ER_ACC_007,16,218773868#2,218773868#3,0.227,normal
ER_ACC_007,17,218773868#3,218773868#4,1.127,normal
ER_ACC_007,18,218773868#4,218773868#5,0.019,normal
ER_ACC_007,19,218773868#5,218773868#6,0.918,normal
ER_ACC_007,20,218773868#6,-1455512070,1.016,normal
ER_ACC_007,21,-1455512070,-1455512069,1.265,normal
ER_ACC_007,22,-1455512069,428260110,2.189,normal
ER_ACC_007,23,428260110,785130600#0,5.536,normal
ER_ACC_007,24,785130600#0,785130600#1,8.278,normal
ER_ACC_007,25,785130600#1,785130600#2,4.928,normal
ER_ACC_007,26,785130600#2,785130600#3,1.533,normal
ER_ACC_007,27,785130600#3,1455497345,1.122,normal
ER_ACC_007,28,1455497345,218773869#1,1.649,normal
ER_ACC_007,29,218773869#1,218773869#3,1.256,normal
ER_ACC_007,30,218773869#3,218773869#4,1.01,normal
ER_ACC_007,31,218773869#4,218773869#5,2.551,normal
ER_ACC_007,32,218773869#5,218773869#6,2.396,normal
ER_ACC_007,33,218773869#6,218773869#7,5.435,normal
ER_ACC_007,34,218773869#7,218773869#8,20.278,normal
ER_ACC_007,35,218773869#8,-772527390#5,0.0,normal
ER_ACC_007,36,-772527390#5,785130598#0,0.0,normal
ER_ACC_007,37,785130598#0,785130598#1,11.306,normal
ER_ACC_007,38,785130598#1,785130598#3,0.831,normal
ER_ACC_007,39,785130598#3,223418965#1,103.663,normal
ER_ACC_007,40,223418965#1,223418965#2,0.411,normal
ER_ACC_007,41,223418965#2,273639501#0,69.501,normal
ER_ACC_007,42,273639501#0,273639501#2,9.573,normal
ER_ACC_007,43,273639501#2,-272263605#2,68.328,normal
ER_ACC_007,44,-272263605#2,-272263606,109.039,normal
ER_ACC_008,1,-381802881#2,-381802847#2,68.415,normal
ER_ACC_008,2,-381802847#2,-183272625#1,83.113,normal
ER_ACC_008,3,-183272625#1,-174870621#2,80.198,normal
ER_ACC_008,4,-174870621#2,-174870621#0,6.265,normal
ER_ACC_008,5,-174870621#0,578313748#0,9.983,normal
ER_ACC_008,6,578313748#0,578313748#2,2.534,normal
ER_ACC_008,7,578313748#2,800229255,1.08,normal
ER_ACC_008,8,800229255,180368918#0,2.43,normal
ER_ACC_008,9,180368918#0,180368918#3,0.87,normal
ER_ACC_008,10,180368918#3,180368918#5,2.577,normal
ER_ACC_008,11,180368918#5,180368918#6,0.01,normal
ER_ACC_008,12,180368918#6,180368918#7,1.311,normal
ER_ACC_008,13,180368918#7,180368918#8,2.333,normal
ER_ACC_008,14,180368918#8,-913009312#10,69.013,normal
ER_ACC_008,15,-913009312#10,-913009312#9,3.032,normal
ER_ACC_008,16,-913009312#9,-913009312#8,3.262,normal
ER_ACC_008,17,-913009312#8,-913009312#5,1.615,normal
ER_ACC_008,18,-913009312#5,-913009312#4,2.951,normal
ER_ACC_008,19,-913009312#4,117914343#0,81.144,normal
ER_ACC_008,20,117914343#0,381452104#0,1.735,normal
ER_ACC_008,21,381452104#0,381452104#1,7.1,normal
ER_ACC_008,22,381452104#1,381452104#2,12.681,normal
ER_ACC_008,23,381452104#2,-420187959#4,85.861,normal
ER_ACC_008,24,-420187959#4,-420187959#3,14.809,normal
ER_ACC_008,25,-420187959#3,-420187959#2,3.041,normal
ER_ACC_008,26,-420187959#2,-420187959#0,0.173,normal
ER_ACC_008,27,-420187959#0,-520307305#2,109.38,normal
ER_ACC_008,28,-520307305#2,-37928420#2,28.893,normal
ER_ACC_009,1,-381802881#2,-381802847#2,68.415,normal
ER_ACC_009,2,-381802847#2,-183272625#1,83.113,normal
ER_ACC_009,3,-183272625#1,-174870621#2,80.198,normal
ER_ACC_009,4,-174870621#2,-174870621#0,6.265,normal
ER_ACC_009,5,-174870621#0,578313748#0,9.983,normal
ER_ACC_009,6,578313748#0,578313748#2,2.534,normal
ER_ACC_009,7,578313748#2,800229255,1.08,normal
ER_ACC_009,8,800229255,180368918#0,2.43,normal
ER_ACC_009,9,180368918#0,180368918#3,0.87,normal
ER_ACC_009,10,180368918#3,180368918#5,2.577,normal
ER_ACC_009,11,180368918#5,180368918#6,0.01,normal
ER_ACC_009,12,180368918#6,180368918#7,1.311,normal
ER_ACC_009,13,180368918#7,180368918#8,2.333,normal
ER_ACC_009,14,180368918#8,218773868#0,1.645,normal
ER_ACC_009,15,218773868#0,218773868#2,6.453,normal
ER_ACC_009,16,218773868#2,218773868#3,0.227,normal
ER_ACC_009,17,218773868#3,218773868#4,1.127,normal
ER_ACC_009,18,218773868#4,218773868#5,0.019,normal
ER_ACC_009,19,218773868#5,218773868#6,0.918,normal
ER_ACC_009,20,218773868#6,-1455512070,1.016,normal
ER_ACC_009,21,-1455512070,1455512071,96.687,normal
ER_ACC_009,22,1455512071,428260116#1,4.392,normal
ER_ACC_009,23,428260116#1,1455518728,1.228,normal
ER_ACC_009,24,1455518728,-198564928#28,88.916,normal
ER_ACC_009,25,-198564928#28,-198564928#27,0.901,normal
ER_ACC_009,26,-198564928#27,-198564928#26,0.747,normal
ER_ACC_009,27,-198564928#26,-198564928#25,0.0,normal
ER_ACC_009,28,-198564928#25,-198564928#24,0.0,normal
ER_ACC_009,29,-198564928#24,-198564928#23,3.996,normal
ER_ACC_009,30,-198564928#23,-198564928#22,1.301,normal
ER_ACC_009,31,-198564928#22,-198564928#21,2.052,normal
ER_ACC_009,32,-198564928#21,-198564928#20,1.281,normal
ER_ACC_009,33,-198564928#20,-198564928#18,0.018,normal
ER_ACC_009,34,-198564928#18,-198564928#17,0.578,normal
ER_ACC_009,35,-198564928#17,-198564928#16,1.715,normal
ER_ACC_009,36,-198564928#16,-198564928#15,8.064,normal
ER_ACC_009,37,-198564928#15,-198564928#14,1.593,normal
ER_ACC_009,38,-198564928#14,-198564928#13,0.009,normal
ER_ACC_009,39,-198564928#13,-198564928#12,0.005,normal
ER_ACC_009,40,-198564928#12,-117914848#7,100.58,normal
ER_ACC_009,41,-117914848#7,-117914848#6,0.33,normal
ER_ACC_009,42,-117914848#6,-117914848#5,1.488,normal
ER_ACC_009,43,-117914848#5,-117914848#4,5.454,normal
ER_ACC_009,44,-117914848#4,-117914848#3,0.949,normal
ER_ACC_009,45,-117914848#3,-420383159#2,89.325,normal
ER_ACC_009,46,-420383159#2,-420383159#1,118.341,normal
ER_ACC_010,1,-381802881#2,-381802847#2,68.415,normal
ER_ACC_010,2,-381802847#2,-183272625#1,83.113,normal
ER_ACC_010,3,-183272625#1,-174870621#2,80.198,normal
ER_ACC_010,4,-174870621#2,-174870621#0,6.265,normal
ER_ACC_010,5,-174870621#0,578313748#0,9.983,normal
ER_ACC_010,6,578313748#0,578313748#2,2.534,normal
ER_ACC_010,7,578313748#2,800229255,1.08,normal
ER_ACC_010,8,800229255,180368918#0,2.43,normal
ER_ACC_010,9,180368918#0,180368918#3,0.87,normal
ER_ACC_010,10,180368918#3,180368918#5,2.577,normal
ER_ACC_010,11,180368918#5,180368918#6,0.01,normal
ER_ACC_010,12,180368918#6,180368918#7,1.311,normal
ER_ACC_010,13,180368918#7,180368918#8,2.333,normal
ER_ACC_010,14,180368918#8,218773868#0,1.645,normal
ER_ACC_010,15,218773868#0,218773868#2,6.453,normal
ER_ACC_010,16,218773868#2,218773868#3,0.227,normal
ER_ACC_010,17,218773868#3,218773868#4,1.127,normal
ER_ACC_010,18,218773868#4,218773868#5,0.019,normal
ER_ACC_010,19,218773868#5,218773868#6,0.918,normal
ER_ACC_010,20,218773868#6,-1455512070,1.016,normal
ER_ACC_010,21,-1455512070,1455512071,96.687,normal
ER_ACC_010,22,1455512071,428260116#1,4.392,normal
ER_ACC_010,23,428260116#1,1455518728,1.228,normal
ER_ACC_010,24,1455518728,-198564928#28,88.916,normal
ER_ACC_010,25,-198564928#28,-198564928#27,0.901,normal
ER_ACC_010,26,-198564928#27,-198564928#26,0.747,normal
ER_ACC_010,27,-198564928#26,-395564622#2,91.911,normal
ER_ACC_010,28,-395564622#2,-395564622#1,0.42,normal
ER_ACC_010,29,-395564622#1,-395564622#0,32.821,normal
ER_ACC_010,30,-395564622#0,-1456115806#2,6.307,normal
ER_ACC_010,31,-1456115806#2,-1456115806#0,4.431,normal
ER_ACC_010,32,-1456115806#0,1456115804#0,68.065,normal
ER_ACC_010,33,1456115804#0,1456115804#1,0.06,normal
ER_ACC_010,34,1456115804#1,117784418#0,90.612,normal
ER_ACC_011,1,-381802881#2,-381802847#2,68.415,normal
ER_ACC_011,2,-381802847#2,-183272625#1,83.113,normal
ER_ACC_011,3,-183272625#1,-174870621#2,80.198,normal
ER_ACC_011,4,-174870621#2,-174870621#0,6.265,normal
ER_ACC_011,5,-174870621#0,578313748#0,9.983,normal
ER_ACC_011,6,578313748#0,578313748#2,2.534,normal
ER_ACC_011,7,578313748#2,800229255,1.08,normal
ER_ACC_011,8,800229255,180368918#0,2.43,normal
ER_ACC_011,9,180368918#0,180368918#3,0.87,normal
ER_ACC_011,10,180368918#3,180368918#5,2.577,normal
ER_ACC_011,11,180368918#5,180368918#6,0.01,normal
ER_ACC_011,12,180368918#6,180368918#7,1.311,normal
ER_ACC_011,13,180368918#7,180368918#8,2.333,normal
ER_ACC_011,14,180368918#8,218773868#0,1.645,normal
ER_ACC_011,15,218773868#0,218773868#2,6.453,normal
ER_ACC_011,16,218773868#2,218773868#3,0.227,normal
ER_ACC_011,17,218773868#3,218773868#4,1.127,normal
ER_ACC_011,18,218773868#4,218773868#5,0.019,normal
ER_ACC_011,19,218773868#5,218773868#6,0.918,normal
ER_ACC_011,20,218773868#6,-1455512070,1.016,normal
ER_ACC_011,21,-1455512070,-1455512069,1.265,normal
ER_ACC_011,22,-1455512069,428260110,2.189,normal
ER_ACC_011,23,428260110,785130600#0,5.536,normal
ER_ACC_011,24,785130600#0,785130600#1,8.278,normal
ER_ACC_011,25,785130600#1,785130600#2,4.928,normal
ER_ACC_011,26,785130600#2,785130600#3,1.533,normal
ER_ACC_011,27,785130600#3,1455497345,1.122,normal
ER_ACC_011,28,1455497345,218773869#1,1.649,normal
ER_ACC_011,29,218773869#1,218773869#3,1.256,normal
ER_ACC_011,30,218773869#3,218773869#4,1.01,normal
ER_ACC_011,31,218773869#4,218773869#5,2.551,normal
ER_ACC_011,32,218773869#5,218773869#6,2.396,normal
ER_ACC_011,33,218773869#6,218773869#7,5.435,normal
ER_ACC_011,34,218773869#7,218773869#8,20.278,normal
ER_ACC_011,35,218773869#8,219696193#0,7.83,normal
ER_ACC_011,36,219696193#0,219696193#1,0.251,normal
ER_ACC_011,37,219696193#1,219696193#2,5.563,normal
ER_ACC_011,38,219696193#2,781985793#0,11.902,normal
ER_ACC_011,39,781985793#0,180368915#0,10.05,normal
ER_ACC_011,40,180368915#0,180368915#1,0.051,normal
ER_ACC_011,41,180368915#1,180368915#2,8.934,normal
ER_ACC_011,42,180368915#2,180368915#3,8.403,normal
ER_ACC_011,43,180368915#3,782892489#0,87.05,normal
ER_ACC_011,44,782892489#0,782892489#2,0.045,normal
ER_ACC_011,45,782892489#2,782892489#3,2.087,normal
ER_ACC_011,46,782892489#3,782892489#4,8.182,normal
ER_ACC_011,47,782892489#4,782892489#5,7.206,normal
ER_ACC_011,48,782892489#5,198564926,96.869,normal
ER_ACC_011,49,198564926,198564928#0,23.674,normal
ER_ACC_011,50,198564928#0,1205679418#11,105.125,normal
ER_ACC_012,1,-381802881#2,-381802847#2,68.415,normal
ER_ACC_012,2,-381802847#2,-183272625#1,83.113,normal
ER_ACC_012,3,-183272625#1,-174870621#2,80.198,normal
ER_ACC_012,4,-174870621#2,-174870621#0,6.265,normal
ER_ACC_012,5,-174870621#0,578313748#0,9.983,normal
ER_ACC_012,6,578313748#0,578313748#2,2.534,normal
ER_ACC_012,7,578313748#2,800229255,1.08,normal
ER_ACC_012,8,800229255,180368918#0,2.43,normal
ER_ACC_012,9,180368918#0,180368918#3,0.87,normal
ER_ACC_012,10,180368918#3,180368918#5,2.577,normal
ER_ACC_012,11,180368918#5,180368918#6,0.01,normal
ER_ACC_012,12,180368918#6,180368918#7,1.311,normal
ER_ACC_012,13,180368918#7,180368918#8,2.333,normal
ER_ACC_012,14,180368918#8,218773868#0,1.645,normal
ER_ACC_012,15,218773868#0,218773868#2,6.453,normal
ER_ACC_012,16,218773868#2,218773868#3,0.227,normal
ER_ACC_012,17,218773868#3,218773868#4,1.127,normal
ER_ACC_012,18,218773868#4,218773868#5,0.019,normal
ER_ACC_012,19,218773868#5,218773868#6,0.918,normal
ER_ACC_012,20,218773868#6,-1455512070,1.016,normal
ER_ACC_012,21,-1455512070,1455512071,96.687,normal
ER_ACC_012,22,1455512071,428260116#1,4.392,normal
ER_ACC_012,23,428260116#1,1455518728,1.228,normal
ER_ACC_012,24,1455518728,-198564928#28,88.916,normal
ER_ACC_012,25,-198564928#28,-198564928#27,0.901,normal
ER_ACC_012,26,-198564928#27,-198564928#26,0.747,normal
ER_ACC_012,27,-198564928#26,-198564928#25,0.0,normal
ER_ACC_012,28,-198564928#25,-198564928#24,0.0,normal
ER_ACC_012,29,-198564928#24,-198564928#23,3.996,normal
ER_ACC_012,30,-198564928#23,-198564928#22,1.301,normal
ER_ACC_012,31,-198564928#22,-198564928#21,2.052,normal
ER_ACC_012,32,-198564928#21,-198564928#20,1.281,normal
ER_ACC_012,33,-198564928#20,-198564928#18,0.018,normal
ER_ACC_012,34,-198564928#18,-198564928#17,0.578,normal
ER_ACC_012,35,-198564928#17,170403814#0,88.441,normal
ER_ACC_013,1,-381802881#2,-381802847#2,68.415,normal
ER_ACC_013,2,-381802847#2,-183272625#1,83.113,normal
ER_ACC_013,3,-183272625#1,-174870621#2,80.198,normal
ER_ACC_013,4,-174870621#2,-174870621#0,6.265,normal
ER_ACC_013,5,-174870621#0,578313748#0,9.983,normal
ER_ACC_013,6,578313748#0,578313748#2,2.534,normal
ER_ACC_013,7,578313748#2,800229255,1.08,normal
ER_ACC_013,8,800229255,180368918#0,2.43,normal
ER_ACC_013,9,180368918#0,180368918#3,0.87,normal
ER_ACC_013,10,180368918#3,180368918#5,2.577,normal
ER_ACC_013,11,180368918#5,180368918#6,0.01,normal
ER_ACC_013,12,180368918#6,180368918#7,1.311,normal
ER_ACC_013,13,180368918#7,180368918#8,2.333,normal
ER_ACC_013,14,180368918#8,218773868#0,1.645,normal
ER_ACC_013,15,218773868#0,218773868#2,6.453,normal
ER_ACC_013,16,218773868#2,218773868#3,0.227,normal
ER_ACC_013,17,218773868#3,218773868#4,1.127,normal
ER_ACC_013,18,218773868#4,218773868#5,0.019,normal
ER_ACC_013,19,218773868#5,218773868#6,0.918,normal
ER_ACC_013,20,218773868#6,-1455512070,1.016,normal
ER_ACC_013,21,-1455512070,-1455512069,1.265,normal
ER_ACC_013,22,-1455512069,428260110,2.189,normal
ER_ACC_013,23,428260110,785130600#0,5.536,normal
ER_ACC_013,24,785130600#0,785130600#1,8.278,normal
ER_ACC_013,25,785130600#1,785130600#2,4.928,normal
ER_ACC_013,26,785130600#2,785130600#3,1.533,normal
ER_ACC_013,27,785130600#3,1455497345,1.122,normal
ER_ACC_013,28,1455497345,218773869#1,1.649,normal
ER_ACC_013,29,218773869#1,218773869#3,1.256,normal
ER_ACC_013,30,218773869#3,218773869#4,1.01,normal
ER_ACC_013,31,218773869#4,218773869#5,2.551,normal
ER_ACC_013,32,218773869#5,218773869#6,2.396,normal
ER_ACC_013,33,218773869#6,218773869#7,5.435,normal
ER_ACC_013,34,218773869#7,218773869#8,20.278,normal
ER_ACC_013,35,218773869#8,219696193#0,7.83,normal
ER_ACC_013,36,219696193#0,219696193#1,0.251,normal
ER_ACC_013,37,219696193#1,219696193#2,5.563,normal
ER_ACC_013,38,219696193#2,781985793#0,11.902,normal
ER_ACC_013,39,781985793#0,420361196,13.997,normal
ER_ACC_013,40,420361196,347237859#0,2.141,normal
ER_ACC_013,41,347237859#0,347237859#1,4.701,normal
ER_ACC_013,42,347237859#1,347237859#2,1.88,normal
ER_ACC_013,43,347237859#2,347237859#3,0.039,normal
ER_ACC_013,44,347237859#3,347237859#4,2.105,normal
ER_ACC_013,45,347237859#4,781985787#0,7.077,normal
ER_ACC_013,46,781985787#0,-781985788#0,0.0,normal
ER_ACC_013,47,-781985788#0,-383097722#0,0.0,normal
ER_ACC_013,48,-383097722#0,383097714,0.285,normal
ER_ACC_013,49,383097714,1499619438#0,0.0,normal
ER_ACC_013,50,1499619438#0,383097712#1,0.0,normal
ER_ACC_013,51,383097712#1,333972428#1,1.442,normal
ER_ACC_013,52,333972428#1,333972428#2,0.399,normal
ER_ACC_013,53,333972428#2,333972428#3,8.521,normal
ER_ACC_013,54,333972428#3,289213613#0,0.577,normal
ER_ACC_013,55,289213613#0,289213613#3,18.607,normal
ER_ACC_013,56,289213613#3,619147728,79.422,normal
ER_ACC_013,57,619147728,619147729#0,34.314,normal
ER_ACC_013,58,619147729#0,619147729#1,0.0,normal
ER_ACC_013,59,619147729#1,619147729#2,0.0,normal
ER_ACC_013,60,619147729#2,619147735#0,1.747,normal
ER_ACC_013,61,619147735#0,619147735#1,1.928,normal
ER_ACC_013,62,619147735#1,619147735#4,1.297,normal
ER_ACC_013,63,619147735#4,198564929#0,90.645,normal
ER_ACC_013,64,198564929#0,198564929#2,1.783,normal
ER_ACC_013,65,198564929#2,198564929#3,27.098,normal
ER_ACC_013,66,198564929#3,198564929#5,0.72,normal
ER_ACC_014,1,-381802881#2,-381802847#2,68.415,normal
ER_ACC_014,2,-381802847#2,-183272625#1,83.113,normal
ER_ACC_014,3,-183272625#1,-174870621#2,80.198,normal
ER_ACC_014,4,-174870621#2,-174870621#0,6.265,normal
ER_ACC_014,5,-174870621#0,578313748#0,9.983,normal
ER_ACC_014,6,578313748#0,578313748#2,2.534,normal
ER_ACC_014,7,578313748#2,800229255,1.08,normal
ER_ACC_014,8,800229255,180368918#0,2.43,normal
ER_ACC_014,9,180368918#0,180368918#3,0.87,normal
ER_ACC_014,10,180368918#3,180368918#5,2.577,normal
ER_ACC_014,11,180368918#5,180368918#6,0.01,normal
ER_ACC_014,12,180368918#6,180368918#7,1.311,normal
ER_ACC_014,13,180368918#7,180368918#8,2.333,normal
ER_ACC_014,14,180368918#8,218773868#0,1.645,normal
ER_ACC_014,15,218773868#0,218773868#2,6.453,normal
ER_ACC_014,16,218773868#2,218773868#3,0.227,normal
ER_ACC_014,17,218773868#3,218773868#4,1.127,normal
ER_ACC_014,18,218773868#4,218773868#5,0.019,normal
ER_ACC_014,19,218773868#5,218773868#6,0.918,normal
ER_ACC_014,20,218773868#6,-1455512070,1.016,normal
ER_ACC_014,21,-1455512070,-1455512069,1.265,normal
ER_ACC_014,22,-1455512069,428260110,2.189,normal
ER_ACC_014,23,428260110,785130600#0,5.536,normal
ER_ACC_014,24,785130600#0,785130600#1,8.278,normal
ER_ACC_014,25,785130600#1,785130600#2,4.928,normal
ER_ACC_014,26,785130600#2,785130600#3,1.533,normal
ER_ACC_014,27,785130600#3,1455497345,1.122,normal
ER_ACC_014,28,1455497345,218773869#1,1.649,normal
ER_ACC_014,29,218773869#1,218773869#3,1.256,normal
ER_ACC_014,30,218773869#3,218773869#4,1.01,normal
ER_ACC_014,31,218773869#4,218773869#5,2.551,normal
ER_ACC_014,32,218773869#5,218773869#6,2.396,normal
ER_ACC_014,33,218773869#6,218773869#7,5.435,normal
ER_ACC_014,34,218773869#7,218773869#8,20.278,normal
ER_ACC_014,35,218773869#8,219696193#0,7.83,normal
ER_ACC_014,36,219696193#0,219696193#1,0.251,normal
ER_ACC_014,37,219696193#1,219696193#2,5.563,normal
ER_ACC_014,38,219696193#2,781985793#0,11.902,normal
ER_ACC_014,39,781985793#0,420361196,13.997,normal
ER_ACC_014,40,420361196,347237859#0,2.141,normal
ER_ACC_014,41,347237859#0,347237859#1,4.701,normal
ER_ACC_014,42,347237859#1,347237859#2,1.88,normal
ER_ACC_014,43,347237859#2,347237859#3,0.039,normal
ER_ACC_014,44,347237859#3,347237859#4,2.105,normal
ER_ACC_014,45,347237859#4,781985787#0,7.077,normal
ER_ACC_014,46,781985787#0,-781985788#0,0.0,normal
ER_ACC_014,47,-781985788#0,-383097722#0,0.0,normal
ER_ACC_014,48,-383097722#0,383097714,0.285,normal
ER_ACC_014,49,383097714,1499619438#0,0.0,normal
ER_ACC_014,50,1499619438#0,1499619445#2,0.0,normal
ER_ACC_014,51,1499619445#2,1499619443#4,1.272,normal
ER_ACC_014,52,1499619443#4,1499619443#8,2.056,normal
ER_ACC_014,53,1499619443#8,1499619443#9,0.749,normal
ER_ACC_014,54,1499619443#9,1499619437,2.672,normal
ER_ACC_014,55,1499619437,1499619442,0.858,normal
ER_ACC_014,56,1499619442,219096264,75.05,normal
ER_ACC_014,57,219096264,198564925#0,4.738,normal
ER_ACC_014,58,198564925#0,198691079#0,90.051,normal
ER_ACC_015,1,-381802881#2,-381802847#2,68.415,normal
ER_ACC_015,2,-381802847#2,-183272625#1,83.113,normal
ER_ACC_015,3,-183272625#1,-174870621#2,80.198,normal
ER_ACC_015,4,-174870621#2,-174870621#0,6.265,normal
ER_ACC_015,5,-174870621#0,578313748#0,9.983,normal
ER_ACC_015,6,578313748#0,578313748#2,2.534,normal
ER_ACC_015,7,578313748#2,800229255,1.08,normal
ER_ACC_015,8,800229255,180368918#0,2.43,normal
ER_ACC_015,9,180368918#0,180368918#3,0.87,normal
ER_ACC_015,10,180368918#3,180368918#5,2.577,normal
ER_ACC_015,11,180368918#5,180368918#6,0.01,normal
ER_ACC_015,12,180368918#6,180368918#7,1.311,normal
ER_ACC_015,13,180368918#7,180368918#8,2.333,normal
ER_ACC_015,14,180368918#8,218773868#0,1.645,normal
ER_ACC_015,15,218773868#0,218773868#2,6.453,normal
ER_ACC_015,16,218773868#2,218773868#3,0.227,normal
ER_ACC_015,17,218773868#3,218773868#4,1.127,normal
ER_ACC_015,18,218773868#4,218773868#5,0.019,normal
ER_ACC_015,19,218773868#5,218773868#6,0.918,normal
ER_ACC_015,20,218773868#6,-1455512070,1.016,normal
ER_ACC_015,21,-1455512070,-1455512069,1.265,normal
ER_ACC_015,22,-1455512069,428260110,2.189,normal
ER_ACC_015,23,428260110,785130600#0,5.536,normal
ER_ACC_015,24,785130600#0,785130600#1,8.278,normal
ER_ACC_015,25,785130600#1,785130600#2,4.928,normal
ER_ACC_015,26,785130600#2,785130600#3,1.533,normal
ER_ACC_015,27,785130600#3,1455497345,1.122,normal
ER_ACC_015,28,1455497345,218773869#1,1.649,normal
ER_ACC_015,29,218773869#1,218773869#3,1.256,normal
ER_ACC_015,30,218773869#3,218773869#4,1.01,normal
ER_ACC_015,31,218773869#4,218773869#5,2.551,normal
ER_ACC_015,32,218773869#5,218773869#6,2.396,normal
ER_ACC_015,33,218773869#6,218773869#7,5.435,normal
ER_ACC_015,34,218773869#7,218773869#8,20.278,normal
ER_ACC_015,35,218773869#8,219696193#0,7.83,normal
ER_ACC_015,36,219696193#0,219696193#1,0.251,normal
ER_ACC_015,37,219696193#1,219696193#2,5.563,normal
ER_ACC_015,38,219696193#2,781985793#0,11.902,normal
ER_ACC_015,39,781985793#0,420361196,13.997,normal
ER_ACC_015,40,420361196,347237859#0,2.141,normal
ER_ACC_015,41,347237859#0,347237859#1,4.701,normal
ER_ACC_015,42,347237859#1,347237859#2,1.88,normal
ER_ACC_015,43,347237859#2,347237859#3,0.039,normal
ER_ACC_015,44,347237859#3,347237859#4,2.105,normal
ER_ACC_015,45,347237859#4,781985787#0,7.077,normal
ER_ACC_015,46,781985787#0,1465558146#0,0.0,normal
ER_ACC_015,47,1465558146#0,1465558146#1,0.0,normal
ER_ACC_015,48,1465558146#1,383097723,0.0,normal
ER_ACC_015,49,383097723,-243542156#1,92.116,normal
ER_ACC_015,50,-243542156#1,-243542154#1,100.781,normal
ER_ACC_015,51,-243542154#1,-464461055,113.77,normal
ER_ACC_015,52,-464461055,243542156#1,34.557,normal
ER_ACC_016,1,-381802881#2,-381802847#2,68.415,normal
ER_ACC_016,2,-381802847#2,-183272625#1,83.113,normal
ER_ACC_016,3,-183272625#1,-174870621#2,80.198,normal
ER_ACC_016,4,-174870621#2,-174870621#0,6.265,normal
ER_ACC_016,5,-174870621#0,578313748#0,9.983,normal
ER_ACC_016,6,578313748#0,578313748#2,2.534,normal
ER_ACC_016,7,578313748#2,800229255,1.08,normal
ER_ACC_016,8,800229255,180368918#0,2.43,normal
ER_ACC_016,9,180368918#0,180368918#3,0.87,normal
ER_ACC_016,10,180368918#3,180368918#5,2.577,normal
ER_ACC_016,11,180368918#5,180368918#6,0.01,normal
ER_ACC_016,12,180368918#6,180368918#7,1.311,normal
ER_ACC_016,13,180368918#7,180368918#8,2.333,normal
ER_ACC_016,14,180368918#8,218773868#0,1.645,normal
ER_ACC_016,15,218773868#0,218773868#2,6.453,normal
ER_ACC_016,16,218773868#2,218773868#3,0.227,normal
ER_ACC_016,17,218773868#3,218773868#4,1.127,normal
ER_ACC_016,18,218773868#4,218773868#5,0.019,normal
ER_ACC_016,19,218773868#5,218773868#6,0.918,normal
ER_ACC_016,20,218773868#6,-1455512070,1.016,normal
ER_ACC_016,21,-1455512070,-1455512069,1.265,normal
ER_ACC_016,22,-1455512069,428260110,2.189,normal
ER_ACC_016,23,428260110,785130600#0,5.536,normal
ER_ACC_016,24,785130600#0,785130600#1,8.278,normal
ER_ACC_016,25,785130600#1,785130600#2,4.928,normal
ER_ACC_016,26,785130600#2,785130600#3,1.533,normal
ER_ACC_016,27,785130600#3,1455497345,1.122,normal
ER_ACC_016,28,1455497345,218773869#1,1.649,normal
ER_ACC_016,29,218773869#1,218773869#3,1.256,normal
ER_ACC_016,30,218773869#3,218773869#4,1.01,normal
ER_ACC_016,31,218773869#4,218773869#5,2.551,normal
ER_ACC_016,32,218773869#5,218773869#6,2.396,normal
ER_ACC_016,33,218773869#6,218773869#7,5.435,normal
ER_ACC_016,34,218773869#7,218773869#8,20.278,normal
ER_ACC_016,35,218773869#8,219696193#0,7.83,normal
ER_ACC_016,36,219696193#0,219696193#1,0.251,normal
ER_ACC_016,37,219696193#1,219696193#2,5.563,normal
ER_ACC_016,38,219696193#2,781985793#0,11.902,normal
ER_ACC_016,39,781985793#0,420361196,13.997,normal
ER_ACC_016,40,420361196,347237859#0,2.141,normal
ER_ACC_016,41,347237859#0,347237859#1,4.701,normal
ER_ACC_016,42,347237859#1,347237859#2,1.88,normal
ER_ACC_016,43,347237859#2,347237859#3,0.039,normal
ER_ACC_016,44,347237859#3,347237859#4,2.105,normal
ER_ACC_016,45,347237859#4,781985787#0,7.077,normal
ER_ACC_016,46,781985787#0,781985786#1,0.0,normal
ER_ACC_016,47,781985786#1,781985786#2,0.0,normal
ER_ACC_016,48,781985786#2,781985786#3,0.277,normal
ER_ACC_016,49,781985786#3,781985786#4,0.223,normal
ER_ACC_016,50,781985786#4,913570919,14.449,normal
ER_ACC_016,51,913570919,913570918,87.023,normal
ER_ACC_016,52,913570918,273028084#0,27.224,normal
ER_ACC_016,53,273028084#0,273028084#6,0.905,normal
ER_ACC_017,1,-381802881#2,-381802847#2,68.415,normal
ER_ACC_017,2,-381802847#2,-183272625#1,83.113,normal
ER_ACC_017,3,-183272625#1,-174870621#2,80.198,normal
ER_ACC_017,4,-174870621#2,-174870621#0,6.265,normal
ER_ACC_017,5,-174870621#0,578313748#0,9.983,normal
ER_ACC_017,6,578313748#0,578313748#2,2.534,normal
ER_ACC_017,7,578313748#2,800229255,1.08,normal
ER_ACC_017,8,800229255,180368918#0,2.43,normal
ER_ACC_017,9,180368918#0,180368918#3,0.87,normal
ER_ACC_017,10,180368918#3,180368918#5,2.577,normal
ER_ACC_017,11,180368918#5,180368918#6,0.01,normal
ER_ACC_017,12,180368918#6,180368918#7,1.311,normal
ER_ACC_017,13,180368918#7,180368918#8,2.333,normal
ER_ACC_017,14,180368918#8,218773868#0,1.645,normal
ER_ACC_017,15,218773868#0,218773868#2,6.453,normal
ER_ACC_017,16,218773868#2,218773868#3,0.227,normal
ER_ACC_017,17,218773868#3,218773868#4,1.127,normal
ER_ACC_017,18,218773868#4,218773868#5,0.019,normal
ER_ACC_017,19,218773868#5,218773868#6,0.918,normal
ER_ACC_017,20,218773868#6,-1455512070,1.016,normal
ER_ACC_017,21,-1455512070,-1455512069,1.265,normal
ER_ACC_017,22,-1455512069,428260110,2.189,normal
ER_ACC_017,23,428260110,785130600#0,5.536,normal
ER_ACC_017,24,785130600#0,785130600#1,8.278,normal
ER_ACC_017,25,785130600#1,785130600#2,4.928,normal
ER_ACC_017,26,785130600#2,785130600#3,1.533,normal
ER_ACC_017,27,785130600#3,1455497345,1.122,normal
ER_ACC_017,28,1455497345,218773869#1,1.649,normal
ER_ACC_017,29,218773869#1,218773869#3,1.256,normal
ER_ACC_017,30,218773869#3,218773869#4,1.01,normal
ER_ACC_017,31,218773869#4,218773869#5,2.551,normal
ER_ACC_017,32,218773869#5,218773869#6,2.396,normal
ER_ACC_017,33,218773869#6,218773869#7,5.435,normal
ER_ACC_017,34,218773869#7,218773869#8,20.278,normal
ER_ACC_017,35,218773869#8,-772527390#5,0.0,normal
ER_ACC_017,36,-772527390#5,785130598#0,0.0,normal
ER_ACC_017,37,785130598#0,785130598#1,11.306,normal
ER_ACC_017,38,785130598#1,785130598#3,0.831,normal
ER_ACC_017,39,785130598#3,223418965#1,103.663,normal
ER_ACC_017,40,223418965#1,223418965#2,0.411,normal
ER_ACC_017,41,223418965#2,223418965#3,0.625,normal
ER_ACC_017,42,223418965#3,223418965#5,4.358,normal
ER_ACC_017,43,223418965#5,223418965#10,7.235,normal
ER_ACC_017,44,223418965#10,223418965#14,15.534,normal
ER_ACC_017,45,223418965#14,273647556#0,22.596,normal
ER_ACC_017,46,273647556#0,-273647554#1,85.157,normal
ER_ACC_017,47,-273647554#1,-273640076#1,74.922,normal
ER_ACC_017,48,-273640076#1,-244221646#2,12.567,normal
ER_ACC_017,49,-244221646#2,273640070#0,86.753,normal
ER_ACC_018,1,-381802881#2,-381802847#2,68.415,normal
ER_ACC_018,2,-381802847#2,-183272625#1,83.113,normal
ER_ACC_018,3,-183272625#1,-174870621#2,80.198,normal
ER_ACC_018,4,-174870621#2,-174870621#0,6.265,normal
ER_ACC_018,5,-174870621#0,578313748#0,9.983,normal
ER_ACC_018,6,578313748#0,578313748#2,2.534,normal
ER_ACC_018,7,578313748#2,800229255,1.08,normal
ER_ACC_018,8,800229255,180368918#0,2.43,normal
ER_ACC_018,9,180368918#0,180368918#3,0.87,normal
ER_ACC_018,10,180368918#3,180368918#5,2.577,normal
ER_ACC_018,11,180368918#5,180368918#6,0.01,normal
ER_ACC_018,12,180368918#6,180368918#7,1.311,normal
ER_ACC_018,13,180368918#7,180368918#8,2.333,normal
ER_ACC_018,14,180368918#8,218773868#0,1.645,normal
ER_ACC_018,15,218773868#0,218773868#2,6.453,normal
ER_ACC_018,16,218773868#2,218773868#3,0.227,normal
ER_ACC_018,17,218773868#3,218773868#4,1.127,normal
ER_ACC_018,18,218773868#4,218773868#5,0.019,normal
ER_ACC_018,19,218773868#5,218773868#6,0.918,normal
ER_ACC_018,20,218773868#6,-1455512070,1.016,normal
ER_ACC_018,21,-1455512070,-1455512069,1.265,normal
ER_ACC_018,22,-1455512069,428260110,2.189,normal
ER_ACC_018,23,428260110,785130600#0,5.536,normal
ER_ACC_018,24,785130600#0,785130600#1,8.278,normal
ER_ACC_018,25,785130600#1,785130600#2,4.928,normal
ER_ACC_018,26,785130600#2,785130600#3,1.533,normal
ER_ACC_018,27,785130600#3,1455497345,1.122,normal
ER_ACC_018,28,1455497345,218773869#1,1.649,normal
ER_ACC_018,29,218773869#1,218773869#3,1.256,normal
ER_ACC_018,30,218773869#3,218773869#4,1.01,normal
ER_ACC_018,31,218773869#4,218773869#5,2.551,normal
ER_ACC_018,32,218773869#5,218773869#6,2.396,normal
ER_ACC_018,33,218773869#6,218773869#7,5.435,normal
ER_ACC_018,34,218773869#7,218773869#8,20.278,normal
ER_ACC_018,35,218773869#8,219696193#0,7.83,normal
ER_ACC_018,36,219696193#0,219696193#1,0.251,normal
ER_ACC_018,37,219696193#1,219696193#2,5.563,normal
ER_ACC_018,38,219696193#2,781985793#0,11.902,normal
ER_ACC_018,39,781985793#0,420361196,13.997,normal
ER_ACC_018,40,420361196,347237859#0,2.141,normal
ER_ACC_018,41,347237859#0,347237859#1,4.701,normal
ER_ACC_018,42,347237859#1,347237859#2,1.88,normal
ER_ACC_018,43,347237859#2,347237859#3,0.039,normal
ER_ACC_018,44,347237859#3,347237859#4,2.105,normal
ER_ACC_018,45,347237859#4,781985787#0,7.077,normal
ER_ACC_018,46,781985787#0,-781985788#0,0.0,normal
ER_ACC_018,47,-781985788#0,-383097722#0,0.0,normal
ER_ACC_018,48,-383097722#0,301285277#0,59.163,normal
ER_ACC_019,1,-381802881#2,-381802847#2,68.415,normal
ER_ACC_019,2,-381802847#2,-183272625#1,83.113,normal
ER_ACC_019,3,-183272625#1,-174870621#2,80.198,normal
ER_ACC_019,4,-174870621#2,-174870621#0,6.265,normal
ER_ACC_019,5,-174870621#0,578313748#0,9.983,normal
ER_ACC_019,6,578313748#0,578313748#2,2.534,normal
ER_ACC_019,7,578313748#2,800229255,1.08,normal
ER_ACC_019,8,800229255,180368918#0,2.43,normal
ER_ACC_019,9,180368918#0,180368918#3,0.87,normal
ER_ACC_019,10,180368918#3,180368918#5,2.577,normal
ER_ACC_019,11,180368918#5,180368918#6,0.01,normal
ER_ACC_019,12,180368918#6,180368918#7,1.311,normal
ER_ACC_019,13,180368918#7,180368918#8,2.333,normal
ER_ACC_019,14,180368918#8,218773868#0,1.645,normal
ER_ACC_019,15,218773868#0,218773868#2,6.453,normal
ER_ACC_019,16,218773868#2,218773868#3,0.227,normal
ER_ACC_019,17,218773868#3,218773868#4,1.127,normal
ER_ACC_019,18,218773868#4,218773868#5,0.019,normal
ER_ACC_019,19,218773868#5,218773868#6,0.918,normal
ER_ACC_019,20,218773868#6,-1455512070,1.016,normal
ER_ACC_019,21,-1455512070,-1455512069,1.265,normal
ER_ACC_019,22,-1455512069,428260110,2.189,normal
ER_ACC_019,23,428260110,785130600#0,5.536,normal
ER_ACC_019,24,785130600#0,785130600#1,8.278,normal
ER_ACC_019,25,785130600#1,785130600#2,4.928,normal
ER_ACC_019,26,785130600#2,785130600#3,1.533,normal
ER_ACC_019,27,785130600#3,1455497345,1.122,normal
ER_ACC_019,28,1455497345,218773869#1,1.649,normal
ER_ACC_019,29,218773869#1,218773869#3,1.256,normal
ER_ACC_019,30,218773869#3,218773869#4,1.01,normal
ER_ACC_019,31,218773869#4,218773869#5,2.551,normal
ER_ACC_019,32,218773869#5,218773869#6,2.396,normal
ER_ACC_019,33,218773869#6,218773869#7,5.435,normal
ER_ACC_019,34,218773869#7,218773869#8,20.278,normal
ER_ACC_019,35,218773869#8,219696193#0,7.83,normal
ER_ACC_019,36,219696193#0,219696193#1,0.251,normal
ER_ACC_019,37,219696193#1,219696193#2,5.563,normal
ER_ACC_019,38,219696193#2,781985793#0,11.902,normal
ER_ACC_019,39,781985793#0,420361196,13.997,normal
ER_ACC_019,40,420361196,347237859#0,2.141,normal
ER_ACC_019,41,347237859#0,347237859#1,4.701,normal
ER_ACC_019,42,347237859#1,347237859#2,1.88,normal
ER_ACC_019,43,347237859#2,347237859#3,0.039,normal
ER_ACC_019,44,347237859#3,347237859#4,2.105,normal
ER_ACC_019,45,347237859#4,781985787#0,7.077,normal
ER_ACC_019,46,781985787#0,218915135#3,22.041,normal
ER_ACC_019,47,218915135#3,218915135#4,0.883,normal
ER_ACC_019,48,218915135#4,781983104#0,9.287,normal
ER_ACC_019,49,781983104#0,781983104#1,3.77,normal
ER_ACC_019,50,781983104#1,333557072#3,1.985,normal
ER_ACC_019,51,333557072#3,333557072#5,0.011,normal
ER_ACC_019,52,333557072#5,619147738#0,61.45,normal
ER_ACC_019,53,619147738#0,619147738#1,4.129,normal
ER_ACC_019,54,619147738#1,1206223939,0.0,normal
ER_ACC_019,55,1206223939,615671502,0.0,normal
ER_ACC_019,56,615671502,796927124,0.0,normal
ER_ACC_019,57,796927124,1206223944,0.0,normal
ER_ACC_019,58,1206223944,585341902,72.517,normal
ER_ACC_019,59,585341902,477063271,0.0,normal
ER_ACC_019,60,477063271,1206223946#0,0.0,normal
ER_ACC_019,61,1206223946#0,619147740,21.963,normal
ER_ACC_019,62,619147740,619147739#0,2.512,normal
ER_ACC_019,63,619147739#0,619147739#1,0.026,normal
ER_ACC_019,64,619147739#1,619147739#3,0.46,normal
ER_ACC_019,65,619147739#3,315658884#1,116.984,normal
