method,seed,round,round_theta_index,theta_per_round,parameter_id,t_lead,delta_T_thr,G_ext,Q_ratio,tau,D_E_sec,D_G_sec,score,best_so_far,penalty,final_status,failure_reason,termination_reason,emergency_arrived,emergency_teleport,background_teleported,signal_event_count,stage2_hold_count,stage3_preemption_count,surrogate_mean,surrogate_ci_low,surrogate_ci_high,raw_ei_acquisition,acquisition,bo_selection_strategy,bo_candidate_source,bo_plateau_mode,essi_acquisition,essi_1,essi_2,essi_3,essi_4,essi_5,essi_6,essi_max,essi_mean,essi_log_max,dominant_essi_subspace,spatial_activation_score,raw_score,essi_log_max_ewma,essi_spc_status,essi_stop_recommended
Random Search,20260607,1,1,6,rs_r01_001_tl48_dt220_ge9_qr22_tau77,48,220,9,0.22,0.77,290.92,453.97,305.74,305.74,0.00,PASS,,recovery_detected,True,False,0,418,1,66,,,,,,,,,,,,,,,,,,,,,305.74,,,
Random Search,20260607,1,2,6,rs_r01_002_tl30_dt8_ge26_qr51_tau79,30,8,26,0.51,0.79,315.92,445.16,327.67,305.74,0.00,PASS,,recovery_detected,True,False,0,4829,1,16,,,,,,,,,,,,,,,,,,,,,327.67,,,
Random Search,20260607,1,3,6,rs_r01_003_tl91_dt34_ge11_qr77_tau83,91,34,11,0.77,0.83,0.00,497.27,1000045.21,305.74,1000000.00,FAIL,emergency_stuck,emergency_stuck,False,False,0,2807,1,33,,,,,,,,,,,,,,,,,,,,,45.21,,,
Random Search,20260607,1,4,6,rs_r01_004_tl35_dt116_ge30_qr80_tau87,35,116,30,0.8,0.87,400.92,436.37,404.14,305.74,0.00,PASS,,recovery_detected,True,False,0,350,1,45,,,,,,,,,,,,,,,,,,,,,404.14,,,
Random Search,20260607,1,5,6,rs_r01_005_tl12_dt198_ge7_qr84_tau73,12,198,7,0.84,0.73,412.92,426.08,414.12,305.74,0.00,PASS,,recovery_detected,True,False,0,1401,1,88,,,,,,,,,,,,,,,,,,,,,414.12,,,
Random Search,20260607,1,6,6,rs_r01_006_tl73_dt146_ge44_qr8_tau88,73,146,44,0.08,0.88,0.00,487.23,1000044.29,305.74,1000000.00,FAIL,emergency_stuck,emergency_stuck,False,False,0,195,1,26,,,,,,,,,,,,,,,,,,,,,44.29,,,
Random Search,20260607,2,1,6,rs_r02_001_tl2_dt118_ge23_qr30_tau73,2,118,23,0.3,0.73,466.92,428.87,463.46,305.74,0.00,PASS,,recovery_detected,True,False,0,1286,1,57,,,,,,,,,,,,,,,,,,,,,463.46,,,
Random Search,20260607,2,2,6,rs_r02_002_tl74_dt148_ge45_qr38_tau73,74,148,45,0.38,0.73,0.00,486.66,1000044.24,305.74,1000000.00,FAIL,emergency_stuck,emergency_stuck,False,False,0,201,1,26,,,,,,,,,,,,,,,,,,,,,44.24,,,
Random Search,20260607,2,3,6,rs_r02_003_tl38_dt33_ge24_qr83_tau90,38,33,24,0.83,0.9,0.00,494.49,1000044.95,305.74,1000000.00,FAIL,emergency_stuck,emergency_stuck,False,False,0,2917,1,25,,,,,,,,,,,,,,,,,,,,,44.95,,,
Random Search,20260607,2,4,6,rs_r02_004_tl69_dt6_ge17_qr95_tau85,69,6,17,0.95,0.85,315.92,443.96,327.56,305.74,0.00,PASS,,recovery_detected,True,False,0,4894,0,15,,,,,,,,,,,,,,,,,,,,,327.56,,,
Random Search,20260607,2,5,6,rs_r02_005_tl80_dt178_ge2_qr49_tau75,80,178,2,0.49,0.75,441.92,426.72,440.54,305.74,0.00,PASS,,recovery_detected,True,False,0,1121,1,117,,,,,,,,,,,,,,,,,,,,,440.54,,,
Random Search,20260607,2,6,6,rs_r02_006_tl82_dt158_ge16_qr6_tau78,82,158,16,0.06,0.78,395.92,437.68,399.72,305.74,0.00,PASS,,recovery_detected,True,False,0,579,1,65,,,,,,,,,,,,,,,,,,,,,399.72,,,
Random Search,20260607,3,1,6,rs_r03_001_tl41_dt37_ge24_qr52_tau88,41,37,24,0.52,0.88,0.00,495.45,1000045.04,305.74,1000000.00,FAIL,emergency_stuck,emergency_stuck,False,False,0,2109,1,26,,,,,,,,,,,,,,,,,,,,,45.04,,,
Random Search,20260607,3,2,6,rs_r03_002_tl6_dt59_ge9_qr74_tau71,6,59,9,0.74,0.71,0.00,494.81,1000044.98,305.74,1000000.00,FAIL,emergency_stuck,emergency_stuck,False,False,0,1674,1,47,,,,,,,,,,,,,,,,,,,,,44.98,,,
Random Search,20260607,3,3,6,rs_r03_003_tl44_dt129_ge49_qr48_tau77,44,129,49,0.48,0.77,542.92,297.02,520.57,305.74,0.00,PASS,,recovery_timeout,True,False,0,315,1,40,,,,,,,,,,,,,,,,,,,,,520.57,,,
Random Search,20260607,3,4,6,rs_r03_004_tl83_dt83_ge12_qr55_tau89,83,83,12,0.55,0.89,323.92,451.12,335.48,305.74,0.00,PASS,,recovery_detected,True,False,0,617,1,64,,,,,,,,,,,,,,,,,,,,,335.48,,,
Random Search,20260607,3,5,6,rs_r03_005_tl24_dt204_ge7_qr96_tau84,24,204,7,0.96,0.84,282.92,451.05,298.20,298.20,0.00,PASS,,recovery_detected,True,False,0,680,0,72,,,,,,,,,,,,,,,,,,,,,298.20,,,
Random Search,20260607,3,6,6,rs_r03_006_tl100_dt73_ge16_qr56_tau88,100,73,16,0.56,0.88,0.00,488.64,1000044.42,298.20,1000000.00,FAIL,emergency_stuck,emergency_stuck,False,False,0,614,1,42,,,,,,,,,,,,,,,,,,,,,44.42,,,
Random Search,20260607,4,1,6,rs_r04_001_tl79_dt73_ge27_qr72_tau76,79,73,27,0.72,0.76,0.00,467.62,1000042.51,298.20,1000000.00,FAIL,emergency_stuck,emergency_stuck,False,False,0,639,1,40,,,,,,,,,,,,,,,,,,,,,42.51,,,
Random Search,20260607,4,2,6,rs_r04_002_tl49_dt80_ge2_qr65_tau75,49,80,2,0.65,0.75,272.92,459.57,289.89,289.89,0.00,PASS,,recovery_detected,True,False,0,849,1,86,,,,,,,,,,,,,,,,,,,,,289.89,,,
Random Search,20260607,4,3,6,rs_r04_003_tl102_dt25_ge35_qr32_tau88,102,25,35,0.32,0.88,0.00,501.86,1000045.62,289.89,1000000.00,FAIL,emergency_stuck,emergency_stuck,False,False,0,2511,1,15,,,,,,,,,,,,,,,,,,,,,45.62,,,
Random Search,20260607,4,4,6,rs_r04_004_tl60_dt138_ge9_qr43_tau72,60,138,9,0.43,0.72,336.92,440.72,346.36,289.89,0.00,PASS,,recovery_detected,True,False,0,632,1,75,,,,,,,,,,,,,,,,,,,,,346.36,,,
Random Search,20260607,4,5,6,rs_r04_005_tl109_dt176_ge0_qr10_tau89,109,176,0,0.1,0.89,348.92,435.24,356.77,289.89,0.00,PASS,,recovery_detected,True,False,0,905,1,116,,,,,,,,,,,,,,,,,,,,,356.77,,,
Random Search,20260607,4,6,6,rs_r04_006_tl106_dt160_ge15_qr11_tau84,106,160,15,0.11,0.84,293.92,435.42,306.78,289.89,0.00,PASS,,recovery_detected,True,False,0,450,1,52,,,,,,,,,,,,,,,,,,,,,306.78,,,
Random Search,20260607,5,1,6,rs_r05_001_tl39_dt184_ge5_qr22_tau85,39,184,5,0.22,0.85,377.92,431.42,382.78,289.89,0.00,PASS,,recovery_detected,True,False,0,973,1,95,,,,,,,,,,,,,,,,,,,,,382.78,,,
Random Search,20260607,5,2,6,rs_r05_002_tl87_dt127_ge33_qr6_tau90,87,127,33,0.06,0.9,539.92,305.26,518.59,289.89,0.00,PASS,,recovery_timeout,True,False,0,625,1,49,,,,,,,,,,,,,,,,,,,,,518.59,,,
Random Search,20260607,5,3,6,rs_r05_003_tl66_dt53_ge25_qr53_tau77,66,53,25,0.53,0.77,0.00,495.92,1000045.08,289.89,1000000.00,FAIL,emergency_stuck,emergency_stuck,False,False,0,1197,1,30,,,,,,,,,,,,,,,,,,,,,45.08,,,
Random Search,20260607,5,4,6,rs_r05_004_tl40_dt23_ge49_qr52_tau88,40,23,49,0.52,0.88,0.00,500.78,1000045.53,289.89,1000000.00,FAIL,emergency_stuck,emergency_stuck,False,False,0,2619,1,14,,,,,,,,,,,,,,,,,,,,,45.53,,,
Random Search,20260607,5,5,6,rs_r05_005_tl78_dt45_ge22_qr67_tau81,78,45,22,0.67,0.81,0.00,493.01,1000044.82,289.89,1000000.00,FAIL,emergency_stuck,emergency_stuck,False,False,0,1289,1,31,,,,,,,,,,,,,,,,,,,,,44.82,,,
Random Search,20260607,5,6,6,rs_r05_006_tl96_dt171_ge0_qr4_tau85,96,171,0,0.04,0.85,318.92,452.44,331.06,289.89,0.00,PASS,,recovery_detected,True,False,0,873,1,111,,,,,,,,,,,,,,,,,,,,,331.06,,,
Random Search,20260607,6,1,6,rs_r06_001_tl96_dt116_ge41_qr5_tau80,96,116,41,0.05,0.8,0.00,489.23,1000044.48,289.89,1000000.00,FAIL,emergency_stuck,emergency_stuck,False,False,0,230,1,27,,,,,,,,,,,,,,,,,,,,,44.48,,,
Random Search,20260607,6,2,6,rs_r06_002_tl82_dt34_ge42_qr63_tau77,82,34,42,0.63,0.77,0.00,499.91,1000045.45,289.89,1000000.00,FAIL,emergency_stuck,emergency_stuck,False,False,0,2348,1,16,,,,,,,,,,,,,,,,,,,,,45.45,,,
Random Search,20260607,6,3,6,rs_r06_003_tl17_dt11_ge46_qr1_tau87,17,11,46,0.01,0.87,0.00,494.04,1000044.91,289.89,1000000.00,FAIL,emergency_stuck,emergency_stuck,False,False,0,4421,1,9,,,,,,,,,,,,,,,,,,,,,44.91,,,
Random Search,20260607,6,4,6,rs_r06_004_tl56_dt82_ge28_qr8_tau76,56,82,28,0.08,0.76,500.92,309.91,483.56,289.89,0.00,PASS,,recovery_timeout,True,False,0,524,1,55,,,,,,,,,,,,,,,,,,,,,483.56,,,
Random Search,20260607,6,5,6,rs_r06_005_tl2_dt59_ge20_qr70_tau89,2,59,20,0.7,0.89,0.00,500.52,1000045.50,289.89,1000000.00,FAIL,emergency_stuck,emergency_stuck,False,False,0,1174,1,31,,,,,,,,,,,,,,,,,,,,,45.50,,,
Random Search,20260607,6,6,6,rs_r06_006_tl14_dt2_ge15_qr10_tau83,14,2,15,0.1,0.83,363.92,441.51,370.97,289.89,0.00,PASS,,recovery_detected,True,False,0,5159,1,15,,,,,,,,,,,,,,,,,,,,,370.97,,,
Random Search,20260607,7,1,6,rs_r07_001_tl17_dt197_ge6_qr50_tau76,17,197,6,0.5,0.76,0.00,487.81,1000044.35,289.89,1000000.00,FAIL,emergency_stuck,emergency_stuck,False,False,0,921,1,64,,,,,,,,,,,,,,,,,,,,,44.35,,,
Random Search,20260607,7,2,6,rs_r07_002_tl72_dt170_ge29_qr81_tau73,72,170,29,0.81,0.73,486.92,313.22,471.13,289.89,0.00,PASS,,recovery_timeout,True,False,0,461,1,51,,,,,,,,,,,,,,,,,,,,,471.13,,,
Random Search,20260607,7,3,6,rs_r07_003_tl53_dt176_ge2_qr69_tau85,53,176,2,0.69,0.85,325.92,433.11,335.66,289.89,0.00,PASS,,recovery_detected,True,False,0,812,1,97,,,,,,,,,,,,,,,,,,,,,335.66,,,
Random Search,20260607,7,4,6,rs_r07_004_tl54_dt30_ge31_qr64_tau75,54,30,31,0.64,0.75,0.00,499.81,1000045.44,289.89,1000000.00,FAIL,emergency_stuck,emergency_stuck,False,False,0,2708,1,20,,,,,,,,,,,,,,,,,,,,,45.44,,,
Random Search,20260607,7,5,6,rs_r07_005_tl18_dt186_ge15_qr19_tau90,18,186,15,0.19,0.9,471.92,299.55,456.25,289.89,0.00,PASS,,recovery_timeout,True,False,0,707,1,74,,,,,,,,,,,,,,,,,,,,,456.25,,,
Random Search,20260607,7,6,6,rs_r07_006_tl26_dt51_ge28_qr94_tau90,26,51,28,0.94,0.9,0.00,472.05,1000042.91,289.89,1000000.00,FAIL,emergency_stuck,emergency_stuck,False,False,0,1223,0,33,,,,,,,,,,,,,,,,,,,,,42.91,,,
Random Search,20260607,8,1,6,rs_r08_001_tl62_dt173_ge48_qr37_tau83,62,173,48,0.37,0.83,338.92,442.93,348.37,289.89,0.00,PASS,,recovery_detected,True,False,0,263,1,33,,,,,,,,,,,,,,,,,,,,,348.37,,,
Random Search,20260607,8,2,6,rs_r08_002_tl74_dt50_ge33_qr41_tau84,74,50,33,0.41,0.84,0.00,487.84,1000044.35,289.89,1000000.00,FAIL,emergency_stuck,emergency_stuck,False,False,0,991,1,28,,,,,,,,,,,,,,,,,,,,,44.35,,,
Random Search,20260607,8,3,6,rs_r08_003_tl40_dt196_ge41_qr62_tau90,40,196,41,0.62,0.9,411.92,334.60,404.89,289.89,0.00,PASS,,recovery_timeout,True,False,0,287,1,40,,,,,,,,,,,,,,,,,,,,,404.89,,,
Random Search,20260607,8,4,6,rs_r08_004_tl17_dt175_ge1_qr59_tau73,17,175,1,0.59,0.73,440.92,424.45,439.42,289.89,0.00,PASS,,recovery_detected,True,False,0,1626,1,125,,,,,,,,,,,,,,,,,,,,,439.42,,,
Random Search,20260607,8,5,6,rs_r08_005_tl112_dt120_ge23_qr75_tau84,112,120,23,0.75,0.84,505.92,312.16,488.31,289.89,0.00,PASS,,recovery_timeout,True,False,0,542,1,61,,,,,,,,,,,,,,,,,,,,,488.31,,,
Random Search,20260607,8,6,6,rs_r08_006_tl44_dt60_ge29_qr71_tau80,44,60,29,0.71,0.8,0.00,501.08,1000045.55,289.89,1000000.00,FAIL,emergency_stuck,emergency_stuck,False,False,0,741,1,27,,,,,,,,,,,,,,,,,,,,,45.55,,,
Random Search,20260607,9,1,6,rs_r09_001_tl20_dt170_ge27_qr89_tau89,20,170,27,0.89,0.89,495.92,306.59,478.71,289.89,0.00,PASS,,recovery_timeout,True,False,0,664,1,54,,,,,,,,,,,,,,,,,,,,,478.71,,,
Random Search,20260607,9,2,6,rs_r09_002_tl101_dt218_ge21_qr81_tau83,101,218,21,0.81,0.83,672.92,286.11,637.76,289.89,0.00,PASS,,recovery_timeout,True,False,0,676,1,76,,,,,,,,,,,,,,,,,,,,,637.76,,,
Random Search,20260607,9,3,6,rs_r09_003_tl44_dt220_ge32_qr47_tau80,44,220,32,0.47,0.8,544.92,304.58,523.07,289.89,0.00,PASS,,recovery_timeout,True,False,0,389,1,51,,,,,,,,,,,,,,,,,,,,,523.07,,,
Random Search,20260607,9,4,6,rs_r09_004_tl110_dt11_ge15_qr62_tau71,110,11,15,0.62,0.71,380.92,436.17,385.94,289.89,0.00,PASS,,recovery_detected,True,False,0,5292,1,23,,,,,,,,,,,,,,,,,,,,,385.94,,,
Random Search,20260607,9,5,6,rs_r09_005_tl81_dt98_ge32_qr8_tau78,81,98,32,0.08,0.78,588.92,297.02,562.38,289.89,0.00,PASS,,recovery_timeout,True,False,0,550,1,56,,,,,,,,,,,,,,,,,,,,,562.38,,,
Random Search,20260607,9,6,6,rs_r09_006_tl78_dt31_ge27_qr96_tau71,78,31,27,0.96,0.71,0.00,494.94,1000044.99,289.89,1000000.00,FAIL,emergency_stuck,emergency_stuck,False,False,0,2787,0,22,,,,,,,,,,,,,,,,,,,,,44.99,,,
Random Search,20260607,10,1,6,rs_r10_001_tl27_dt56_ge2_qr52_tau87,27,56,2,0.52,0.87,0.00,487.39,1000044.31,289.89,1000000.00,FAIL,emergency_stuck,emergency_stuck,False,False,0,1373,1,72,,,,,,,,,,,,,,,,,,,,,44.31,,,
Random Search,20260607,10,2,6,rs_r10_002_tl32_dt39_ge7_qr70_tau74,32,39,7,0.7,0.74,0.00,500.78,1000045.53,289.89,1000000.00,FAIL,emergency_stuck,emergency_stuck,False,False,0,2255,1,39,,,,,,,,,,,,,,,,,,,,,45.53,,,
Random Search,20260607,10,3,6,rs_r10_003_tl38_dt207_ge10_qr72_tau70,38,207,10,0.72,0.7,334.92,449.20,345.31,289.89,0.00,PASS,,recovery_detected,True,False,0,581,1,72,,,,,,,,,,,,,,,,,,,,,345.31,,,
Random Search,20260607,10,4,6,rs_r10_004_tl50_dt113_ge21_qr41_tau71,50,113,21,0.41,0.71,660.92,292.25,627.40,289.89,0.00,PASS,,recovery_timeout,True,False,0,774,1,78,,,,,,,,,,,,,,,,,,,,,627.40,,,
Random Search,20260607,10,5,6,rs_r10_005_tl95_dt93_ge32_qr51_tau74,95,93,32,0.51,0.74,588.92,297.02,562.38,289.89,0.00,PASS,,recovery_timeout,True,False,0,548,1,56,,,,,,,,,,,,,,,,,,,,,562.38,,,
Random Search,20260607,10,6,6,rs_r10_006_tl105_dt59_ge46_qr65_tau72,105,59,46,0.65,0.72,670.92,294.64,636.71,289.89,0.00,PASS,,recovery_timeout,True,False,0,896,1,50,,,,,,,,,,,,,,,,,,,,,636.71,,,
Random Search,20260607,11,1,6,rs_r11_001_tl35_dt153_ge5_qr49_tau89,35,153,5,0.49,0.89,406.92,435.47,409.52,289.89,0.00,PASS,,recovery_detected,True,False,0,972,1,97,,,,,,,,,,,,,,,,,,,,,409.52,,,
Random Search,20260607,11,2,6,rs_r11_002_tl110_dt123_ge0_qr79_tau70,110,123,0,0.79,0.7,327.92,449.01,338.93,289.89,0.00,PASS,,recovery_detected,True,False,0,953,1,113,,,,,,,,,,,,,,,,,,,,,338.93,,,
Random Search,20260607,11,3,6,rs_r11_003_tl85_dt174_ge28_qr92_tau72,85,174,28,0.92,0.72,441.92,429.03,440.75,289.89,0.00,PASS,,recovery_detected,True,False,0,382,0,52,,,,,,,,,,,,,,,,,,,,,440.75,,,
Random Search,20260607,11,4,6,rs_r11_004_tl75_dt191_ge47_qr65_tau73,75,191,47,0.65,0.73,276.92,458.96,293.47,289.89,0.00,PASS,,recovery_detected,True,False,0,319,1,28,,,,,,,,,,,,,,,,,,,,,293.47,,,
Random Search,20260607,11,5,6,rs_r11_005_tl2_dt162_ge10_qr47_tau87,2,162,10,0.47,0.87,437.92,429.04,437.11,289.89,0.00,PASS,,recovery_detected,True,False,0,1602,1,82,,,,,,,,,,,,,,,,,,,,,437.11,,,
Random Search,20260607,11,6,6,rs_r11_006_tl32_dt105_ge7_qr52_tau74,32,105,7,0.52,0.74,273.92,451.73,290.08,289.89,0.00,PASS,,recovery_detected,True,False,0,840,1,67,,,,,,,,,,,,,,,,,,,,,290.08,,,
Random Search,20260607,12,1,6,rs_r12_001_tl42_dt91_ge3_qr49_tau76,42,91,3,0.49,0.76,301.92,451.45,315.51,289.89,0.00,PASS,,recovery_detected,True,False,0,849,1,84,,,,,,,,,,,,,,,,,,,,,315.51,,,
Random Search,20260607,12,2,6,rs_r12_002_tl100_dt162_ge46_qr96_tau79,100,162,46,0.96,0.79,0.00,470.28,1000042.75,289.89,1000000.00,FAIL,emergency_stuck,emergency_stuck,False,False,0,154,0,28,,,,,,,,,,,,,,,,,,,,,42.75,,,
Random Search,20260607,12,3,6,rs_r12_003_tl17_dt102_ge29_qr2_tau80,17,102,29,0.02,0.8,445.92,428.40,444.33,289.89,0.00,PASS,,recovery_detected,True,False,0,620,1,51,,,,,,,,,,,,,,,,,,,,,444.33,,,
Random Search,20260607,12,4,6,rs_r12_004_tl32_dt26_ge25_qr79_tau80,32,26,25,0.79,0.8,0.00,499.75,1000045.43,289.89,1000000.00,FAIL,emergency_stuck,emergency_stuck,False,False,0,2761,1,21,,,,,,,,,,,,,,,,,,,,,45.43,,,
Random Search,20260607,12,5,6,rs_r12_005_tl2_dt3_ge37_qr91_tau89,2,3,37,0.91,0.89,412.92,345.74,406.81,289.89,0.00,PASS,,recovery_timeout,True,False,0,5644,0,16,,,,,,,,,,,,,,,,,,,,,406.81,,,
Random Search,20260607,12,6,6,rs_r12_006_tl81_dt21_ge15_qr81_tau83,81,21,15,0.81,0.83,0.00,500.26,1000045.48,289.89,1000000.00,FAIL,emergency_stuck,emergency_stuck,False,False,0,2894,1,25,,,,,,,,,,,,,,,,,,,,,45.48,,,
Random Search,20260607,13,1,6,rs_r13_001_tl90_dt135_ge4_qr70_tau79,90,135,4,0.7,0.79,336.92,442.06,346.48,289.89,0.00,PASS,,recovery_detected,True,False,0,757,1,93,,,,,,,,,,,,,,,,,,,,,346.48,,,
Random Search,20260607,13,2,6,rs_r13_002_tl37_dt164_ge40_qr48_tau90,37,164,40,0.48,0.9,328.92,438.94,338.92,289.89,0.00,PASS,,recovery_detected,True,False,0,221,1,33,,,,,,,,,,,,,,,,,,,,,338.92,,,
Random Search,20260607,13,3,6,rs_r13_003_tl94_dt122_ge31_qr97_tau80,94,122,31,0.97,0.8,456.92,326.18,445.03,289.89,0.00,PASS,,recovery_timeout,True,False,0,324,0,50,,,,,,,,,,,,,,,,,,,,,445.03,,,
Random Search,20260607,13,4,6,rs_r13_004_tl33_dt187_ge35_qr36_tau73,33,187,35,0.36,0.73,517.92,306.00,498.65,289.89,0.00,PASS,,recovery_timeout,True,False,0,428,1,51,,,,,,,,,,,,,,,,,,,,,498.65,,,
Random Search,20260607,13,5,6,rs_r13_005_tl17_dt122_ge31_qr100_tau84,17,122,31,1.0,0.84,475.92,313.39,461.14,289.89,0.00,PASS,,recovery_timeout,True,False,0,586,0,52,,,,,,,,,,,,,,,,,,,,,461.14,,,
Random Search,20260607,13,6,6,rs_r13_006_tl78_dt51_ge41_qr69_tau83,78,51,41,0.69,0.83,0.00,498.26,1000045.30,289.89,1000000.00,FAIL,emergency_stuck,emergency_stuck,False,False,0,1144,1,20,,,,,,,,,,,,,,,,,,,,,45.30,,,
Random Search,20260607,14,1,6,rs_r14_001_tl32_dt9_ge43_qr38_tau84,32,9,43,0.38,0.84,313.92,443.15,325.67,289.89,0.00,PASS,,recovery_detected,True,False,0,4609,1,17,,,,,,,,,,,,,,,,,,,,,325.67,,,
Random Search,20260607,14,2,6,rs_r14_002_tl109_dt155_ge2_qr93_tau72,109,155,2,0.93,0.72,321.92,446.97,333.29,289.89,0.00,PASS,,recovery_detected,True,False,0,864,0,94,,,,,,,,,,,,,,,,,,,,,333.29,,,
Random Search,20260607,14,3,6,rs_r14_003_tl10_dt215_ge18_qr12_tau75,10,215,18,0.12,0.75,412.92,433.68,414.81,289.89,0.00,PASS,,recovery_detected,True,False,0,987,1,61,,,,,,,,,,,,,,,,,,,,,414.81,,,
Random Search,20260607,14,4,6,rs_r14_004_tl62_dt206_ge23_qr72_tau72,62,206,23,0.72,0.72,547.92,304.97,525.83,289.89,0.00,PASS,,recovery_timeout,True,False,0,581,1,66,,,,,,,,,,,,,,,,,,,,,525.83,,,
Random Search,20260607,14,5,6,rs_r14_005_tl27_dt202_ge9_qr96_tau77,27,202,9,0.96,0.77,426.92,432.37,427.42,289.89,0.00,PASS,,recovery_detected,True,False,0,874,0,82,,,,,,,,,,,,,,,,,,,,,427.42,,,
Random Search,20260607,14,6,6,rs_r14_006_tl2_dt54_ge9_qr9_tau86,2,54,9,0.09,0.86,0.00,493.38,1000044.85,289.89,1000000.00,FAIL,emergency_stuck,emergency_stuck,False,False,0,1876,1,45,,,,,,,,,,,,,,,,,,,,,44.85,,,
Random Search,20260607,15,1,6,rs_r15_001_tl96_dt176_ge11_qr20_tau72,96,176,11,0.2,0.72,371.92,442.12,378.30,289.89,0.00,PASS,,recovery_detected,True,False,0,601,1,73,,,,,,,,,,,,,,,,,,,,,378.30,,,
Random Search,20260607,15,2,6,rs_r15_002_tl105_dt44_ge34_qr97_tau72,105,44,34,0.97,0.72,0.00,488.89,1000044.44,289.89,1000000.00,FAIL,emergency_stuck,emergency_stuck,False,False,0,1728,0,26,,,,,,,,,,,,,,,,,,,,,44.44,,,
Random Search,20260607,15,3,6,rs_r15_003_tl110_dt106_ge45_qr45_tau75,110,106,45,0.45,0.75,589.92,298.83,563.46,289.89,0.00,PASS,,recovery_timeout,True,False,0,430,1,46,,,,,,,,,,,,,,,,,,,,,563.46,,,
Random Search,20260607,15,4,6,rs_r15_004_tl60_dt214_ge18_qr48_tau87,60,214,18,0.48,0.87,0.00,491.76,1000044.71,289.89,1000000.00,FAIL,emergency_stuck,emergency_stuck,False,False,0,263,1,43,,,,,,,,,,,,,,,,,,,,,44.71,,,
Random Search,20260607,15,5,6,rs_r15_005_tl53_dt219_ge13_qr38_tau86,53,219,13,0.38,0.86,434.92,430.33,434.50,289.89,0.00,PASS,,recovery_detected,True,False,0,654,1,70,,,,,,,,,,,,,,,,,,,,,434.50,,,
Random Search,20260607,15,6,6,rs_r15_006_tl39_dt152_ge48_qr91_tau85,39,152,48,0.91,0.85,0.00,496.32,1000045.12,289.89,1000000.00,FAIL,emergency_stuck,emergency_stuck,False,False,0,199,0,22,,,,,,,,,,,,,,,,,,,,,45.12,,,
Random Search,20260607,16,1,6,rs_r16_001_tl104_dt200_ge33_qr49_tau72,104,200,33,0.49,0.72,486.92,428.06,481.57,289.89,0.00,PASS,,recovery_detected,True,False,0,451,1,46,,,,,,,,,,,,,,,,,,,,,481.57,,,
Random Search,20260607,16,2,6,rs_r16_002_tl35_dt190_ge2_qr74_tau87,35,190,2,0.74,0.87,241.92,460.66,261.81,261.81,0.00,PASS,,recovery_detected,True,False,0,953,1,80,,,,,,,,,,,,,,,,,,,,,261.81,,,
Random Search,20260607,16,3,6,rs_r16_003_tl37_dt105_ge47_qr11_tau70,37,105,47,0.11,0.7,0.00,496.03,1000045.09,261.81,1000000.00,FAIL,emergency_stuck,emergency_stuck,False,False,0,198,1,23,,,,,,,,,,,,,,,,,,,,,45.09,,,
Random Search,20260607,16,4,6,rs_r16_004_tl46_dt57_ge41_qr64_tau73,46,57,41,0.64,0.73,0.00,499.96,1000045.45,261.81,1000000.00,FAIL,emergency_stuck,emergency_stuck,False,False,0,651,1,22,,,,,,,,,,,,,,,,,,,,,45.45,,,
Random Search,20260607,16,5,6,rs_r16_005_tl52_dt157_ge4_qr3_tau81,52,157,4,0.03,0.81,352.92,435.82,360.46,261.81,0.00,PASS,,recovery_detected,True,False,0,825,1,93,,,,,,,,,,,,,,,,,,,,,360.46,,,
Random Search,20260607,16,6,6,rs_r16_006_tl57_dt50_ge1_qr9_tau83,57,50,1,0.09,0.83,0.00,501.96,1000045.63,261.81,1000000.00,FAIL,emergency_stuck,emergency_stuck,False,False,0,1566,1,63,,,,,,,,,,,,,,,,,,,,,45.63,,,
Random Search,20260607,17,1,6,rs_r17_001_tl65_dt219_ge3_qr90_tau76,65,219,3,0.9,0.76,382.92,433.14,387.49,261.81,0.00,PASS,,recovery_detected,True,False,0,1006,1,100,,,,,,,,,,,,,,,,,,,,,387.49,,,
Random Search,20260607,17,2,6,rs_r17_002_tl17_dt48_ge49_qr42_tau82,17,48,49,0.42,0.82,0.00,503.89,1000045.81,261.81,1000000.00,FAIL,emergency_stuck,emergency_stuck,False,False,0,1036,1,19,,,,,,,,,,,,,,,,,,,,,45.81,,,
Random Search,20260607,17,3,6,rs_r17_003_tl96_dt120_ge44_qr1_tau70,96,120,44,0.01,0.7,0.00,487.23,1000044.29,261.81,1000000.00,FAIL,emergency_stuck,emergency_stuck,False,False,0,195,1,26,,,,,,,,,,,,,,,,,,,,,44.29,,,
Random Search,20260607,17,4,6,rs_r17_004_tl36_dt40_ge9_qr69_tau89,36,40,9,0.69,0.89,0.00,500.49,1000045.50,261.81,1000000.00,FAIL,emergency_stuck,emergency_stuck,False,False,0,2136,1,37,,,,,,,,,,,,,,,,,,,,,45.50,,,
Random Search,20260607,17,5,6,rs_r17_005_tl31_dt79_ge6_qr54_tau70,31,79,6,0.54,0.7,447.92,315.24,435.86,261.81,0.00,PASS,,recovery_timeout,True,False,0,1382,1,98,,,,,,,,,,,,,,,,,,,,,435.86,,,
Random Search,20260607,17,6,6,rs_r17_006_tl102_dt61_ge43_qr79_tau86,102,61,43,0.79,0.86,0.00,501.52,1000045.59,261.81,1000000.00,FAIL,emergency_stuck,emergency_stuck,False,False,0,443,1,21,,,,,,,,,,,,,,,,,,,,,45.59,,,
Random Search,20260607,18,1,6,rs_r18_001_tl69_dt186_ge22_qr9_tau86,69,186,22,0.09,0.86,0.00,485.10,1000044.10,261.81,1000000.00,FAIL,emergency_stuck,emergency_stuck,False,False,0,339,1,38,,,,,,,,,,,,,,,,,,,,,44.10,,,
Random Search,20260607,18,2,6,rs_r18_002_tl85_dt106_ge9_qr33_tau88,85,106,9,0.33,0.88,332.92,445.63,343.17,261.81,0.00,PASS,,recovery_detected,True,False,0,756,1,73,,,,,,,,,,,,,,,,,,,,,343.17,,,
Random Search,20260607,18,3,6,rs_r18_003_tl61_dt172_ge23_qr49_tau81,61,172,23,0.49,0.81,541.92,306.93,520.56,261.81,0.00,PASS,,recovery_timeout,True,False,0,649,1,66,,,,,,,,,,,,,,,,,,,,,520.56,,,
Random Search,20260607,18,4,6,rs_r18_004_tl66_dt7_ge29_qr82_tau80,66,7,29,0.82,0.8,316.92,444.52,328.52,261.81,0.00,PASS,,recovery_detected,True,False,0,4852,1,16,,,,,,,,,,,,,,,,,,,,,328.52,,,
Random Search,20260607,18,5,6,rs_r18_005_tl56_dt99_ge47_qr11_tau70,56,99,47,0.11,0.7,506.92,301.51,488.25,261.81,0.00,PASS,,recovery_timeout,True,False,0,331,1,41,,,,,,,,,,,,,,,,,,,,,488.25,,,
Random Search,20260607,18,6,6,rs_r18_006_tl1_dt130_ge26_qr57_tau86,1,130,26,0.57,0.86,0.00,495.51,1000045.05,261.81,1000000.00,FAIL,emergency_stuck,emergency_stuck,False,False,0,882,1,32,,,,,,,,,,,,,,,,,,,,,45.05,,,
Random Search,20260607,19,1,6,rs_r19_001_tl42_dt107_ge42_qr87_tau75,42,107,42,0.87,0.75,428.92,433.30,429.32,261.81,0.00,PASS,,recovery_detected,True,False,0,312,1,43,,,,,,,,,,,,,,,,,,,,,429.32,,,
Random Search,20260607,19,2,6,rs_r19_002_tl86_dt198_ge13_qr68_tau89,86,198,13,0.68,0.89,264.92,462.21,282.86,261.81,0.00,PASS,,recovery_detected,True,False,0,477,1,55,,,,,,,,,,,,,,,,,,,,,282.86,,,
Random Search,20260607,19,3,6,rs_r19_003_tl30_dt123_ge23_qr79_tau74,30,123,23,0.79,0.74,643.92,294.05,612.11,261.81,0.00,PASS,,recovery_timeout,True,False,0,651,1,71,,,,,,,,,,,,,,,,,,,,,612.11,,,
Random Search,20260607,19,4,6,rs_r19_004_tl50_dt125_ge9_qr43_tau76,50,125,9,0.43,0.76,290.92,453.97,305.74,261.81,0.00,PASS,,recovery_detected,True,False,0,414,1,66,,,,,,,,,,,,,,,,,,,,,305.74,,,
Random Search,20260607,19,5,6,rs_r19_005_tl76_dt52_ge45_qr2_tau72,76,52,45,0.02,0.72,417.92,431.24,419.13,261.81,0.00,PASS,,recovery_detected,True,False,0,1088,1,35,,,,,,,,,,,,,,,,,,,,,419.13,,,
Random Search,20260607,19,6,6,rs_r19_006_tl89_dt143_ge3_qr77_tau88,89,143,3,0.77,0.88,421.92,434.52,423.07,261.81,0.00,PASS,,recovery_detected,True,False,0,1021,1,109,,,,,,,,,,,,,,,,,,,,,423.07,,,
Random Search,20260607,20,1,6,rs_r20_001_tl81_dt71_ge2_qr61_tau86,81,71,2,0.61,0.86,367.92,432.16,373.76,261.81,0.00,PASS,,recovery_detected,True,False,0,1251,1,101,,,,,,,,,,,,,,,,,,,,,373.76,,,
Random Search,20260607,20,2,6,rs_r20_002_tl36_dt116_ge3_qr17_tau89,36,116,3,0.17,0.89,368.92,435.81,375.00,261.81,0.00,PASS,,recovery_detected,True,False,0,1184,1,100,,,,,,,,,,,,,,,,,,,,,375.00,,,
Random Search,20260607,20,3,6,rs_r20_003_tl52_dt31_ge48_qr21_tau70,52,31,48,0.21,0.7,0.00,498.98,1000045.36,261.81,1000000.00,FAIL,emergency_stuck,emergency_stuck,False,False,0,2669,1,14,,,,,,,,,,,,,,,,,,,,,45.36,,,
Random Search,20260607,20,4,6,rs_r20_004_tl28_dt146_ge26_qr31_tau78,28,146,26,0.31,0.78,0.00,489.75,1000044.52,261.81,1000000.00,FAIL,emergency_stuck,emergency_stuck,False,False,0,377,1,35,,,,,,,,,,,,,,,,,,,,,44.52,,,
Random Search,20260607,20,5,6,rs_r20_005_tl85_dt99_ge25_qr36_tau76,85,99,25,0.36,0.76,629.92,298.19,599.76,261.81,0.00,PASS,,recovery_timeout,True,False,0,577,1,70,,,,,,,,,,,,,,,,,,,,,599.76,,,
Random Search,20260607,20,6,6,rs_r20_006_tl93_dt33_ge22_qr10_tau88,93,33,22,0.1,0.88,0.00,499.01,1000045.36,261.81,1000000.00,FAIL,emergency_stuck,emergency_stuck,False,False,0,2471,1,24,,,,,,,,,,,,,,,,,,,,,45.36,,,
Random Search,20260607,21,1,6,rs_r21_001_tl85_dt87_ge29_qr70_tau70,85,87,29,0.7,0.7,499.92,312.89,482.92,261.81,0.00,PASS,,recovery_timeout,True,False,0,539,1,53,,,,,,,,,,,,,,,,,,,,,482.92,,,
Random Search,20260607,21,2,6,rs_r21_002_tl93_dt124_ge24_qr23_tau84,93,124,24,0.23,0.84,0.00,482.31,1000043.85,261.81,1000000.00,FAIL,emergency_stuck,emergency_stuck,False,False,0,262,1,38,,,,,,,,,,,,,,,,,,,,,43.85,,,
Random Search,20260607,21,3,6,rs_r21_003_tl70_dt79_ge27_qr99_tau80,70,79,27,0.99,0.8,442.92,429.68,441.72,261.81,0.00,PASS,,recovery_detected,True,False,0,407,0,51,,,,,,,,,,,,,,,,,,,,,441.72,,,
Random Search,20260607,21,4,6,rs_r21_004_tl108_dt199_ge49_qr85_tau86,108,199,49,0.85,0.86,658.92,294.87,625.82,261.81,0.00,PASS,,recovery_timeout,True,False,0,340,1,46,,,,,,,,,,,,,,,,,,,,,625.82,,,
Random Search,20260607,21,5,6,rs_r21_005_tl101_dt44_ge36_qr52_tau75,101,44,36,0.52,0.75,0.00,501.22,1000045.57,261.81,1000000.00,FAIL,emergency_stuck,emergency_stuck,False,False,0,1737,1,22,,,,,,,,,,,,,,,,,,,,,45.57,,,
Random Search,20260607,21,6,6,rs_r21_006_tl43_dt21_ge18_qr18_tau86,43,21,18,0.18,0.86,0.00,497.60,1000045.24,261.81,1000000.00,FAIL,emergency_stuck,emergency_stuck,False,False,0,2984,1,23,,,,,,,,,,,,,,,,,,,,,45.24,,,
Random Search,20260607,22,1,6,rs_r22_001_tl35_dt119_ge44_qr88_tau73,35,119,44,0.88,0.73,546.92,300.52,524.52,261.81,0.00,PASS,,recovery_timeout,True,False,0,567,1,46,,,,,,,,,,,,,,,,,,,,,524.52,,,
Random Search,20260607,22,2,6,rs_r22_002_tl86_dt134_ge16_qr25_tau82,86,134,16,0.25,0.82,395.92,437.68,399.72,261.81,0.00,PASS,,recovery_detected,True,False,0,574,1,65,,,,,,,,,,,,,,,,,,,,,399.72,,,
Random Search,20260607,22,3,6,rs_r22_003_tl59_dt206_ge5_qr72_tau86,59,206,5,0.72,0.86,405.92,427.30,407.86,261.81,0.00,PASS,,recovery_detected,True,False,0,832,1,94,,,,,,,,,,,,,,,,,,,,,407.86,,,
Random Search,20260607,22,4,6,rs_r22_004_tl95_dt9_ge28_qr93_tau73,95,9,28,0.93,0.73,315.92,442.61,327.44,261.81,0.00,PASS,,recovery_detected,True,False,0,4812,0,16,,,,,,,,,,,,,,,,,,,,,327.44,,,
Random Search,20260607,22,5,6,rs_r22_005_tl11_dt64_ge47_qr11_tau89,11,64,47,0.11,0.89,533.92,307.10,513.30,261.81,0.00,PASS,,recovery_timeout,True,False,0,897,1,42,,,,,,,,,,,,,,,,,,,,,513.30,,,
Random Search,20260607,22,6,6,rs_r22_006_tl75_dt44_ge37_qr15_tau86,75,44,37,0.15,0.86,0.00,495.61,1000045.06,261.81,1000000.00,FAIL,emergency_stuck,emergency_stuck,False,False,0,1557,1,23,,,,,,,,,,,,,,,,,,,,,45.06,,,
Random Search,20260607,23,1,6,rs_r23_001_tl10_dt220_ge17_qr7_tau70,10,220,17,0.07,0.7,502.92,302.56,484.71,261.81,0.00,PASS,,recovery_timeout,True,False,0,980,1,72,,,,,,,,,,,,,,,,,,,,,484.71,,,
Random Search,20260607,23,2,6,rs_r23_002_tl20_dt139_ge3_qr10_tau85,20,139,3,0.1,0.85,437.92,430.29,437.23,261.81,0.00,PASS,,recovery_detected,True,False,0,1370,1,112,,,,,,,,,,,,,,,,,,,,,437.23,,,
Random Search,20260607,23,3,6,rs_r23_003_tl81_dt30_ge47_qr86_tau73,81,30,47,0.86,0.73,0.00,503.65,1000045.79,261.81,1000000.00,FAIL,emergency_stuck,emergency_stuck,False,False,0,2627,1,14,,,,,,,,,,,,,,,,,,,,,45.79,,,
Random Search,20260607,23,4,6,rs_r23_004_tl53_dt186_ge19_qr18_tau82,53,186,19,0.18,0.82,509.92,302.15,491.03,261.81,0.00,PASS,,recovery_timeout,True,False,0,561,1,70,,,,,,,,,,,,,,,,,,,,,491.03,,,
Random Search,20260607,23,5,6,rs_r23_005_tl29_dt207_ge30_qr54_tau82,29,207,30,0.54,0.82,474.92,304.44,459.42,261.81,0.00,PASS,,recovery_timeout,True,False,0,587,1,51,,,,,,,,,,,,,,,,,,,,,459.42,,,
Random Search,20260607,23,6,6,rs_r23_006_tl75_dt199_ge19_qr35_tau78,75,199,19,0.35,0.78,595.92,293.98,568.47,261.81,0.00,PASS,,recovery_timeout,True,False,0,750,1,76,,,,,,,,,,,,,,,,,,,,,568.47,,,
Random Search,20260607,24,1,6,rs_r24_001_tl9_dt211_ge19_qr3_tau80,9,211,19,0.03,0.8,0.00,502.63,1000045.69,261.81,1000000.00,FAIL,emergency_stuck,emergency_stuck,False,False,0,493,1,35,,,,,,,,,,,,,,,,,,,,,45.69,,,
Random Search,20260607,24,2,6,rs_r24_002_tl81_dt53_ge0_qr95_tau79,81,53,0,0.95,0.79,0.00,498.00,1000045.27,261.81,1000000.00,FAIL,emergency_stuck,emergency_stuck,False,False,0,1286,0,68,,,,,,,,,,,,,,,,,,,,,45.27,,,
Random Search,20260607,24,3,6,rs_r24_003_tl14_dt91_ge12_qr27_tau75,14,91,12,0.27,0.75,517.92,305.13,498.57,261.81,0.00,PASS,,recovery_timeout,True,False,0,1057,1,86,,,,,,,,,,,,,,,,,,,,,498.57,,,
Random Search,20260607,24,4,6,rs_r24_004_tl32_dt223_ge3_qr90_tau70,32,223,3,0.9,0.7,414.92,432.02,416.47,261.81,0.00,PASS,,recovery_detected,True,False,0,1275,1,111,,,,,,,,,,,,,,,,,,,,,416.47,,,
Random Search,20260607,24,5,6,rs_r24_005_tl28_dt224_ge11_qr77_tau88,28,224,11,0.77,0.88,392.92,435.59,396.80,261.81,0.00,PASS,,recovery_detected,True,False,0,703,1,76,,,,,,,,,,,,,,,,,,,,,396.80,,,
Random Search,20260607,24,6,6,rs_r24_006_tl33_dt208_ge24_qr14_tau87,33,208,24,0.14,0.87,628.92,298.44,598.88,261.81,0.00,PASS,,recovery_timeout,True,False,0,578,1,69,,,,,,,,,,,,,,,,,,,,,598.88,,,
Random Search,20260607,25,1,6,rs_r25_001_tl71_dt70_ge45_qr12_tau74,71,70,45,0.12,0.74,426.92,435.20,427.67,261.81,0.00,PASS,,recovery_detected,True,False,0,777,1,37,,,,,,,,,,,,,,,,,,,,,427.67,,,
Random Search,20260607,25,2,6,rs_r25_002_tl104_dt125_ge2_qr57_tau87,104,125,2,0.57,0.87,387.92,439.89,392.64,261.81,0.00,PASS,,recovery_detected,True,False,0,1139,1,110,,,,,,,,,,,,,,,,,,,,,392.64,,,
Random Search,20260607,25,3,6,rs_r25_003_tl108_dt131_ge17_qr80_tau73,108,131,17,0.8,0.73,492.92,308.46,476.15,261.81,0.00,PASS,,recovery_timeout,True,False,0,619,1,70,,,,,,,,,,,,,,,,,,,,,476.15,,,
Random Search,20260607,25,4,6,rs_r25_004_tl109_dt88_ge30_qr88_tau76,109,88,30,0.88,0.76,373.92,439.70,379.90,261.81,0.00,PASS,,recovery_detected,True,False,0,383,1,43,,,,,,,,,,,,,,,,,,,,,379.90,,,
Random Search,20260607,25,5,6,rs_r25_005_tl81_dt217_ge33_qr7_tau71,81,217,33,0.07,0.71,539.92,305.26,518.59,261.81,0.00,PASS,,recovery_timeout,True,False,0,641,1,49,,,,,,,,,,,,,,,,,,,,,518.59,,,
Random Search,20260607,25,6,6,rs_r25_006_tl34_dt105_ge15_qr84_tau87,34,105,15,0.84,0.87,444.92,430.53,443.61,261.81,0.00,PASS,,recovery_detected,True,False,0,723,1,70,,,,,,,,,,,,,,,,,,,,,443.61,,,
Random Search,20260607,26,1,6,rs_r26_001_tl24_dt212_ge49_qr91_tau70,24,212,49,0.91,0.7,697.92,293.87,661.19,261.81,0.00,PASS,,recovery_timeout,True,False,0,615,0,47,,,,,,,,,,,,,,,,,,,,,661.19,,,
Random Search,20260607,26,2,6,rs_r26_002_tl59_dt172_ge2_qr94_tau85,59,172,2,0.94,0.85,368.92,441.86,375.55,261.81,0.00,PASS,,recovery_detected,True,False,0,1092,0,103,,,,,,,,,,,,,,,,,,,,,375.55,,,
Random Search,20260607,26,3,6,rs_r26_003_tl59_dt70_ge31_qr58_tau89,59,70,31,0.58,0.89,0.00,460.28,1000041.84,261.81,1000000.00,FAIL,emergency_stuck,emergency_stuck,False,False,0,446,1,38,,,,,,,,,,,,,,,,,,,,,41.84,,,
Random Search,20260607,26,4,6,rs_r26_004_tl11_dt208_ge9_qr99_tau74,11,208,9,0.99,0.74,442.92,433.62,442.07,261.81,0.00,PASS,,recovery_detected,True,False,0,1162,0,81,,,,,,,,,,,,,,,,,,,,,442.07,,,
Random Search,20260607,26,5,6,rs_r26_005_tl3_dt172_ge44_qr42_tau75,3,172,44,0.42,0.75,0.00,493.14,1000044.83,261.81,1000000.00,FAIL,emergency_stuck,emergency_stuck,False,False,0,545,1,23,,,,,,,,,,,,,,,,,,,,,44.83,,,
Random Search,20260607,26,6,6,rs_r26_006_tl104_dt40_ge9_qr57_tau81,104,40,9,0.57,0.81,0.00,500.49,1000045.50,261.81,1000000.00,FAIL,emergency_stuck,emergency_stuck,False,False,0,2136,1,37,,,,,,,,,,,,,,,,,,,,,45.50,,,
Random Search,20260607,27,1,6,rs_r27_001_tl93_dt47_ge41_qr15_tau81,93,47,41,0.15,0.81,0.00,501.47,1000045.59,261.81,1000000.00,FAIL,emergency_stuck,emergency_stuck,False,False,0,1615,1,19,,,,,,,,,,,,,,,,,,,,,45.59,,,
Random Search,20260607,27,2,6,rs_r27_002_tl83_dt106_ge34_qr55_tau70,83,106,34,0.55,0.7,541.92,299.37,519.87,261.81,0.00,PASS,,recovery_timeout,True,False,0,370,1,51,,,,,,,,,,,,,,,,,,,,,519.87,,,
Random Search,20260607,27,3,6,rs_r27_003_tl7_dt128_ge1_qr61_tau71,7,128,1,0.61,0.71,454.92,429.38,452.60,261.81,0.00,PASS,,recovery_detected,True,False,0,1465,1,124,,,,,,,,,,,,,,,,,,,,,452.60,,,
Random Search,20260607,27,4,6,rs_r27_004_tl104_dt74_ge15_qr3_tau90,104,74,15,0.03,0.9,0.00,493.42,1000044.86,261.81,1000000.00,FAIL,emergency_stuck,emergency_stuck,False,False,0,573,1,42,,,,,,,,,,,,,,,,,,,,,44.86,,,
Random Search,20260607,27,5,6,rs_r27_005_tl17_dt17_ge41_qr95_tau86,17,17,41,0.95,0.86,224.92,469.84,247.18,247.18,0.00,PASS,,recovery_detected,True,False,0,3234,0,17,,,,,,,,,,,,,,,,,,,,,247.18,,,
Random Search,20260607,27,6,6,rs_r27_006_tl35_dt25_ge35_qr41_tau81,35,25,35,0.41,0.81,0.00,500.21,1000045.47,247.18,1000000.00,FAIL,emergency_stuck,emergency_stuck,False,False,0,2823,1,16,,,,,,,,,,,,,,,,,,,,,45.47,,,
Random Search,20260607,28,1,6,rs_r28_001_tl63_dt195_ge14_qr81_tau88,63,195,14,0.81,0.88,336.92,446.87,346.92,247.18,0.00,PASS,,recovery_detected,True,False,0,526,1,60,,,,,,,,,,,,,,,,,,,,,346.92,,,
Random Search,20260607,28,2,6,rs_r28_002_tl95_dt34_ge3_qr39_tau85,95,34,3,0.39,0.85,0.00,497.47,1000045.22,247.18,1000000.00,FAIL,emergency_stuck,emergency_stuck,False,False,0,2561,1,46,,,,,,,,,,,,,,,,,,,,,45.22,,,
Random Search,20260607,28,3,6,rs_r28_003_tl87_dt43_ge37_qr35_tau80,87,43,37,0.35,0.8,0.00,495.94,1000045.09,247.18,1000000.00,FAIL,emergency_stuck,emergency_stuck,False,False,0,1603,1,23,,,,,,,,,,,,,,,,,,,,,45.09,,,
Random Search,20260607,28,4,6,rs_r28_004_tl93_dt151_ge48_qr19_tau73,93,151,48,0.19,0.73,360.92,439.52,368.06,247.18,0.00,PASS,,recovery_detected,True,False,0,250,1,31,,,,,,,,,,,,,,,,,,,,,368.06,,,
Random Search,20260607,28,5,6,rs_r28_005_tl61_dt125_ge40_qr50_tau85,61,125,40,0.5,0.85,475.92,424.50,471.25,247.18,0.00,PASS,,recovery_detected,True,False,0,324,1,42,,,,,,,,,,,,,,,,,,,,,471.25,,,
Random Search,20260607,28,6,6,rs_r28_006_tl33_dt201_ge46_qr85_tau84,33,201,46,0.85,0.84,655.92,297.89,623.37,247.18,0.00,PASS,,recovery_timeout,True,False,0,509,1,48,,,,,,,,,,,,,,,,,,,,,623.37,,,
Random Search,20260607,29,1,6,rs_r29_001_tl67_dt198_ge39_qr4_tau90,67,198,39,0.04,0.9,507.92,297.55,488.80,247.18,0.00,PASS,,recovery_timeout,True,False,0,444,1,46,,,,,,,,,,,,,,,,,,,,,488.80,,,
Random Search,20260607,29,2,6,rs_r29_002_tl70_dt110_ge27_qr94_tau76,70,110,27,0.94,0.76,441.92,428.66,440.71,247.18,0.00,PASS,,recovery_detected,True,False,0,385,0,50,,,,,,,,,,,,,,,,,,,,,440.71,,,
Random Search,20260607,29,3,6,rs_r29_003_tl95_dt192_ge48_qr10_tau76,95,192,48,0.1,0.76,320.92,446.11,332.30,247.18,0.00,PASS,,recovery_detected,True,False,0,246,1,31,,,,,,,,,,,,,,,,,,,,,332.30,,,
Random Search,20260607,29,4,6,rs_r29_004_tl91_dt95_ge7_qr23_tau82,91,95,7,0.23,0.82,356.92,437.25,364.22,247.18,0.00,PASS,,recovery_detected,True,False,0,774,1,78,,,,,,,,,,,,,,,,,,,,,364.22,,,
Random Search,20260607,29,5,6,rs_r29_005_tl14_dt19_ge28_qr46_tau83,14,19,28,0.46,0.83,0.00,496.85,1000045.17,247.18,1000000.00,FAIL,emergency_stuck,emergency_stuck,False,False,0,3614,1,19,,,,,,,,,,,,,,,,,,,,,45.17,,,
Random Search,20260607,29,6,6,rs_r29_006_tl59_dt106_ge44_qr67_tau74,59,106,44,0.67,0.74,374.92,440.87,380.92,247.18,0.00,PASS,,recovery_detected,True,False,0,407,1,36,,,,,,,,,,,,,,,,,,,,,380.92,,,
Random Search,20260607,30,1,6,rs_r30_001_tl62_dt19_ge10_qr63_tau73,62,19,10,0.63,0.73,0.00,498.01,1000045.27,247.18,1000000.00,FAIL,emergency_stuck,emergency_stuck,False,False,0,3455,1,27,,,,,,,,,,,,,,,,,,,,,45.27,,,
Random Search,20260607,30,2,6,rs_r30_002_tl98_dt60_ge35_qr76_tau73,98,60,35,0.76,0.73,0.00,504.00,1000045.82,247.18,1000000.00,FAIL,emergency_stuck,emergency_stuck,False,False,0,531,1,25,,,,,,,,,,,,,,,,,,,,,45.82,,,
Random Search,20260607,30,3,6,rs_r30_003_tl3_dt209_ge37_qr47_tau83,3,209,37,0.47,0.83,464.92,424.70,461.26,247.18,0.00,PASS,,recovery_detected,True,False,0,861,1,42,,,,,,,,,,,,,,,,,,,,,461.26,,,
Random Search,20260607,30,4,6,rs_r30_004_tl46_dt40_ge15_qr62_tau85,46,40,15,0.62,0.85,0.00,495.45,1000045.04,247.18,1000000.00,FAIL,emergency_stuck,emergency_stuck,False,False,0,1574,1,37,,,,,,,,,,,,,,,,,,,,,45.04,,,
Random Search,20260607,30,5,6,rs_r30_005_tl8_dt87_ge8_qr48_tau75,8,87,8,0.48,0.75,401.92,429.16,404.40,247.18,0.00,PASS,,recovery_detected,True,False,0,1223,1,81,,,,,,,,,,,,,,,,,,,,,404.40,,,
Random Search,20260607,30,6,6,rs_r30_006_tl29_dt171_ge34_qr89_tau83,29,171,34,0.89,0.83,498.92,306.33,481.41,247.18,0.00,PASS,,recovery_timeout,True,False,0,427,1,52,,,,,,,,,,,,,,,,,,,,,481.41,,,
Random Search,20260607,31,1,6,rs_r31_001_tl105_dt156_ge25_qr71_tau72,105,156,25,0.71,0.72,406.92,435.74,409.54,247.18,0.00,PASS,,recovery_detected,True,False,0,289,1,49,,,,,,,,,,,,,,,,,,,,,409.54,,,
Random Search,20260607,31,2,6,rs_r31_002_tl13_dt73_ge39_qr64_tau76,13,73,39,0.64,0.76,396.92,434.05,400.30,247.18,0.00,PASS,,recovery_detected,True,False,0,656,1,38,,,,,,,,,,,,,,,,,,,,,400.30,,,
Random Search,20260607,31,3,6,rs_r31_003_tl66_dt166_ge28_qr94_tau71,66,166,28,0.94,0.71,441.92,429.03,440.75,247.18,0.00,PASS,,recovery_detected,True,False,0,382,0,52,,,,,,,,,,,,,,,,,,,,,440.75,,,
Random Search,20260607,31,4,6,rs_r31_004_tl46_dt87_ge37_qr74_tau72,46,87,37,0.74,0.72,669.92,295.28,635.86,247.18,0.00,PASS,,recovery_timeout,True,False,0,453,1,54,,,,,,,,,,,,,,,,,,,,,635.86,,,
Random Search,20260607,31,5,6,rs_r31_005_tl106_dt221_ge28_qr13_tau77,106,221,28,0.13,0.77,417.92,433.42,419.33,247.18,0.00,PASS,,recovery_detected,True,False,0,402,1,48,,,,,,,,,,,,,,,,,,,,,419.33,,,
Random Search,20260607,31,6,6,rs_r31_006_tl34_dt51_ge32_qr79_tau87,34,51,32,0.79,0.87,398.92,430.71,401.81,247.18,0.00,PASS,,recovery_detected,True,False,0,1286,1,40,,,,,,,,,,,,,,,,,,,,,401.81,,,
Random Search,20260607,32,1,6,rs_r32_001_tl53_dt205_ge43_qr29_tau80,53,205,43,0.29,0.8,0.00,458.95,1000041.72,247.18,1000000.00,FAIL,emergency_stuck,emergency_stuck,False,False,0,189,1,32,,,,,,,,,,,,,,,,,,,,,41.72,,,
Random Search,20260607,32,2,6,rs_r32_002_tl20_dt171_ge40_qr11_tau73,20,171,40,0.11,0.73,432.92,428.55,432.52,247.18,0.00,PASS,,recovery_detected,True,False,0,419,1,40,,,,,,,,,,,,,,,,,,,,,432.52,,,
Random Search,20260607,32,3,6,rs_r32_003_tl89_dt137_ge28_qr99_tau71,89,137,28,0.99,0.71,441.92,429.03,440.75,247.18,0.00,PASS,,recovery_detected,True,False,0,381,0,52,,,,,,,,,,,,,,,,,,,,,440.75,,,
Random Search,20260607,32,4,6,rs_r32_004_tl80_dt121_ge34_qr28_tau86,80,121,34,0.28,0.86,407.92,427.09,409.66,247.18,0.00,PASS,,recovery_detected,True,False,0,304,1,41,,,,,,,,,,,,,,,,,,,,,409.66,,,
Random Search,20260607,32,5,6,rs_r32_005_tl68_dt50_ge26_qr96_tau73,68,50,26,0.96,0.73,0.00,490.70,1000044.61,247.18,1000000.00,FAIL,emergency_stuck,emergency_stuck,False,False,0,1008,0,31,,,,,,,,,,,,,,,,,,,,,44.61,,,
Random Search,20260607,32,6,6,rs_r32_006_tl35_dt20_ge48_qr87_tau85,35,20,48,0.87,0.85,0.00,495.54,1000045.05,247.18,1000000.00,FAIL,emergency_stuck,emergency_stuck,False,False,0,3245,1,15,,,,,,,,,,,,,,,,,,,,,45.05,,,
Random Search,20260607,33,1,6,rs_r33_001_tl91_dt45_ge20_qr71_tau72,91,45,20,0.71,0.72,0.00,495.55,1000045.05,247.18,1000000.00,FAIL,emergency_stuck,emergency_stuck,False,False,0,1314,1,32,,,,,,,,,,,,,,,,,,,,,45.05,,,
Random Search,20260607,33,2,6,rs_r33_002_tl35_dt154_ge29_qr32_tau90,35,154,29,0.32,0.9,344.92,440.31,353.59,247.18,0.00,PASS,,recovery_detected,True,False,0,372,1,43,,,,,,,,,,,,,,,,,,,,,353.59,,,
Random Search,20260607,33,3,6,rs_r33_003_tl43_dt61_ge36_qr47_tau87,43,61,36,0.47,0.87,0.00,503.06,1000045.73,247.18,1000000.00,FAIL,emergency_stuck,emergency_stuck,False,False,0,615,1,24,,,,,,,,,,,,,,,,,,,,,45.73,,,
Random Search,20260607,33,4,6,rs_r33_004_tl36_dt62_ge8_qr41_tau81,36,62,8,0.41,0.81,0.00,504.35,1000045.85,247.18,1000000.00,FAIL,emergency_stuck,emergency_stuck,False,False,0,912,1,47,,,,,,,,,,,,,,,,,,,,,45.85,,,
Random Search,20260607,33,5,6,rs_r33_005_tl45_dt196_ge14_qr27_tau78,45,196,14,0.27,0.78,487.92,312.85,472.00,247.18,0.00,PASS,,recovery_timeout,True,False,0,781,1,74,,,,,,,,,,,,,,,,,,,,,472.00,,,
Random Search,20260607,33,6,6,rs_r33_006_tl97_dt54_ge15_qr88_tau77,97,54,15,0.88,0.77,0.00,505.14,1000045.92,247.18,1000000.00,FAIL,emergency_stuck,emergency_stuck,False,False,0,952,1,36,,,,,,,,,,,,,,,,,,,,,45.92,,,
Random Search,20260607,34,1,6,rs_r34_001_tl89_dt111_ge36_qr5_tau74,89,111,36,0.05,0.74,584.92,295.39,558.60,247.18,0.00,PASS,,recovery_timeout,True,False,0,459,1,51,,,,,,,,,,,,,,,,,,,,,558.60,,,
Random Search,20260607,34,2,6,rs_r34_002_tl56_dt42_ge45_qr98_tau90,56,42,45,0.98,0.9,0.00,495.52,1000045.05,247.18,1000000.00,FAIL,emergency_stuck,emergency_stuck,False,False,0,1447,0,19,,,,,,,,,,,,,,,,,,,,,45.05,,,
Random Search,20260607,34,3,6,rs_r34_003_tl111_dt52_ge38_qr69_tau76,111,52,38,0.69,0.76,0.00,497.40,1000045.22,247.18,1000000.00,FAIL,emergency_stuck,emergency_stuck,False,False,0,1077,1,23,,,,,,,,,,,,,,,,,,,,,45.22,,,
Random Search,20260607,34,4,6,rs_r34_004_tl48_dt75_ge49_qr1_tau90,48,75,49,0.01,0.9,634.92,300.41,604.51,247.18,0.00,PASS,,recovery_timeout,True,False,0,610,1,47,,,,,,,,,,,,,,,,,,,,,604.51,,,
Random Search,20260607,34,5,6,rs_r34_005_tl105_dt150_ge21_qr58_tau70,105,150,21,0.58,0.7,672.92,286.11,637.76,247.18,0.00,PASS,,recovery_timeout,True,False,0,678,1,76,,,,,,,,,,,,,,,,,,,,,637.76,,,
Random Search,20260607,34,6,6,rs_r34_006_tl86_dt86_ge28_qr48_tau86,86,86,28,0.48,0.86,500.92,309.91,483.56,247.18,0.00,PASS,,recovery_timeout,True,False,0,525,1,55,,,,,,,,,,,,,,,,,,,,,483.56,,,
Random Search,20260607,35,1,6,rs_r35_001_tl58_dt23_ge14_qr65_tau82,58,23,14,0.65,0.82,0.00,499.75,1000045.43,247.18,1000000.00,FAIL,emergency_stuck,emergency_stuck,False,False,0,2897,1,26,,,,,,,,,,,,,,,,,,,,,45.43,,,
Random Search,20260607,35,2,6,rs_r35_002_tl23_dt104_ge36_qr10_tau89,23,104,36,0.1,0.89,0.00,491.61,1000044.69,247.18,1000000.00,FAIL,emergency_stuck,emergency_stuck,False,False,0,501,1,27,,,,,,,,,,,,,,,,,,,,,44.69,,,
Random Search,20260607,35,3,6,rs_r35_003_tl62_dt176_ge34_qr47_tau74,62,176,34,0.47,0.74,419.92,428.10,420.66,247.18,0.00,PASS,,recovery_detected,True,False,0,307,1,43,,,,,,,,,,,,,,,,,,,,,420.66,,,
Random Search,20260607,35,4,6,rs_r35_004_tl55_dt62_ge50_qr35_tau77,55,62,50,0.35,0.77,0.00,502.10,1000045.65,247.18,1000000.00,FAIL,emergency_stuck,emergency_stuck,False,False,0,496,1,20,,,,,,,,,,,,,,,,,,,,,45.65,,,
Random Search,20260607,35,5,6,rs_r35_005_tl90_dt45_ge16_qr76_tau89,90,45,16,0.76,0.89,0.00,497.34,1000045.21,247.18,1000000.00,FAIL,emergency_stuck,emergency_stuck,False,False,0,1451,1,36,,,,,,,,,,,,,,,,,,,,,45.21,,,
Random Search,20260607,35,6,6,rs_r35_006_tl96_dt82_ge23_qr41_tau71,96,82,23,0.41,0.71,558.92,308.53,536.16,247.18,0.00,PASS,,recovery_timeout,True,False,0,689,1,65,,,,,,,,,,,,,,,,,,,,,536.16,,,
Random Search,20260607,36,1,6,rs_r36_001_tl10_dt188_ge49_qr36_tau90,10,188,49,0.36,0.9,0.00,495.96,1000045.09,247.18,1000000.00,FAIL,emergency_stuck,emergency_stuck,False,False,0,213,1,22,,,,,,,,,,,,,,,,,,,,,45.09,,,
Random Search,20260607,36,2,6,rs_r36_002_tl107_dt164_ge28_qr23_tau75,107,164,28,0.23,0.75,417.92,433.42,419.33,247.18,0.00,PASS,,recovery_detected,True,False,0,400,1,48,,,,,,,,,,,,,,,,,,,,,419.33,,,
Random Search,20260607,36,3,6,rs_r36_003_tl54_dt201_ge37_qr30_tau72,54,201,37,0.3,0.72,433.92,428.98,433.47,247.18,0.00,PASS,,recovery_detected,True,False,0,286,1,44,,,,,,,,,,,,,,,,,,,,,433.47,,,
Random Search,20260607,36,4,6,rs_r36_004_tl0_dt189_ge1_qr46_tau86,0,189,1,0.46,0.86,406.92,436.53,409.61,247.18,0.00,PASS,,recovery_detected,True,False,0,2027,1,115,,,,,,,,,,,,,,,,,,,,,409.61,,,
Random Search,20260607,36,5,6,rs_r36_005_tl84_dt123_ge50_qr2_tau86,84,123,50,0.02,0.86,0.00,467.06,1000042.46,247.18,1000000.00,FAIL,emergency_stuck,emergency_stuck,False,False,0,176,1,25,,,,,,,,,,,,,,,,,,,,,42.46,,,
Random Search,20260607,36,6,6,rs_r36_006_tl27_dt166_ge4_qr57_tau75,27,166,4,0.57,0.75,271.92,454.43,288.51,247.18,0.00,PASS,,recovery_detected,True,False,0,791,1,77,,,,,,,,,,,,,,,,,,,,,288.51,,,
Random Search,20260607,37,1,6,rs_r37_001_tl89_dt71_ge7_qr71_tau79,89,71,7,0.71,0.79,368.92,431.53,374.61,247.18,0.00,PASS,,recovery_detected,True,False,0,1273,1,77,,,,,,,,,,,,,,,,,,,,,374.61,,,
Random Search,20260607,37,2,6,rs_r37_002_tl104_dt176_ge39_qr100_tau71,104,176,39,1.0,0.71,502.92,316.15,485.94,247.18,0.00,PASS,,recovery_timeout,True,False,0,380,0,46,,,,,,,,,,,,,,,,,,,,,485.94,,,
Random Search,20260607,37,3,6,rs_r37_003_tl0_dt71_ge43_qr52_tau73,0,71,43,0.52,0.73,0.00,499.64,1000045.42,247.18,1000000.00,FAIL,emergency_stuck,emergency_stuck,False,False,0,913,1,20,,,,,,,,,,,,,,,,,,,,,45.42,,,
Random Search,20260607,37,4,6,rs_r37_004_tl52_dt127_ge11_qr97_tau87,52,127,11,0.97,0.87,500.92,309.77,483.54,247.18,0.00,PASS,,recovery_timeout,True,False,0,692,0,86,,,,,,,,,,,,,,,,,,,,,483.54,,,
Random Search,20260607,37,5,6,rs_r37_005_tl58_dt125_ge47_qr45_tau72,58,125,47,0.45,0.72,276.92,458.96,293.47,247.18,0.00,PASS,,recovery_detected,True,False,0,316,1,28,,,,,,,,,,,,,,,,,,,,,293.47,,,
Random Search,20260607,37,6,6,rs_r37_006_tl24_dt48_ge10_qr95_tau70,24,48,10,0.95,0.7,0.00,486.71,1000044.25,247.18,1000000.00,FAIL,emergency_stuck,emergency_stuck,False,False,0,1604,0,47,,,,,,,,,,,,,,,,,,,,,44.25,,,
Random Search,20260607,38,1,6,rs_r38_001_tl20_dt134_ge46_qr78_tau80,20,134,46,0.78,0.8,497.92,304.31,480.32,247.18,0.00,PASS,,recovery_timeout,True,False,0,368,1,40,,,,,,,,,,,,,,,,,,,,,480.32,,,
Random Search,20260607,38,2,6,rs_r38_002_tl22_dt105_ge42_qr19_tau71,22,105,42,0.19,0.71,602.92,303.41,575.69,247.18,0.00,PASS,,recovery_timeout,True,False,0,620,1,46,,,,,,,,,,,,,,,,,,,,,575.69,,,
Random Search,20260607,38,3,6,rs_r38_003_tl3_dt199_ge30_qr47_tau90,3,199,30,0.47,0.9,574.92,301.86,550.10,247.18,0.00,PASS,,recovery_timeout,True,False,0,1236,1,57,,,,,,,,,,,,,,,,,,,,,550.10,,,
Random Search,20260607,38,4,6,rs_r38_004_tl78_dt171_ge45_qr64_tau73,78,171,45,0.64,0.73,0.00,486.66,1000044.24,247.18,1000000.00,FAIL,emergency_stuck,emergency_stuck,False,False,0,201,1,26,,,,,,,,,,,,,,,,,,,,,44.24,,,
Random Search,20260607,38,5,6,rs_r38_005_tl52_dt83_ge34_qr62_tau85,52,83,34,0.62,0.85,515.92,306.47,496.88,247.18,0.00,PASS,,recovery_timeout,True,False,0,456,1,48,,,,,,,,,,,,,,,,,,,,,496.88,,,
Random Search,20260607,38,6,6,rs_r38_006_tl74_dt113_ge26_qr44_tau80,74,113,26,0.44,0.8,483.92,310.18,468.13,247.18,0.00,PASS,,recovery_timeout,True,False,0,488,1,55,,,,,,,,,,,,,,,,,,,,,468.13,,,
Random Search,20260607,39,1,6,rs_r39_001_tl64_dt207_ge15_qr82_tau75,64,207,15,0.82,0.75,283.92,455.78,299.54,247.18,0.00,PASS,,recovery_detected,True,False,0,358,1,52,,,,,,,,,,,,,,,,,,,,,299.54,,,
Random Search,20260607,39,2,6,rs_r39_002_tl96_dt54_ge35_qr38_tau87,96,54,35,0.38,0.87,0.00,500.30,1000045.48,247.18,1000000.00,FAIL,emergency_stuck,emergency_stuck,False,False,0,1025,1,25,,,,,,,,,,,,,,,,,,,,,45.48,,,
Random Search,20260607,39,3,6,rs_r39_003_tl68_dt58_ge13_qr72_tau83,68,58,13,0.72,0.83,0.00,505.08,1000045.92,247.18,1000000.00,FAIL,emergency_stuck,emergency_stuck,False,False,0,734,1,39,,,,,,,,,,,,,,,,,,,,,45.92,,,
Random Search,20260607,39,4,6,rs_r39_004_tl108_dt5_ge49_qr40_tau85,108,5,49,0.4,0.85,0.00,489.60,1000044.51,247.18,1000000.00,FAIL,emergency_stuck,emergency_stuck,False,False,0,4632,1,8,,,,,,,,,,,,,,,,,,,,,44.51,,,
Random Search,20260607,39,5,6,rs_r39_005_tl48_dt211_ge24_qr31_tau74,48,211,24,0.31,0.74,0.00,488.08,1000044.37,247.18,1000000.00,FAIL,emergency_stuck,emergency_stuck,False,False,0,315,1,37,,,,,,,,,,,,,,,,,,,,,44.37,,,
Random Search,20260607,39,6,6,rs_r39_006_tl15_dt182_ge39_qr10_tau76,15,182,39,0.1,0.76,0.00,464.26,1000042.21,247.18,1000000.00,FAIL,emergency_stuck,emergency_stuck,False,False,0,377,1,32,,,,,,,,,,,,,,,,,,,,,42.21,,,
Random Search,20260607,40,1,6,rs_r40_001_tl24_dt43_ge32_qr48_tau90,24,43,32,0.48,0.9,0.00,492.28,1000044.75,247.18,1000000.00,FAIL,emergency_stuck,emergency_stuck,False,False,0,1518,1,27,,,,,,,,,,,,,,,,,,,,,44.75,,,
Random Search,20260607,40,2,6,rs_r40_002_tl35_dt37_ge1_qr52_tau74,35,37,1,0.52,0.74,0.00,504.08,1000045.83,247.18,1000000.00,FAIL,emergency_stuck,emergency_stuck,False,False,0,2226,1,47,,,,,,,,,,,,,,,,,,,,,45.83,,,
Random Search,20260607,40,3,6,rs_r40_003_tl104_dt45_ge13_qr60_tau70,104,45,13,0.6,0.7,0.00,499.39,1000045.40,247.18,1000000.00,FAIL,emergency_stuck,emergency_stuck,False,False,0,1404,1,38,,,,,,,,,,,,,,,,,,,,,45.40,,,
Random Search,20260607,40,4,6,rs_r40_004_tl47_dt70_ge34_qr94_tau87,47,70,34,0.94,0.87,469.92,425.92,465.92,247.18,0.00,PASS,,recovery_detected,True,False,0,683,0,45,,,,,,,,,,,,,,,,,,,,,465.92,,,
Random Search,20260607,40,5,6,rs_r40_005_tl28_dt196_ge30_qr20_tau72,28,196,30,0.2,0.72,381.92,437.89,387.01,247.18,0.00,PASS,,recovery_detected,True,False,0,561,1,44,,,,,,,,,,,,,,,,,,,,,387.01,,,
Random Search,20260607,40,6,6,rs_r40_006_tl71_dt196_ge40_qr46_tau76,71,196,40,0.46,0.76,475.92,424.50,471.25,247.18,0.00,PASS,,recovery_detected,True,False,0,325,1,42,,,,,,,,,,,,,,,,,,,,,471.25,,,
Random Search,20260607,41,1,6,rs_r41_001_tl31_dt54_ge10_qr46_tau77,31,54,10,0.46,0.77,0.00,498.32,1000045.30,247.18,1000000.00,FAIL,emergency_stuck,emergency_stuck,False,False,0,1268,1,43,,,,,,,,,,,,,,,,,,,,,45.30,,,
Random Search,20260607,41,2,6,rs_r41_002_tl109_dt206_ge0_qr99_tau70,109,206,0,0.99,0.7,327.92,439.41,338.06,247.18,0.00,PASS,,recovery_detected,True,False,0,899,0,114,,,,,,,,,,,,,,,,,,,,,338.06,,,
Random Search,20260607,41,3,6,rs_r41_003_tl5_dt118_ge48_qr45_tau86,5,118,48,0.45,0.86,347.92,435.96,355.92,247.18,0.00,PASS,,recovery_detected,True,False,0,582,1,33,,,,,,,,,,,,,,,,,,,,,355.92,,,
Random Search,20260607,41,4,6,rs_r41_004_tl97_dt43_ge18_qr5_tau72,97,43,18,0.05,0.72,0.00,495.91,1000045.08,247.18,1000000.00,FAIL,emergency_stuck,emergency_stuck,False,False,0,1636,1,36,,,,,,,,,,,,,,,,,,,,,45.08,,,
Random Search,20260607,41,5,6,rs_r41_005_tl74_dt141_ge7_qr58_tau83,74,141,7,0.58,0.83,459.92,312.87,446.55,247.18,0.00,PASS,,recovery_timeout,True,False,0,877,1,94,,,,,,,,,,,,,,,,,,,,,446.55,,,
Random Search,20260607,41,6,6,rs_r41_006_tl28_dt49_ge38_qr44_tau72,28,49,38,0.44,0.72,0.00,490.15,1000044.56,247.18,1000000.00,FAIL,emergency_stuck,emergency_stuck,False,False,0,1275,1,26,,,,,,,,,,,,,,,,,,,,,44.56,,,
Random Search,20260607,42,1,6,rs_r42_001_tl65_dt6_ge15_qr97_tau81,65,6,15,0.97,0.81,315.92,443.96,327.56,247.18,0.00,PASS,,recovery_detected,True,False,0,4894,0,15,,,,,,,,,,,,,,,,,,,,,327.56,,,
Random Search,20260607,42,2,6,rs_r42_002_tl60_dt16_ge50_qr65_tau80,60,16,50,0.65,0.8,0.00,498.65,1000045.33,247.18,1000000.00,FAIL,emergency_stuck,emergency_stuck,False,False,0,3531,1,12,,,,,,,,,,,,,,,,,,,,,45.33,,,
Random Search,20260607,42,3,6,rs_r42_003_tl17_dt48_ge39_qr33_tau83,17,48,39,0.33,0.83,0.00,496.23,1000045.11,247.18,1000000.00,FAIL,emergency_stuck,emergency_stuck,False,False,0,1500,1,21,,,,,,,,,,,,,,,,,,,,,45.11,,,
Random Search,20260607,42,4,6,rs_r42_004_tl47_dt102_ge47_qr55_tau89,47,102,47,0.55,0.89,0.00,497.55,1000045.23,247.18,1000000.00,FAIL,emergency_stuck,emergency_stuck,False,False,0,204,1,23,,,,,,,,,,,,,,,,,,,,,45.23,,,
Random Search,20260607,42,5,6,rs_r42_005_tl57_dt159_ge1_qr82_tau87,57,159,1,0.82,0.87,418.92,428.31,419.77,247.18,0.00,PASS,,recovery_detected,True,False,0,1192,1,117,,,,,,,,,,,,,,,,,,,,,419.77,,,
Random Search,20260607,42,6,6,rs_r42_006_tl17_dt187_ge31_qr83_tau82,17,187,31,0.83,0.82,469.92,311.64,455.53,247.18,0.00,PASS,,recovery_timeout,True,False,0,656,1,50,,,,,,,,,,,,,,,,,,,,,455.53,,,
Random Search,20260607,43,1,6,rs_r43_001_tl111_dt8_ge8_qr38_tau87,111,8,8,0.38,0.87,315.92,445.65,327.71,247.18,0.00,PASS,,recovery_detected,True,False,0,4783,1,20,,,,,,,,,,,,,,,,,,,,,327.71,,,
Random Search,20260607,43,2,6,rs_r43_002_tl83_dt104_ge19_qr73_tau88,83,104,19,0.73,0.88,425.92,339.33,418.05,247.18,0.00,PASS,,recovery_timeout,True,False,0,629,1,60,,,,,,,,,,,,,,,,,,,,,418.05,,,
Random Search,20260607,43,3,6,rs_r43_003_tl20_dt184_ge31_qr86_tau73,20,184,31,0.86,0.73,0.00,490.55,1000044.60,247.18,1000000.00,FAIL,emergency_stuck,emergency_stuck,False,False,0,471,1,31,,,,,,,,,,,,,,,,,,,,,44.60,,,
Random Search,20260607,43,4,6,rs_r43_004_tl29_dt138_ge26_qr51_tau77,29,138,26,0.51,0.77,0.00,489.75,1000044.52,247.18,1000000.00,FAIL,emergency_stuck,emergency_stuck,False,False,0,377,1,35,,,,,,,,,,,,,,,,,,,,,44.52,,,
Random Search,20260607,43,5,6,rs_r43_005_tl26_dt131_ge27_qr37_tau75,26,131,27,0.37,0.75,502.92,304.25,484.86,247.18,0.00,PASS,,recovery_timeout,True,False,0,605,1,56,,,,,,,,,,,,,,,,,,,,,484.86,,,
Random Search,20260607,43,6,6,rs_r43_006_tl100_dt200_ge16_qr99_tau87,100,200,16,0.99,0.87,620.92,297.91,591.56,247.18,0.00,PASS,,recovery_timeout,True,False,0,716,0,85,,,,,,,,,,,,,,,,,,,,,591.56,,,
Random Search,20260607,44,1,6,rs_r44_001_tl56_dt6_ge41_qr60_tau88,56,6,41,0.6,0.88,0.00,488.87,1000044.44,247.18,1000000.00,FAIL,emergency_stuck,emergency_stuck,False,False,0,4644,1,8,,,,,,,,,,,,,,,,,,,,,44.44,,,
Random Search,20260607,44,2,6,rs_r44_002_tl101_dt102_ge19_qr27_tau71,101,102,19,0.27,0.71,440.92,431.35,440.05,247.18,0.00,PASS,,recovery_detected,True,False,0,550,1,64,,,,,,,,,,,,,,,,,,,,,440.05,,,
Random Search,20260607,44,3,6,rs_r44_003_tl96_dt94_ge14_qr74_tau70,96,94,14,0.74,0.7,472.92,314.27,458.50,247.18,0.00,PASS,,recovery_timeout,True,False,0,676,1,74,,,,,,,,,,,,,,,,,,,,,458.50,,,
Random Search,20260607,44,4,6,rs_r44_004_tl99_dt55_ge24_qr44_tau90,99,55,24,0.44,0.9,0.00,499.42,1000045.40,247.18,1000000.00,FAIL,emergency_stuck,emergency_stuck,False,False,0,955,1,30,,,,,,,,,,,,,,,,,,,,,45.40,,,
Random Search,20260607,44,5,6,rs_r44_005_tl63_dt136_ge37_qr58_tau72,63,136,37,0.58,0.72,540.92,296.04,518.66,247.18,0.00,PASS,,recovery_timeout,True,False,0,402,1,48,,,,,,,,,,,,,,,,,,,,,518.66,,,
Random Search,20260607,44,6,6,rs_r44_006_tl19_dt208_ge35_qr2_tau87,19,208,35,0.02,0.87,0.00,486.74,1000044.25,247.18,1000000.00,FAIL,emergency_stuck,emergency_stuck,False,False,0,417,1,28,,,,,,,,,,,,,,,,,,,,,44.25,,,
Random Search,20260607,45,1,6,rs_r45_001_tl82_dt136_ge11_qr9_tau83,82,136,11,0.09,0.83,458.92,430.72,456.36,247.18,0.00,PASS,,recovery_detected,True,False,0,781,1,80,,,,,,,,,,,,,,,,,,,,,456.36,,,
Random Search,20260607,45,2,6,rs_r45_002_tl96_dt85_ge44_qr74_tau85,96,85,44,0.74,0.85,374.92,440.87,380.92,247.18,0.00,PASS,,recovery_detected,True,False,0,392,1,36,,,,,,,,,,,,,,,,,,,,,380.92,,,
Random Search,20260607,45,3,6,rs_r45_003_tl108_dt32_ge19_qr72_tau78,108,32,19,0.72,0.78,0.00,500.24,1000045.48,247.18,1000000.00,FAIL,emergency_stuck,emergency_stuck,False,False,0,2629,1,25,,,,,,,,,,,,,,,,,,,,,45.48,,,
Random Search,20260607,45,4,6,rs_r45_004_tl26_dt50_ge17_qr84_tau78,26,50,17,0.84,0.78,0.00,489.81,1000044.53,247.18,1000000.00,FAIL,emergency_stuck,emergency_stuck,False,False,0,1198,1,40,,,,,,,,,,,,,,,,,,,,,44.53,,,
Random Search,20260607,45,5,6,rs_r45_005_tl72_dt163_ge1_qr82_tau74,72,163,1,0.82,0.74,308.92,452.24,321.95,247.18,0.00,PASS,,recovery_detected,True,False,0,915,1,95,,,,,,,,,,,,,,,,,,,,,321.95,,,
Random Search,20260607,45,6,6,rs_r45_006_tl45_dt112_ge26_qr40_tau77,45,112,26,0.4,0.77,0.00,489.38,1000044.49,247.18,1000000.00,FAIL,emergency_stuck,emergency_stuck,False,False,0,324,1,35,,,,,,,,,,,,,,,,,,,,,44.49,,,
Random Search,20260607,46,1,6,rs_r46_001_tl109_dt119_ge50_qr46_tau86,109,119,50,0.46,0.86,0.00,467.06,1000042.46,247.18,1000000.00,FAIL,emergency_stuck,emergency_stuck,False,False,0,176,1,25,,,,,,,,,,,,,,,,,,,,,42.46,,,
Random Search,20260607,46,2,6,rs_r46_002_tl86_dt181_ge30_qr35_tau76,86,181,30,0.35,0.76,474.92,429.46,470.79,247.18,0.00,PASS,,recovery_detected,True,False,0,313,1,48,,,,,,,,,,,,,,,,,,,,,470.79,,,
Random Search,20260607,46,3,6,rs_r46_003_tl52_dt122_ge1_qr44_tau82,52,122,1,0.44,0.82,386.92,437.20,391.49,247.18,0.00,PASS,,recovery_detected,True,False,0,1145,1,116,,,,,,,,,,,,,,,,,,,,,391.49,,,
Random Search,20260607,46,4,6,rs_r46_004_tl36_dt108_ge2_qr77_tau78,36,108,2,0.77,0.78,344.92,426.31,352.32,247.18,0.00,PASS,,recovery_detected,True,False,0,1075,1,97,,,,,,,,,,,,,,,,,,,,,352.32,,,
Random Search,20260607,46,5,6,rs_r46_005_tl23_dt37_ge38_qr22_tau87,23,37,38,0.22,0.87,0.00,493.76,1000044.89,247.18,1000000.00,FAIL,emergency_stuck,emergency_stuck,False,False,0,2451,1,21,,,,,,,,,,,,,,,,,,,,,44.89,,,
Random Search,20260607,46,6,6,rs_r46_006_tl55_dt86_ge30_qr5_tau75,55,86,30,0.05,0.75,513.92,303.82,494.82,247.18,0.00,PASS,,recovery_timeout,True,False,0,554,1,53,,,,,,,,,,,,,,,,,,,,,494.82,,,
Random Search,20260607,47,1,6,rs_r47_001_tl72_dt200_ge26_qr98_tau70,72,200,26,0.98,0.7,0.00,486.26,1000044.21,247.18,1000000.00,FAIL,emergency_stuck,emergency_stuck,False,False,0,233,0,35,,,,,,,,,,,,,,,,,,,,,44.21,,,
Random Search,20260607,47,2,6,rs_r47_002_tl101_dt63_ge12_qr5_tau78,101,63,12,0.05,0.78,0.00,497.64,1000045.24,247.18,1000000.00,FAIL,emergency_stuck,emergency_stuck,False,False,0,487,1,43,,,,,,,,,,,,,,,,,,,,,45.24,,,
Random Search,20260607,47,3,6,rs_r47_003_tl11_dt141_ge34_qr9_tau70,11,141,34,0.09,0.7,414.92,431.39,416.42,247.18,0.00,PASS,,recovery_detected,True,False,0,508,1,44,,,,,,,,,,,,,,,,,,,,,416.42,,,
Random Search,20260607,47,4,6,rs_r47_004_tl44_dt12_ge4_qr43_tau76,44,12,4,0.43,0.76,0.00,498.72,1000045.34,247.18,1000000.00,FAIL,emergency_stuck,emergency_stuck,False,False,0,3734,1,22,,,,,,,,,,,,,,,,,,,,,45.34,,,
Random Search,20260607,47,5,6,rs_r47_005_tl73_dt62_ge18_qr43_tau88,73,62,18,0.43,0.88,0.00,471.25,1000042.84,247.18,1000000.00,FAIL,emergency_stuck,emergency_stuck,False,False,0,504,1,51,,,,,,,,,,,,,,,,,,,,,42.84,,,
Random Search,20260607,47,6,6,rs_r47_006_tl85_dt9_ge13_qr68_tau82,85,9,13,0.68,0.82,316.92,445.71,328.63,247.18,0.00,PASS,,recovery_detected,True,False,0,4855,1,20,,,,,,,,,,,,,,,,,,,,,328.63,,,
Random Search,20260607,48,1,6,rs_r48_001_tl112_dt94_ge43_qr24_tau72,112,94,43,0.24,0.72,0.00,483.97,1000044.00,247.18,1000000.00,FAIL,emergency_stuck,emergency_stuck,False,False,0,270,1,27,,,,,,,,,,,,,,,,,,,,,44.00,,,
Random Search,20260607,48,2,6,rs_r48_002_tl39_dt62_ge5_qr60_tau77,39,62,5,0.6,0.77,0.00,467.45,1000042.50,247.18,1000000.00,FAIL,emergency_stuck,emergency_stuck,False,False,0,1313,1,77,,,,,,,,,,,,,,,,,,,,,42.50,,,
Random Search,20260607,48,3,6,rs_r48_003_tl91_dt177_ge38_qr33_tau71,91,177,38,0.33,0.71,414.92,436.67,416.90,247.18,0.00,PASS,,recovery_detected,True,False,0,231,1,41,,,,,,,,,,,,,,,,,,,,,416.90,,,
Random Search,20260607,48,4,6,rs_r48_004_tl12_dt55_ge4_qr53_tau88,12,55,4,0.53,0.88,0.00,504.90,1000045.90,247.18,1000000.00,FAIL,emergency_stuck,emergency_stuck,False,False,0,1247,1,51,,,,,,,,,,,,,,,,,,,,,45.90,,,
Random Search,20260607,48,5,6,rs_r48_005_tl60_dt11_ge10_qr44_tau84,60,11,10,0.44,0.84,313.92,446.66,325.99,247.18,0.00,PASS,,recovery_detected,True,False,0,4789,1,22,,,,,,,,,,,,,,,,,,,,,325.99,,,
Random Search,20260607,48,6,6,rs_r48_006_tl44_dt100_ge44_qr1_tau85,44,100,44,0.01,0.85,578.92,295.22,553.13,247.18,0.00,PASS,,recovery_timeout,True,False,0,457,1,48,,,,,,,,,,,,,,,,,,,,,553.13,,,
Random Search,20260607,49,1,6,rs_r49_001_tl69_dt214_ge1_qr20_tau83,69,214,1,0.2,0.83,321.92,449.97,333.56,247.18,0.00,PASS,,recovery_detected,True,False,0,1011,1,101,,,,,,,,,,,,,,,,,,,,,333.56,,,
Random Search,20260607,49,2,6,rs_r49_002_tl53_dt94_ge30_qr46_tau70,53,94,30,0.46,0.7,323.92,448.52,335.25,247.18,0.00,PASS,,recovery_detected,True,False,0,360,1,41,,,,,,,,,,,,,,,,,,,,,335.25,,,
Random Search,20260607,49,3,6,rs_r49_003_tl70_dt21_ge22_qr54_tau75,70,21,22,0.54,0.75,0.00,497.62,1000045.24,247.18,1000000.00,FAIL,emergency_stuck,emergency_stuck,False,False,0,3087,1,21,,,,,,,,,,,,,,,,,,,,,45.24,,,
Random Search,20260607,49,4,6,rs_r49_004_tl8_dt200_ge17_qr20_tau75,8,200,17,0.2,0.75,549.92,298.35,527.05,247.18,0.00,PASS,,recovery_timeout,True,False,0,1002,1,73,,,,,,,,,,,,,,,,,,,,,527.05,,,
Random Search,20260607,49,5,6,rs_r49_005_tl17_dt137_ge34_qr22_tau84,17,137,34,0.22,0.84,401.92,427.92,404.28,247.18,0.00,PASS,,recovery_detected,True,False,0,474,1,40,,,,,,,,,,,,,,,,,,,,,404.28,,,
Random Search,20260607,49,6,6,rs_r49_006_tl76_dt54_ge10_qr23_tau70,76,54,10,0.23,0.7,0.00,498.32,1000045.30,247.18,1000000.00,FAIL,emergency_stuck,emergency_stuck,False,False,0,1268,1,43,,,,,,,,,,,,,,,,,,,,,45.30,,,
Random Search,20260607,50,1,6,rs_r50_001_tl90_dt112_ge41_qr43_tau77,90,112,41,0.43,0.77,0.00,489.23,1000044.48,247.18,1000000.00,FAIL,emergency_stuck,emergency_stuck,False,False,0,230,1,27,,,,,,,,,,,,,,,,,,,,,44.48,,,
Random Search,20260607,50,2,6,rs_r50_002_tl38_dt207_ge19_qr7_tau74,38,207,19,0.07,0.74,477.92,311.72,462.81,247.18,0.00,PASS,,recovery_timeout,True,False,0,631,1,64,,,,,,,,,,,,,,,,,,,,,462.81,,,
Random Search,20260607,50,3,6,rs_r50_003_tl43_dt141_ge31_qr32_tau76,43,141,31,0.32,0.76,448.92,428.67,447.08,247.18,0.00,PASS,,recovery_detected,True,False,0,377,1,47,,,,,,,,,,,,,,,,,,,,,447.08,,,
Random Search,20260607,50,4,6,rs_r50_004_tl100_dt11_ge27_qr29_tau86,100,11,27,0.29,0.86,0.00,494.04,1000044.91,247.18,1000000.00,FAIL,emergency_stuck,emergency_stuck,False,False,0,4420,1,10,,,,,,,,,,,,,,,,,,,,,44.91,,,
Random Search,20260607,50,5,6,rs_r50_005_tl104_dt93_ge41_qr43_tau75,104,93,41,0.43,0.75,0.00,489.35,1000044.49,247.18,1000000.00,FAIL,emergency_stuck,emergency_stuck,False,False,0,245,1,26,,,,,,,,,,,,,,,,,,,,,44.49,,,
Random Search,20260607,50,6,6,rs_r50_006_tl82_dt109_ge10_qr76_tau77,82,109,10,0.76,0.77,290.92,456.77,306.00,247.18,0.00,PASS,,recovery_detected,True,False,0,521,1,64,,,,,,,,,,,,,,,,,,,,,306.00,,,
