method,seed,round,round_theta_index,theta_per_round,parameter_id,t_lead,delta_T_thr,G_ext,Q_ratio,tau,observed_score,best_so_far,surrogate_mean,surrogate_ci_low,surrogate_ci_high,raw_ei_acquisition,acquisition,essi_acquisition,essi_1,essi_2,essi_3,essi_4,essi_5,essi_6,essi_max,essi_mean,essi_log_max,dominant_essi_subspace,spatial_activation_score
BO,20260607,1,1,6,bo_r01_001_tl50_dt212_ge40_qr62_tau90,50,212,40,0.62,0.9,342.51,342.51,,,,,,,,,,,,,,,,,
BO,20260607,1,2,6,bo_r01_002_tl80_dt143_ge18_qr17_tau79,80,143,18,0.17,0.79,364.12,342.51,,,,,,,,,,,,,,,,,
BO,20260607,1,3,6,bo_r01_003_tl56_dt74_ge28_qr32_tau74,56,74,28,0.32,0.74,178.20,178.20,,,,,,,,,,,,,,,,,
BO,20260607,1,4,6,bo_r01_004_tl117_dt156_ge35_qr21_tau70,117,156,35,0.21,0.7,184.45,178.20,,,,,,,,,,,,,,,,,
BO,20260607,1,5,6,bo_r01_005_tl43_dt211_ge31_qr66_tau75,43,211,31,0.66,0.75,307.99,178.20,,,,,,,,,,,,,,,,,
BO,20260607,1,6,6,bo_r01_006_tl77_dt210_ge17_qr42_tau85,77,210,17,0.42,0.85,271.90,178.20,,,,,,,,,,,,,,,,,
BO,20260607,2,1,6,bo_r02_001_tl120_dt59_ge19_qr20_tau87,120,59,19,0.2,0.87,188.31,178.20,274.86,133.60,416.13,,,,,,,,,,,,,,
BO,20260607,2,2,6,bo_r02_002_tl49_dt122_ge12_qr53_tau77,49,122,12,0.53,0.77,288.44,178.20,274.86,133.60,416.13,,,,,,,,,,,,,,
BO,20260607,2,3,6,bo_r02_003_tl88_dt70_ge3_qr0_tau77,88,70,3,0.0,0.77,310.63,178.20,274.86,133.60,416.13,,,,,,,,,,,,,,
BO,20260607,2,4,6,bo_r02_004_tl73_dt1_ge22_qr10_tau87,73,1,22,0.1,0.87,254.25,178.20,274.86,133.60,416.13,,,,,,,,,,,,,,
BO,20260607,2,5,6,bo_r02_005_tl12_dt151_ge30_qr53_tau80,12,151,30,0.53,0.8,141.24,141.24,274.86,133.60,416.13,,,,,,,,,,,,,,
BO,20260607,2,6,6,bo_r02_006_tl121_dt65_ge11_qr46_tau73,121,65,11,0.46,0.73,275.69,141.24,274.86,133.60,416.13,,,,,,,,,,,,,,
BO,20260607,3,1,6,bo_r03_001_tl22_dt31_ge1_qr54_tau72,22,31,1,0.54,0.72,187.34,141.24,258.98,125.83,392.12,,,,,,,,,,,,,,
BO,20260607,3,2,6,bo_r03_002_tl55_dt52_ge38_qr75_tau71,55,52,38,0.75,0.71,160.44,141.24,258.98,125.83,392.12,,,,,,,,,,,,,,
BO,20260607,3,3,6,bo_r03_003_tl117_dt3_ge19_qr98_tau78,117,3,19,0.98,0.78,251.23,141.24,258.98,125.83,392.12,,,,,,,,,,,,,,
BO,20260607,3,4,6,bo_r03_004_tl95_dt181_ge20_qr27_tau74,95,181,20,0.27,0.74,276.44,141.24,258.98,125.83,392.12,,,,,,,,,,,,,,
BO,20260607,3,5,6,bo_r03_005_tl26_dt127_ge1_qr65_tau72,26,127,1,0.65,0.72,240.21,141.24,258.98,125.83,392.12,,,,,,,,,,,,,,
BO,20260607,3,6,6,bo_r03_006_tl55_dt176_ge38_qr40_tau85,55,176,38,0.4,0.85,252.02,141.24,258.98,125.83,392.12,,,,,,,,,,,,,,
BO,20260607,4,1,6,bo_r04_001_tl3_dt71_ge44_qr30_tau88,3,71,44,0.3,0.88,113.19,113.19,248.63,127.23,370.03,,,,,,,,,,,,,,
BO,20260607,4,2,6,bo_r04_002_tl31_dt28_ge30_qr19_tau81,31,28,30,0.19,0.81,93.63,93.63,248.63,127.23,370.03,,,,,,,,,,,,,,
BO,20260607,4,3,6,bo_r04_003_tl68_dt239_ge1_qr84_tau82,68,239,1,0.84,0.82,309.45,93.63,248.63,127.23,370.03,,,,,,,,,,,,,,
BO,20260607,4,4,6,bo_r04_004_tl67_dt190_ge15_qr77_tau75,67,190,15,0.77,0.75,486.13,93.63,248.63,127.23,370.03,,,,,,,,,,,,,,
BO,20260607,4,5,6,bo_r04_005_tl11_dt176_ge20_qr90_tau78,11,176,20,0.9,0.78,292.25,93.63,248.63,127.23,370.03,,,,,,,,,,,,,,
BO,20260607,4,6,6,bo_r04_006_tl56_dt15_ge36_qr99_tau75,56,15,36,0.99,0.75,141.38,93.63,248.63,127.23,370.03,,,,,,,,,,,,,,
BO,20260607,5,1,6,bo_r05_001_tl50_dt39_ge28_qr38_tau70,50,39,28,0.38,0.7,134.59,93.63,246.31,74.32,418.30,,,,,,,,,,,,,,
BO,20260607,5,2,6,bo_r05_002_tl114_dt119_ge42_qr19_tau76,114,119,42,0.19,0.76,257.63,93.63,246.31,74.32,418.30,,,,,,,,,,,,,,
BO,20260607,5,3,6,bo_r05_003_tl30_dt173_ge9_qr30_tau90,30,173,9,0.3,0.9,316.96,93.63,246.31,74.32,418.30,,,,,,,,,,,,,,
BO,20260607,5,4,6,bo_r05_004_tl67_dt40_ge43_qr75_tau74,67,40,43,0.75,0.74,109.45,93.63,246.31,74.32,418.30,,,,,,,,,,,,,,
BO,20260607,5,5,6,bo_r05_005_tl20_dt219_ge38_qr92_tau78,20,219,38,0.92,0.78,195.97,93.63,246.31,74.32,418.30,,,,,,,,,,,,,,
BO,20260607,5,6,6,bo_r05_006_tl98_dt149_ge21_qr12_tau76,98,149,21,0.12,0.76,219.99,93.63,246.31,74.32,418.30,,,,,,,,,,,,,,
BO,20260607,6,1,6,bo_r06_001_tl119_dt74_ge7_qr7_tau70,119,74,7,0.07,0.7,343.43,93.63,238.20,69.45,406.96,,,,,,,,,,,,,,
BO,20260607,6,2,6,bo_r06_002_tl8_dt204_ge36_qr80_tau76,8,204,36,0.8,0.76,247.94,93.63,238.20,69.45,406.96,,,,,,,,,,,,,,
BO,20260607,6,3,6,bo_r06_003_tl28_dt22_ge33_qr35_tau76,28,22,33,0.35,0.76,142.28,93.63,238.20,69.45,406.96,,,,,,,,,,,,,,
BO,20260607,6,4,6,bo_r06_004_tl86_dt232_ge20_qr22_tau70,86,232,20,0.22,0.7,276.44,93.63,238.20,69.45,406.96,,,,,,,,,,,,,,
BO,20260607,6,5,6,bo_r06_005_tl82_dt60_ge33_qr40_tau89,82,60,33,0.4,0.89,233.17,93.63,238.20,69.45,406.96,,,,,,,,,,,,,,
BO,20260607,6,6,6,bo_r06_006_tl81_dt122_ge8_qr4_tau70,81,122,8,0.04,0.7,383.12,93.63,238.20,69.45,406.96,,,,,,,,,,,,,,
BO,20260607,7,1,6,bo_r07_001_tl58_dt81_ge42_qr4_tau82,58,81,42,0.04,0.82,190.58,93.63,243.68,75.78,411.58,,,,,,,,,,,,,,
BO,20260607,7,2,6,bo_r07_002_tl12_dt115_ge48_qr61_tau70,12,115,48,0.61,0.7,269.91,93.63,243.68,75.78,411.58,,,,,,,,,,,,,,
BO,20260607,7,3,6,bo_r07_003_tl73_dt176_ge11_qr55_tau84,73,176,11,0.55,0.84,303.59,93.63,243.68,75.78,411.58,,,,,,,,,,,,,,
BO,20260607,7,4,6,bo_r07_004_tl26_dt15_ge37_qr40_tau84,26,15,37,0.4,0.84,142.29,93.63,243.68,75.78,411.58,,,,,,,,,,,,,,
BO,20260607,7,5,6,bo_r07_005_tl106_dt115_ge29_qr23_tau87,106,115,29,0.23,0.87,216.56,93.63,243.68,75.78,411.58,,,,,,,,,,,,,,
BO,20260607,7,6,6,bo_r07_006_tl34_dt110_ge15_qr88_tau86,34,110,15,0.88,0.86,288.58,93.63,243.68,75.78,411.58,,,,,,,,,,,,,,
BO,20260607,8,1,6,bo_r08_001_tl103_dt74_ge32_qr38_tau71,103,74,32,0.38,0.71,231.89,93.63,242.47,81.23,403.71,,,,,,,,,,,,,,
BO,20260607,8,2,6,bo_r08_002_tl12_dt66_ge2_qr31_tau79,12,66,2,0.31,0.79,281.27,93.63,242.47,81.23,403.71,,,,,,,,,,,,,,
BO,20260607,8,3,6,bo_r08_003_tl52_dt209_ge43_qr9_tau88,52,209,43,0.09,0.88,200.75,93.63,242.47,81.23,403.71,,,,,,,,,,,,,,
BO,20260607,8,4,6,bo_r08_004_tl53_dt156_ge33_qr38_tau86,53,156,33,0.38,0.86,343.54,93.63,242.47,81.23,403.71,,,,,,,,,,,,,,
BO,20260607,8,5,6,bo_r08_005_tl23_dt153_ge44_qr17_tau73,23,153,44,0.17,0.73,155.51,93.63,242.47,81.23,403.71,,,,,,,,,,,,,,
BO,20260607,8,6,6,bo_r08_006_tl17_dt76_ge27_qr36_tau87,17,76,27,0.36,0.87,155.98,93.63,242.47,81.23,403.71,,,,,,,,,,,,,,
BO,20260607,9,1,6,bo_r09_001_tl106_dt21_ge32_qr45_tau74,106,21,32,0.45,0.74,141.13,93.63,240.68,82.49,398.88,,,,,,,,,,,,,,
BO,20260607,9,2,6,bo_r09_002_tl105_dt75_ge12_qr84_tau87,105,75,12,0.84,0.87,276.62,93.63,240.68,82.49,398.88,,,,,,,,,,,,,,
BO,20260607,9,3,6,bo_r09_003_tl42_dt234_ge39_qr55_tau84,42,234,39,0.55,0.84,261.33,93.63,240.68,82.49,398.88,,,,,,,,,,,,,,
BO,20260607,9,4,6,bo_r09_004_tl119_dt231_ge27_qr7_tau70,119,231,27,0.07,0.7,273.17,93.63,240.68,82.49,398.88,,,,,,,,,,,,,,
BO,20260607,9,5,6,bo_r09_005_tl57_dt68_ge11_qr91_tau90,57,68,11,0.91,0.9,203.66,93.63,240.68,82.49,398.88,,,,,,,,,,,,,,
BO,20260607,9,6,6,bo_r09_006_tl32_dt111_ge6_qr52_tau83,32,111,6,0.52,0.83,251.45,93.63,240.68,82.49,398.88,,,,,,,,,,,,,,
BO,20260607,10,1,6,bo_r10_001_tl78_dt33_ge41_qr96_tau79,78,33,41,0.96,0.79,142.34,93.63,240.00,87.52,392.49,,,,,,,,,,,,,,
BO,20260607,10,2,6,bo_r10_002_tl33_dt142_ge15_qr0_tau74,33,142,15,0.0,0.74,255.19,93.63,240.00,87.52,392.49,,,,,,,,,,,,,,
BO,20260607,10,3,6,bo_r10_003_tl111_dt95_ge35_qr42_tau87,111,95,35,0.42,0.87,350.47,93.63,240.00,87.52,392.49,,,,,,,,,,,,,,
BO,20260607,10,4,6,bo_r10_004_tl119_dt133_ge13_qr83_tau76,119,133,13,0.83,0.76,335.98,93.63,240.00,87.52,392.49,,,,,,,,,,,,,,
BO,20260607,10,5,6,bo_r10_005_tl103_dt217_ge30_qr85_tau82,103,217,30,0.85,0.82,271.33,93.63,240.00,87.52,392.49,,,,,,,,,,,,,,
BO,20260607,10,6,6,bo_r10_006_tl2_dt95_ge46_qr94_tau71,2,95,46,0.94,0.71,158.19,93.63,240.00,87.52,392.49,,,,,,,,,,,,,,
BO,20260607,11,1,6,bo_r11_001_tl24_dt27_ge35_qr16_tau80,24,27,35,0.16,0.8,96.66,93.63,241.23,88.23,394.23,11.17,10.94,6.83,1.84,1.24,1.68,1.27,6.83,3.26,6.83,2.69,1.92196431,5,0.611761
BO,20260607,11,2,6,bo_r11_002_tl29_dt47_ge34_qr22_tau81,29,47,34,0.22,0.81,153.52,93.63,241.23,88.23,394.23,10.38,10.18,6.62,1.79,1.21,1.62,1.25,6.62,3.20,6.62,2.62,1.88936207,5,0.637292
BO,20260607,11,3,6,bo_r11_003_tl11_dt67_ge36_qr25_tau90,11,67,36,0.25,0.9,390.54,93.63,241.23,88.23,394.23,10.07,9.92,7.18,1.75,1.23,1.67,1.36,7.18,3.70,7.18,2.82,1.97175468,5,0.713311
BO,20260607,11,4,6,bo_r11_004_tl31_dt56_ge36_qr18_tau86,31,56,36,0.18,0.86,183.56,93.63,241.23,88.23,394.23,10.04,9.87,6.93,1.88,1.28,1.68,1.33,6.93,3.45,6.93,2.76,1.93568382,5,0.690278
BO,20260607,11,5,6,bo_r11_005_tl8_dt39_ge39_qr26_tau84,8,39,39,0.26,0.84,135.27,93.63,241.23,88.23,394.23,9.55,9.38,6.32,1.55,1.08,1.49,1.17,6.32,3.17,6.32,2.46,1.84333694,5,0.661695
BO,20260607,11,6,6,bo_r11_006_tl22_dt72_ge35_qr15_tau73,22,72,35,0.15,0.73,174.80,93.63,241.23,88.23,394.23,9.38,9.14,4.85,1.31,0.87,1.22,0.86,4.85,2.14,4.85,1.88,1.57877942,5,0.516889
BO,20260607,12,1,6,bo_r12_001_tl31_dt23_ge37_qr9_tau78,31,23,37,0.09,0.78,143.10,93.63,236.49,77.55,395.42,24.14,23.62,14.31,4.05,2.69,3.59,2.68,14.31,6.66,14.31,5.66,2.66075180,5,0.592719
BO,20260607,12,2,6,bo_r12_002_tl31_dt0_ge36_qr9_tau79,31,0,36,0.09,0.79,200.38,93.63,236.49,77.55,395.42,23.72,23.23,14.39,4.07,2.71,3.60,2.71,14.39,6.77,14.39,5.71,2.66649780,5,0.606596
BO,20260607,12,3,6,bo_r12_003_tl28_dt29_ge37_qr20_tau80,28,29,37,0.2,0.8,99.59,93.63,236.49,77.55,395.42,21.77,21.35,13.81,3.78,2.55,3.39,2.61,13.81,6.66,13.81,5.47,2.62508268,5,0.634295
BO,20260607,12,4,6,bo_r12_004_tl27_dt26_ge38_qr24_tau80,27,26,38,0.24,0.8,95.10,93.63,236.49,77.55,395.42,21.63,21.23,13.98,3.80,2.57,3.42,2.65,13.98,6.80,13.98,5.54,2.63750973,5,0.646202
BO,20260607,12,5,6,bo_r12_005_tl38_dt25_ge38_qr10_tau80,38,25,38,0.1,0.8,96.86,93.63,236.49,77.55,395.42,20.79,20.39,13.14,3.81,2.53,3.30,2.51,13.14,6.24,13.14,5.26,2.57580782,5,0.632029
BO,20260607,12,6,6,bo_r12_006_tl43_dt0_ge38_qr20_tau78,43,0,38,0.2,0.78,307.84,93.63,236.49,77.55,395.42,18.82,18.48,12.22,3.61,2.39,3.09,2.36,12.22,5.84,12.22,4.92,2.50344847,5,0.649398
BO,20260607,13,1,6,bo_r13_001_tl35_dt22_ge34_qr22_tau84,35,22,34,0.22,0.84,95.77,93.63,229.87,65.86,393.89,18.77,18.46,12.90,3.57,2.42,3.15,2.49,12.90,6.39,12.90,5.15,2.55717008,5,0.687402
BO,20260607,13,2,6,bo_r13_002_tl27_dt23_ge34_qr32_tau85,27,23,34,0.32,0.85,141.36,93.63,229.87,65.86,393.89,17.85,17.58,12.64,3.35,2.30,3.03,2.43,12.64,6.39,12.64,5.02,2.53711134,5,0.708202
BO,20260607,13,3,6,bo_r13_003_tl11_dt29_ge34_qr21_tau83,11,29,34,0.21,0.83,143.08,93.63,229.87,65.86,393.89,17.51,17.17,11.03,2.74,1.89,2.62,2.03,11.03,5.43,11.03,4.29,2.40100946,5,0.630334
BO,20260607,13,4,6,bo_r13_004_tl20_dt25_ge35_qr7_tau83,20,25,35,0.07,0.83,96.86,93.63,229.87,65.86,393.89,16.72,16.39,10.31,2.72,1.85,2.51,1.92,10.31,4.97,10.31,4.05,2.33355109,5,0.616726
BO,20260607,13,5,6,bo_r13_005_tl45_dt29_ge32_qr19_tau83,45,29,32,0.19,0.83,141.93,93.63,229.87,65.86,393.89,16.44,16.16,11.15,3.22,2.15,2.78,2.17,11.15,5.44,11.15,4.49,2.41154693,5,0.678256
BO,20260607,13,6,6,bo_r13_006_tl24_dt29_ge36_qr20_tau84,24,29,36,0.2,0.84,141.23,93.63,229.87,65.86,393.89,16.24,15.96,10.85,2.88,1.96,2.62,2.06,10.85,5.37,10.85,4.29,2.38419149,5,0.668078
BO,20260607,14,1,6,bo_r14_001_tl26_dt16_ge33_qr3_tau84,26,16,33,0.03,0.84,136.48,93.63,221.94,54.99,388.89,32.30,31.67,20.17,5.46,3.69,4.95,3.78,20.17,9.70,20.17,7.96,3.00429508,5,0.624475
BO,20260607,14,2,6,bo_r14_002_tl5_dt11_ge31_qr0_tau82,5,11,31,0.0,0.82,144.00,93.63,221.94,54.99,388.89,29.08,28.40,16.10,3.90,2.68,3.86,2.85,16.10,7.54,16.10,6.16,2.77862708,5,0.553529
BO,20260607,14,3,6,bo_r14_003_tl38_dt13_ge34_qr25_tau84,38,13,34,0.25,0.84,155.61,93.63,221.94,54.99,388.89,24.86,24.47,17.46,4.89,3.30,4.28,3.39,17.46,8.69,17.46,7.00,2.85972728,5,0.702225
BO,20260607,14,4,6,bo_r14_004_tl35_dt20_ge33_qr30_tau82,35,20,33,0.3,0.82,94.19,93.63,221.94,54.99,388.89,24.84,24.42,16.94,4.68,3.16,4.14,3.26,16.94,8.37,16.94,6.76,2.82954415,5,0.681885
BO,20260607,14,5,6,bo_r14_005_tl21_dt21_ge33_qr20_tau81,21,21,33,0.2,0.81,136.27,93.63,221.94,54.99,388.89,24.86,24.37,15.47,4.06,2.76,3.75,2.88,15.47,7.48,15.47,6.07,2.73898878,5,0.622234
BO,20260607,14,6,6,bo_r14_006_tl32_dt20_ge31_qr9_tau80,32,20,31,0.09,0.8,94.19,93.63,221.94,54.99,388.89,23.91,23.40,14.29,3.99,2.67,3.57,2.67,14.29,6.70,14.29,5.65,2.65966230,5,0.597760
BO,20260607,15,1,6,bo_r15_001_tl13_dt26_ge37_qr13_tau79,13,26,37,0.13,0.79,95.10,93.63,215.14,46.78,383.50,26.79,26.20,15.57,4.00,2.72,3.78,2.83,15.57,7.36,15.57,6.04,2.74536816,5,0.581167
BO,20260607,15,2,6,bo_r15_002_tl38_dt40_ge39_qr10_tau83,38,40,39,0.1,0.83,116.25,93.63,215.14,46.78,383.50,23.75,23.33,15.77,4.52,3.02,3.92,3.04,15.77,7.66,15.77,6.32,2.75832807,5,0.664283
BO,20260607,15,3,6,bo_r15_003_tl18_dt16_ge40_qr8_tau81,18,16,40,0.08,0.81,136.48,93.63,215.14,46.78,383.50,23.33,22.86,14.29,3.79,2.57,3.49,2.65,14.29,6.85,14.29,5.61,2.65927970,5,0.612290
BO,20260607,15,4,6,bo_r15_004_tl36_dt35_ge37_qr6_tau83,36,35,37,0.06,0.83,111.72,93.63,215.14,46.78,383.50,19.74,19.37,12.75,3.63,2.43,3.17,2.44,12.75,6.14,12.75,5.09,2.54562327,5,0.646031
BO,20260607,15,5,6,bo_r15_005_tl11_dt36_ge44_qr12_tau79,11,36,44,0.12,0.79,97.62,93.63,215.14,46.78,383.50,18.47,18.07,10.99,2.84,1.93,2.67,2.01,10.99,5.24,10.99,4.28,2.39734922,5,0.595370
BO,20260607,15,6,6,bo_r15_006_tl37_dt28_ge36_qr21_tau81,37,28,36,0.21,0.81,93.73,93.63,215.14,46.78,383.50,15.53,15.26,10.26,2.90,1.95,2.54,1.97,10.26,4.98,10.26,4.10,2.32802350,5,0.660388
BO,20260607,16,1,6,bo_r16_001_tl3_dt62_ge46_qr90_tau83,3,62,46,0.9,0.83,265.27,93.63,208.03,37.06,379.01,16.30,16.14,13.24,3.11,2.23,3.00,2.54,13.24,7.13,13.24,5.21,2.58298407,5,0.812209
BO,20260607,16,2,6,bo_r16_002_tl23_dt45_ge42_qr24_tau78,23,45,42,0.24,0.78,114.89,93.63,208.03,37.06,379.01,13.81,13.54,8.63,2.33,1.58,2.12,1.62,8.63,4.16,8.63,3.41,2.15576063,5,0.625174
BO,20260607,16,3,6,bo_r16_003_tl13_dt60_ge47_qr45_tau75,13,60,47,0.45,0.75,154.41,93.63,208.03,37.06,379.01,13.00,12.76,8.29,2.13,1.46,1.99,1.54,8.29,4.06,8.29,3.25,2.11488942,5,0.637410
BO,20260607,16,4,6,bo_r16_004_tl17_dt23_ge35_qr0_tau81,17,23,35,0.0,0.81,142.14,93.63,208.03,37.06,379.01,12.46,12.18,7.14,1.88,1.27,1.75,1.30,7.14,3.34,7.14,2.78,1.96571117,5,0.573234
BO,20260607,16,5,6,bo_r16_005_tl28_dt40_ge42_qr16_tau80,28,40,42,0.16,0.8,110.77,93.63,208.03,37.06,379.01,12.39,12.16,7.91,2.19,1.47,1.95,1.50,7.91,3.81,7.91,3.14,2.06758547,5,0.638015
BO,20260607,16,6,6,bo_r16_006_tl13_dt33_ge40_qr3_tau79,13,33,40,0.03,0.79,113.96,93.63,208.03,37.06,379.01,11.80,11.53,6.67,1.74,1.17,1.63,1.21,6.67,3.10,6.67,2.59,1.89710450,5,0.565052
BO,20260607,17,1,6,bo_r17_001_tl0_dt30_ge42_qr7_tau81,0,30,42,0.07,0.81,95.72,93.63,204.42,34.55,374.29,12.25,11.98,7.12,1.72,1.19,1.69,1.28,7.12,3.41,7.12,2.74,1.96307041,5,0.581308
BO,20260607,17,2,6,bo_r17_002_tl9_dt24_ge39_qr23_tau78,9,24,39,0.23,0.78,160.13,93.63,204.42,34.55,374.29,11.42,11.18,6.79,1.70,1.17,1.63,1.24,6.79,3.25,6.79,2.63,1.91506342,5,0.594233
BO,20260607,17,3,6,bo_r17_003_tl0_dt35_ge37_qr16_tau80,0,35,37,0.16,0.8,158.43,93.63,204.42,34.55,374.29,11.08,10.84,6.37,1.50,1.05,1.50,1.13,6.37,3.05,6.37,2.43,1.85098630,5,0.574326
BO,20260607,17,4,6,bo_r17_004_tl0_dt18_ge37_qr14_tau78,0,18,37,0.14,0.78,162.63,93.63,204.42,34.55,374.29,9.43,9.21,5.21,1.24,0.86,1.24,0.92,5.21,2.45,5.21,1.98,1.64995855,5,0.552055
BO,20260607,17,5,6,bo_r17_005_tl12_dt44_ge42_qr15_tau78,12,44,42,0.15,0.78,114.89,93.63,204.42,34.55,374.29,9.12,8.92,5.33,1.37,0.94,1.30,0.97,5.33,2.52,5.33,2.07,1.67398968,5,0.584680
BO,20260607,17,6,6,bo_r17_006_tl1_dt7_ge40_qr28_tau80,1,7,40,0.28,0.8,159.34,93.63,204.42,34.55,374.29,9.03,8.86,5.62,1.35,0.94,1.32,1.02,5.62,2.77,5.62,2.17,1.72636227,5,0.622077
BO,20260607,18,1,6,bo_r18_001_tl36_dt35_ge29_qr39_tau80,36,35,29,0.39,0.8,112.69,93.63,200.74,32.96,368.51,10.94,10.75,7.29,2.00,1.35,1.78,1.39,7.29,3.58,7.29,2.90,1.98632990,5,0.666231
BO,20260607,18,2,6,bo_r18_002_tl40_dt33_ge28_qr37_tau82,40,33,28,0.37,0.82,136.10,93.63,200.74,32.96,368.51,10.19,10.02,7.01,1.94,1.31,1.71,1.35,7.01,3.47,7.01,2.80,1.94691753,5,0.687681
BO,20260607,18,3,6,bo_r18_003_tl3_dt57_ge44_qr1_tau81,3,57,44,0.01,0.81,183.46,93.63,200.74,32.96,368.51,9.46,9.24,5.40,1.33,0.92,1.30,0.97,5.40,2.56,5.40,2.08,1.68706802,5,0.571441
BO,20260607,18,4,6,bo_r18_004_tl39_dt34_ge38_qr36_tau82,39,34,38,0.36,0.82,136.42,93.63,200.74,32.96,368.51,9.35,9.21,6.70,1.88,1.27,1.64,1.31,6.70,3.35,6.70,2.69,1.90140624,5,0.715773
BO,20260607,18,5,6,bo_r18_005_tl30_dt27_ge41_qr27_tau81,30,27,41,0.27,0.81,97.60,93.63,200.74,32.96,368.51,8.66,8.51,5.88,1.62,1.10,1.44,1.13,5.88,2.90,5.88,2.34,1.77155334,5,0.679111
BO,20260607,18,6,6,bo_r18_006_tl38_dt32_ge42_qr27_tau80,38,32,42,0.27,0.8,136.12,93.63,200.74,32.96,368.51,8.27,8.13,5.66,1.62,1.08,1.40,1.10,5.66,2.78,5.66,2.27,1.73279976,5,0.683964
BO,20260607,19,1,6,bo_r19_001_tl67_dt14_ge35_qr75_tau71,67,14,35,0.75,0.71,141.27,93.63,197.02,30.76,363.27,9.19,9.07,6.74,2.09,1.38,1.71,1.35,6.74,3.32,6.74,2.76,1.90764367,5,0.732721
BO,20260607,19,2,6,bo_r19_002_tl58_dt14_ge48_qr83_tau70,58,14,48,0.83,0.7,141.27,93.63,197.02,30.76,363.27,8.49,8.39,6.52,1.98,1.32,1.63,1.31,6.52,3.27,6.52,2.67,1.87412363,5,0.767495
BO,20260607,19,3,6,bo_r19_003_tl38_dt29_ge36_qr11_tau81,38,29,36,0.11,0.81,141.23,93.63,197.02,30.76,363.27,8.53,8.37,5.44,1.56,1.04,1.36,1.04,5.44,2.60,5.44,2.17,1.69372593,5,0.637863
BO,20260607,19,4,6,bo_r19_004_tl8_dt108_ge31_qr46_tau80,8,108,31,0.46,0.8,185.52,93.63,197.02,30.76,363.27,8.28,8.12,5.15,1.21,0.85,1.20,0.93,5.15,2.55,5.15,1.98,1.63817958,5,0.621314
BO,20260607,19,5,6,bo_r19_005_tl4_dt16_ge42_qr14_tau82,4,16,42,0.14,0.82,136.48,93.63,197.02,30.76,363.27,7.85,7.70,4.87,1.20,0.83,1.16,0.89,4.87,2.38,4.87,1.89,1.58274548,5,0.619805
BO,20260607,19,6,6,bo_r19_006_tl33_dt29_ge32_qr24_tau80,33,29,32,0.24,0.8,141.93,93.63,197.02,30.76,363.27,6.79,6.66,4.32,1.20,0.80,1.07,0.82,4.32,2.08,4.32,1.72,1.46405434,5,0.636354
BO,20260607,20,1,6,bo_r20_001_tl26_dt25_ge27_qr14_tau80,26,25,27,0.14,0.8,136.40,93.63,194.43,31.02,357.85,29.14,28.51,17.05,4.56,3.07,4.20,3.14,17.05,8.00,17.05,6.67,2.83596269,5,0.584977
BO,20260607,20,2,6,bo_r20_002_tl30_dt28_ge28_qr1_tau82,30,28,28,0.01,0.82,94.52,93.63,194.43,31.02,357.85,23.78,23.26,13.92,3.83,2.56,3.46,2.58,13.92,6.49,13.92,5.47,2.63297518,5,0.585195
BO,20260607,20,3,6,bo_r20_003_tl37_dt24_ge37_qr25_tau81,37,24,37,0.25,0.81,141.93,93.63,194.43,31.02,357.85,21.95,21.57,14.80,4.18,2.81,3.65,2.85,14.80,7.25,14.80,5.92,2.69451606,5,0.674303
BO,20260607,20,4,6,bo_r20_004_tl18_dt21_ge27_qr12_tau77,18,21,27,0.12,0.77,142.86,93.63,194.43,31.02,357.85,19.42,18.94,10.37,2.69,1.81,2.56,1.85,10.37,4.71,10.37,4.00,2.33930033,5,0.534308
BO,20260607,20,5,6,bo_r20_005_tl41_dt22_ge38_qr24_tau80,41,22,38,0.24,0.8,95.77,93.63,194.43,31.02,357.85,17.66,17.35,11.86,3.43,2.29,2.96,2.30,11.86,5.77,11.86,4.77,2.47313671,5,0.671653
BO,20260607,20,6,6,bo_r20_006_tl17_dt22_ge28_qr10_tau76,17,22,28,0.1,0.76,145.78,93.63,194.43,31.02,357.85,17.54,17.10,9.12,2.37,1.59,2.26,1.61,9.12,4.08,9.12,3.50,2.21030831,5,0.519750
BO,20260607,21,1,6,bo_r21_001_tl30_dt36_ge39_qr20_tau80,30,36,39,0.2,0.8,135.26,93.63,191.02,28.81,353.24,30.05,29.49,19.30,5.35,3.60,4.76,3.67,19.30,9.33,19.30,7.67,2.96034759,5,0.642414
BO,20260607,21,2,6,bo_r21_002_tl30_dt29_ge31_qr7_tau84,30,29,31,0.07,0.84,142.01,93.63,191.02,28.81,353.24,17.27,16.94,10.90,2.98,2.01,2.68,2.05,10.90,5.25,10.90,4.31,2.38881310,5,0.631079
BO,20260607,21,3,6,bo_r21_003_tl36_dt26_ge29_qr7_tau86,36,26,29,0.07,0.86,95.10,93.63,191.02,28.81,353.24,16.81,16.51,11.06,3.07,2.07,2.72,2.11,11.06,5.39,11.06,4.40,2.40327105,5,0.657829
BO,20260607,21,4,6,bo_r21_004_tl60_dt41_ge39_qr23_tau80,60,41,39,0.23,0.8,135.41,93.63,191.02,28.81,353.24,16.68,16.42,11.68,3.62,2.38,2.98,2.32,11.68,5.67,11.68,4.78,2.45826141,5,0.700536
BO,20260607,21,5,6,bo_r21_005_tl38_dt35_ge38_qr23_tau82,38,35,38,0.23,0.82,115.23,93.63,191.02,28.81,353.24,16.26,15.99,11.10,3.14,2.11,2.74,2.15,11.10,5.46,11.10,4.45,2.40690091,5,0.682565
BO,20260607,21,6,6,bo_r21_006_tl47_dt32_ge39_qr12_tau79,47,32,39,0.12,0.79,114.99,93.63,191.02,28.81,353.24,16.00,15.70,10.28,3.10,2.04,2.62,1.99,10.28,4.87,10.28,4.15,2.33062849,5,0.642890
BO,20260607,22,1,6,bo_r22_001_tl40_dt28_ge39_qr21_tau81,40,28,39,0.21,0.81,93.84,93.63,187.78,26.81,348.76,22.97,22.58,15.52,4.47,2.99,3.86,3.01,15.52,7.57,15.52,6.23,2.74185150,5,0.675363
BO,20260607,22,2,6,bo_r22_002_tl42_dt18_ge29_qr6_tau83,42,18,29,0.06,0.83,142.65,93.63,187.78,26.81,348.76,20.11,19.72,12.77,3.69,2.45,3.20,2.44,12.77,6.08,12.77,5.11,2.54707541,5,0.635011
BO,20260607,22,3,6,bo_r22_003_tl49_dt20_ge40_qr22_tau81,49,20,40,0.22,0.81,94.19,93.63,187.78,26.81,348.76,19.54,19.23,13.65,4.07,2.70,3.43,2.69,13.65,6.68,13.65,5.54,2.61395771,5,0.698820
BO,20260607,22,4,6,bo_r22_004_tl25_dt15_ge29_qr14_tau84,25,15,29,0.14,0.84,135.42,93.63,187.78,26.81,348.76,17.37,17.03,11.05,2.92,1.99,2.68,2.07,11.05,5.38,11.05,4.35,2.40260952,5,0.636399
BO,20260607,22,5,6,bo_r22_005_tl34_dt17_ge29_qr25_tau82,34,17,29,0.25,0.82,136.28,93.63,187.78,26.81,348.76,17.24,16.93,11.31,3.10,2.10,2.77,2.15,11.31,5.52,11.31,4.49,2.42565264,5,0.655943
BO,20260607,22,6,6,bo_r22_006_tl41_dt21_ge30_qr32_tau83,41,21,30,0.32,0.83,153.70,93.63,187.78,26.81,348.76,17.15,16.88,11.97,3.36,2.27,2.94,2.32,11.97,5.95,11.97,4.80,2.48281721,5,0.698120
BO,20260607,23,1,6,bo_r23_001_tl43_dt31_ge39_qr5_tau85,43,31,39,0.05,0.85,115.86,93.63,184.98,25.39,344.56,15.60,15.34,10.69,3.12,2.08,2.67,2.09,10.69,5.23,10.69,4.31,2.36933342,5,0.685389
BO,20260607,23,2,6,bo_r23_002_tl41_dt25_ge39_qr22_tau80,41,25,39,0.22,0.8,96.86,93.63,184.98,25.39,344.56,13.89,13.65,9.30,2.70,1.80,2.32,1.80,9.30,4.51,9.30,3.74,2.22988429,5,0.669304
BO,20260607,23,3,6,bo_r23_003_tl36_dt23_ge39_qr53_tau79,36,23,39,0.53,0.79,141.19,93.63,184.98,25.39,344.56,10.50,10.35,7.61,2.11,1.43,1.85,1.48,7.61,3.84,7.61,3.05,2.02915808,5,0.724528
BO,20260607,23,4,6,bo_r23_004_tl40_dt47_ge29_qr6_tau90,40,47,29,0.06,0.9,177.13,93.63,184.98,25.39,344.56,10.27,10.11,7.20,2.00,1.35,1.76,1.39,7.20,3.59,7.20,2.88,1.97396870,5,0.700802
BO,20260607,23,5,6,bo_r23_005_tl13_dt21_ge45_qr15_tau87,13,21,45,0.15,0.87,136.27,93.63,184.98,25.39,344.56,9.98,9.83,7.00,1.80,1.24,1.66,1.33,7.00,3.55,7.00,2.76,1.94621553,5,0.701299
BO,20260607,23,6,6,bo_r23_006_tl101_dt20_ge40_qr64_tau76,101,20,40,0.64,0.76,141.21,93.63,184.98,25.39,344.56,9.76,9.67,8.15,2.76,1.80,2.12,1.71,8.15,4.07,8.15,3.43,2.09773782,5,0.835194
BO,20260607,24,1,6,bo_r24_001_tl52_dt29_ge38_qr44_tau83,52,29,38,0.44,0.83,136.68,93.63,182.79,25.10,340.48,18.83,18.60,14.50,4.22,2.84,3.57,2.89,14.50,7.36,14.50,5.90,2.67395560,5,0.769948
BO,20260607,24,2,6,bo_r24_002_tl43_dt26_ge35_qr34_tau82,43,26,35,0.34,0.82,136.53,93.63,182.79,25.10,340.48,18.33,18.06,13.02,3.71,2.50,3.21,2.54,13.02,6.48,13.02,5.24,2.56674506,5,0.710321
BO,20260607,24,3,6,bo_r24_003_tl57_dt25_ge37_qr23_tau84,57,25,37,0.23,0.84,96.86,93.63,182.79,25.10,340.48,16.80,16.57,12.38,3.73,2.48,3.11,2.47,12.38,6.15,12.38,5.05,2.51643580,5,0.737073
BO,20260607,24,4,6,bo_r24_004_tl53_dt21_ge36_qr24_tau79,53,21,36,0.24,0.79,136.27,93.63,182.79,25.10,340.48,15.85,15.58,10.70,3.24,2.14,2.72,2.10,10.70,5.15,10.70,4.34,2.37046213,5,0.675321
BO,20260607,24,5,6,bo_r24_005_tl43_dt29_ge36_qr37_tau81,43,29,36,0.37,0.81,141.53,93.63,182.79,25.10,340.48,14.49,14.27,10.27,2.93,1.97,2.53,2.01,10.27,5.11,10.27,4.14,2.32961038,5,0.708972
BO,20260607,24,6,6,bo_r24_006_tl46_dt34_ge38_qr27_tau82,46,34,38,0.27,0.82,116.32,93.63,182.79,25.10,340.48,14.48,14.25,10.23,2.98,1.99,2.54,2.01,10.23,5.05,10.23,4.13,2.32488811,5,0.706366
BO,20260607,25,1,6,bo_r25_001_tl61_dt29_ge39_qr18_tau85,61,29,39,0.18,0.85,112.48,93.63,180.48,24.47,336.50,16.77,16.54,12.55,3.84,2.55,3.16,2.52,12.55,6.24,12.55,5.14,2.52959778,5,0.748475
BO,20260607,25,2,6,bo_r25_002_tl40_dt15_ge40_qr22_tau85,40,15,40,0.22,0.85,135.42,93.63,180.48,24.47,336.50,16.69,16.45,12.16,3.46,2.33,2.99,2.39,12.16,6.10,12.16,4.90,2.49814873,5,0.728476
BO,20260607,25,3,6,bo_r25_003_tl40_dt22_ge40_qr23_tau82,40,22,40,0.23,0.82,95.77,93.63,180.48,24.47,336.50,15.23,14.99,10.60,3.04,2.04,2.62,2.07,10.60,5.23,10.60,4.27,2.36093917,5,0.696011
BO,20260607,25,4,6,bo_r25_004_tl28_dt28_ge28_qr5_tau85,28,28,28,0.05,0.85,94.52,93.63,180.48,24.47,336.50,14.28,14.00,8.92,2.40,1.62,2.18,1.67,8.92,4.29,8.92,3.51,2.18784477,5,0.624311
BO,20260607,25,5,6,bo_r25_005_tl38_dt30_ge41_qr33_tau85,38,30,41,0.33,0.85,114.71,93.63,180.48,24.47,336.50,13.04,12.87,9.79,2.73,1.86,2.38,1.92,9.79,4.98,9.79,3.94,2.28141897,5,0.750647
BO,20260607,25,6,6,bo_r25_006_tl38_dt27_ge40_qr29_tau81,38,27,40,0.29,0.81,97.60,93.63,180.48,24.47,336.50,12.33,12.13,8.56,2.43,1.63,2.11,1.66,8.56,4.23,8.56,3.44,2.14750829,5,0.694596
BO,20260607,26,1,6,bo_r26_001_tl34_dt45_ge26_qr0_tau79,34,45,26,0.0,0.79,226.95,93.63,177.60,22.15,333.05,9.96,9.73,5.44,1.54,1.01,1.38,1.00,5.44,2.44,5.44,2.13,1.69341982,5,0.545734
BO,20260607,26,2,6,bo_r26_002_tl44_dt15_ge33_qr57_tau79,44,15,33,0.57,0.79,141.38,93.63,177.60,22.15,333.05,9.75,9.61,7.12,2.01,1.36,1.74,1.40,7.12,3.59,7.12,2.87,1.96328339,5,0.730693
BO,20260607,26,3,6,bo_r26_003_tl6_dt37_ge28_qr1_tau80,6,37,28,0.01,0.8,156.33,93.63,177.60,22.15,333.05,9.49,9.25,4.92,1.18,0.81,1.19,0.85,4.92,2.24,4.92,1.87,1.59397671,5,0.518994
BO,20260607,26,4,6,bo_r26_004_tl32_dt7_ge41_qr41_tau85,32,7,41,0.41,0.85,162.34,93.63,177.60,22.15,333.05,8.82,8.71,6.75,1.84,1.26,1.62,1.32,6.75,3.47,6.75,2.71,1.90933629,5,0.765523
BO,20260607,26,5,6,bo_r26_005_tl46_dt49_ge47_qr19_tau80,46,49,47,0.19,0.8,201.76,93.63,177.60,22.15,333.05,8.81,8.67,6.09,1.82,1.21,1.53,1.20,6.09,2.96,6.09,2.47,1.80595171,5,0.690420
BO,20260607,26,6,6,bo_r26_006_tl40_dt49_ge28_qr0_tau78,40,49,28,0.0,0.78,188.88,93.63,177.60,22.15,333.05,8.87,8.66,4.88,1.43,0.94,1.25,0.90,4.88,2.18,4.88,1.93,1.58613559,5,0.550619
BO,20260607,27,1,6,bo_r27_001_tl32_dt29_ge38_qr12_tau83,32,29,38,0.12,0.83,143.16,93.63,177.68,24.83,330.53,8.09,7.95,5.33,1.48,1.00,1.31,1.02,5.33,2.59,5.33,2.12,1.67273345,5,0.658312
BO,20260607,27,2,6,bo_r27_002_tl25_dt29_ge43_qr7_tau84,25,29,43,0.07,0.84,142.00,93.63,177.68,24.83,330.53,8.04,7.89,5.31,1.45,0.98,1.30,1.01,5.31,2.61,5.31,2.11,1.67043101,5,0.661370
BO,20260607,27,3,6,bo_r27_003_tl33_dt27_ge29_qr15_tau81,33,27,29,0.15,0.81,97.60,93.63,177.68,24.83,330.53,7.88,7.72,4.86,1.34,0.90,1.20,0.91,4.86,2.31,4.86,1.92,1.58069170,5,0.616537
BO,20260607,27,4,6,bo_r27_004_tl120_dt42_ge46_qr69_tau80,120,42,46,0.69,0.8,110.88,93.63,177.68,24.83,330.53,7.70,7.67,7.22,2.49,1.63,1.88,1.55,7.22,3.70,7.22,3.08,1.97704412,5,0.937928
BO,20260607,27,5,6,bo_r27_005_tl51_dt34_ge32_qr51_tau81,51,34,32,0.51,0.81,109.13,93.63,177.68,24.83,330.53,7.74,7.63,5.74,1.65,1.11,1.41,1.13,5.74,2.89,5.74,2.32,1.74785289,5,0.742175
BO,20260607,27,6,6,bo_r27_006_tl27_dt56_ge43_qr28_tau79,27,56,43,0.28,0.79,140.23,93.63,177.68,24.83,330.53,7.26,7.13,4.74,1.30,0.88,1.16,0.90,4.74,2.31,4.74,1.88,1.55672149,5,0.653061
BO,20260607,28,1,6,bo_r28_001_tl27_dt25_ge40_qr23_tau77,27,25,40,0.23,0.77,96.86,93.63,175.68,24.21,327.15,11.10,10.87,6.85,1.89,1.27,1.70,1.29,6.85,3.26,6.85,2.71,1.92474129,5,0.617569
BO,20260607,28,2,6,bo_r28_002_tl38_dt40_ge27_qr61_tau85,38,40,27,0.61,0.85,220.36,93.63,175.68,24.21,327.15,9.34,9.23,7.19,1.92,1.32,1.71,1.40,7.19,3.72,7.19,2.88,1.97241312,5,0.769683
BO,20260607,28,3,6,bo_r28_003_tl71_dt43_ge46_qr82_tau70,71,43,46,0.82,0.7,110.88,93.63,175.68,24.21,327.15,9.33,9.21,7.21,2.27,1.50,1.83,1.47,7.21,3.60,7.21,2.98,1.97592561,5,0.773513
BO,20260607,28,4,6,bo_r28_004_tl23_dt30_ge36_qr12_tau79,23,30,36,0.12,0.79,94.76,93.63,175.68,24.21,327.15,9.22,9.02,5.46,1.47,0.99,1.35,1.01,5.46,2.57,5.46,2.14,1.69700641,5,0.591870
BO,20260607,28,5,6,bo_r28_005_tl80_dt50_ge43_qr70_tau73,80,50,43,0.7,0.73,154.40,93.63,175.68,24.21,327.15,9.09,8.99,7.11,2.29,1.51,1.82,1.46,7.11,3.53,7.11,2.95,1.96144021,5,0.781775
BO,20260607,28,6,6,bo_r28_006_tl122_dt36_ge50_qr64_tau76,122,36,50,0.64,0.76,142.73,93.63,175.68,24.21,327.15,8.64,8.60,7.78,2.76,1.79,2.06,1.68,7.78,3.91,7.78,3.33,2.05141074,5,0.900010
BO,20260607,29,1,6,bo_r29_001_tl32_dt20_ge33_qr20_tau76,32,20,33,0.2,0.76,94.19,93.63,174.29,24.01,324.57,28.65,28.03,16.81,4.73,3.15,4.21,3.13,16.81,7.80,16.81,6.64,2.82191236,5,0.586660
BO,20260607,29,2,6,bo_r29_002_tl38_dt30_ge46_qr6_tau83,38,30,46,0.06,0.83,95.72,93.63,174.29,24.01,324.57,18.06,17.76,12.28,3.57,2.38,3.06,2.39,12.28,5.99,12.28,4.95,2.50814211,5,0.680097
BO,20260607,29,3,6,bo_r29_003_tl36_dt14_ge33_qr10_tau79,36,14,33,0.1,0.79,135.70,93.63,174.29,24.01,324.57,15.53,15.21,9.39,2.69,1.79,2.36,1.77,9.39,4.39,9.39,3.73,2.23924381,5,0.604225
BO,20260607,29,4,6,bo_r29_004_tl32_dt22_ge42_qr15_tau81,32,22,42,0.15,0.81,95.77,93.63,174.29,24.01,324.57,15.45,15.18,10.17,2.87,1.92,2.52,1.95,10.17,4.94,10.17,4.06,2.31980909,5,0.658377
BO,20260607,29,5,6,bo_r29_005_tl31_dt14_ge31_qr17_tau82,31,14,31,0.17,0.82,135.70,93.63,174.29,24.01,324.57,15.23,14.94,9.73,2.67,1.80,2.39,1.84,9.73,4.70,9.73,3.85,2.27485069,5,0.638816
BO,20260607,29,6,6,bo_r29_006_tl34_dt18_ge34_qr8_tau77,34,18,34,0.08,0.77,163.73,93.63,174.29,24.01,324.57,14.25,13.93,8.21,2.36,1.56,2.08,1.53,8.21,3.76,8.21,3.25,2.10529450,5,0.576126
BO,20260607,30,1,6,bo_r30_001_tl8_dt35_ge47_qr30_tau83,8,35,47,0.3,0.83,97.62,93.63,172.42,23.17,321.67,9.97,9.81,6.86,1.72,1.19,1.62,1.29,6.86,3.47,6.86,2.69,1.92514603,5,0.687361
BO,20260607,30,2,6,bo_r30_002_tl35_dt25_ge38_qr23_tau72,35,25,38,0.23,0.72,96.86,93.63,172.42,23.17,321.67,8.48,8.28,4.83,1.41,0.93,1.23,0.90,4.83,2.19,4.83,1.92,1.57510447,5,0.570003
BO,20260607,30,3,6,bo_r30_003_tl74_dt27_ge40_qr57_tau83,74,27,40,0.57,0.83,136.58,93.63,172.42,23.17,321.67,8.32,8.25,7.04,2.17,1.45,1.76,1.45,7.04,3.62,7.04,2.91,1.95146788,5,0.846501
BO,20260607,30,4,6,bo_r30_004_tl3_dt20_ge46_qr22_tau75,3,20,46,0.22,0.75,94.19,93.63,172.42,23.17,321.67,8.32,8.13,4.76,1.19,0.81,1.15,0.86,4.76,2.25,4.76,1.83,1.55997101,5,0.572198
BO,20260607,30,5,6,bo_r30_005_tl38_dt30_ge49_qr12_tau77,38,30,49,0.12,0.77,95.72,93.63,172.42,23.17,321.67,8.14,7.98,5.19,1.54,1.02,1.32,1.00,5.19,2.46,5.19,2.09,1.64761836,5,0.638247
BO,20260607,30,6,6,bo_r30_006_tl46_dt22_ge40_qr26_tau83,46,22,40,0.26,0.83,95.77,93.63,172.42,23.17,321.67,7.97,7.85,5.77,1.68,1.13,1.43,1.14,5.77,2.88,5.77,2.34,1.75329890,5,0.724662
BO,20260607,31,1,6,bo_r31_001_tl3_dt37_ge45_qr33_tau75,3,37,45,0.33,0.75,110.10,93.63,170.10,21.23,318.97,15.81,15.47,9.34,2.29,1.58,2.23,1.69,9.34,4.49,9.34,3.60,2.23447030,5,0.590819
BO,20260607,31,2,6,bo_r31_002_tl0_dt45_ge46_qr25_tau75,0,45,46,0.25,0.75,185.02,93.63,170.10,21.23,318.97,14.17,13.85,8.04,1.95,1.35,1.92,1.43,8.04,3.81,8.04,3.08,2.08442327,5,0.567512
BO,20260607,31,3,6,bo_r31_003_tl0_dt47_ge45_qr24_tau72,0,47,45,0.24,0.72,204.13,93.63,170.10,21.23,318.97,13.30,12.97,7.02,1.71,1.17,1.70,1.23,7.02,3.22,7.02,2.67,1.94943708,5,0.528330
BO,20260607,31,4,6,bo_r31_004_tl12_dt31_ge44_qr22_tau74,12,31,44,0.22,0.74,94.14,93.63,170.10,21.23,318.97,13.17,12.88,7.48,1.95,1.32,1.83,1.36,7.48,3.48,7.48,2.90,2.01168793,5,0.567443
BO,20260607,31,5,6,bo_r31_005_tl11_dt30_ge50_qr23_tau74,11,30,50,0.23,0.74,95.72,93.63,170.10,21.23,318.97,13.02,12.74,7.66,2.01,1.36,1.87,1.41,7.66,3.62,7.66,2.99,2.03546348,5,0.587868
BO,20260607,31,6,6,bo_r31_006_tl13_dt29_ge50_qr27_tau72,13,29,50,0.27,0.72,162.22,93.63,170.10,21.23,318.97,12.80,12.52,7.42,1.98,1.33,1.83,1.36,7.42,3.47,7.42,2.90,2.00374310,5,0.579218
BO,20260607,32,1,6,bo_r32_001_tl14_dt36_ge49_qr13_tau76,14,36,49,0.13,0.76,97.62,93.63,169.19,21.61,316.78,33.62,32.89,19.71,5.27,3.55,4.85,3.63,19.71,9.26,19.71,7.71,2.98120610,5,0.586245
BO,20260607,32,2,6,bo_r32_002_tl6_dt26_ge49_qr7_tau75,6,26,49,0.07,0.75,95.10,93.63,169.19,21.61,316.78,30.72,30.00,16.88,4.37,2.95,4.14,3.03,16.88,7.77,16.88,6.52,2.82642042,5,0.549575
BO,20260607,32,3,6,bo_r32_003_tl0_dt34_ge50_qr8_tau75,0,34,50,0.08,0.75,97.62,93.63,169.19,21.61,316.78,25.09,24.49,13.62,3.40,2.32,3.31,2.41,13.62,6.28,13.62,5.22,2.61121323,5,0.542643
BO,20260607,32,4,6,bo_r32_004_tl10_dt25_ge49_qr2_tau75,10,25,49,0.02,0.75,96.86,93.63,169.19,21.61,316.78,24.05,23.47,13.10,3.49,2.34,3.25,2.36,13.10,5.96,13.10,5.08,2.57264511,5,0.544808
BO,20260607,32,5,6,bo_r32_005_tl0_dt22_ge48_qr8_tau75,0,22,48,0.08,0.75,95.77,93.63,169.19,21.61,316.78,22.80,22.25,12.30,3.06,2.09,2.99,2.17,12.30,5.66,12.30,4.71,2.50951360,5,0.539339
BO,20260607,32,6,6,bo_r32_006_tl0_dt26_ge47_qr13_tau75,0,26,47,0.13,0.75,95.10,93.63,169.19,21.61,316.78,20.86,20.36,11.41,2.82,1.93,2.76,2.02,11.41,5.30,11.41,4.37,2.43449340,5,0.547024
BO,20260607,33,1,6,bo_r33_001_tl17_dt20_ge49_qr18_tau79,17,20,49,0.18,0.79,94.19,93.63,166.91,19.54,314.29,21.98,21.56,14.08,3.78,2.56,3.43,2.65,14.08,6.85,14.08,5.56,2.64487154,5,0.640733
BO,20260607,33,2,6,bo_r33_002_tl29_dt16_ge46_qr10_tau74,29,16,46,0.1,0.74,136.48,93.63,166.91,19.54,314.29,17.86,17.46,10.34,3.00,1.98,2.63,1.93,10.34,4.73,10.34,4.10,2.33554331,5,0.578750
BO,20260607,33,3,6,bo_r33_003_tl10_dt23_ge44_qr9_tau74,10,23,44,0.09,0.74,162.51,93.63,166.91,19.54,314.29,14.73,14.37,7.88,2.06,1.39,1.95,1.41,7.88,3.57,7.88,3.04,2.06449255,5,0.534891
BO,20260607,33,4,6,bo_r33_004_tl7_dt23_ge47_qr26_tau79,7,23,47,0.26,0.79,163.42,93.63,166.91,19.54,314.29,13.50,13.24,8.57,2.16,1.49,2.05,1.59,8.57,4.21,8.57,3.35,2.14863555,5,0.635216
BO,20260607,33,5,6,bo_r33_005_tl0_dt14_ge49_qr12_tau77,0,14,49,0.12,0.77,135.70,93.63,166.91,19.54,314.29,12.99,12.70,7.49,1.86,1.28,1.80,1.35,7.49,3.55,7.49,2.89,2.01335616,5,0.576320
BO,20260607,33,6,6,bo_r33_006_tl3_dt25_ge48_qr28_tau78,3,25,48,0.28,0.78,96.86,93.63,166.91,19.54,314.29,12.54,12.29,7.83,1.94,1.34,1.86,1.44,7.83,3.84,7.83,3.04,2.05846063,5,0.624766
BO,20260607,34,1,6,bo_r34_001_tl20_dt29_ge47_qr20_tau76,20,29,47,0.2,0.76,292.29,93.63,165.84,19.93,311.76,24.38,23.88,14.85,4.05,2.72,3.66,2.77,14.85,7.05,14.85,5.85,2.69770864,5,0.608861
BO,20260607,34,2,6,bo_r34_002_tl20_dt37_ge41_qr17_tau73,20,37,41,0.17,0.73,281.78,93.63,165.84,19.93,311.76,21.76,21.25,11.91,3.25,2.16,2.98,2.16,11.91,5.40,11.91,4.64,2.47702513,5,0.547030
BO,20260607,34,3,6,bo_r34_003_tl9_dt28_ge49_qr20_tau74,9,28,49,0.2,0.74,330.89,93.63,165.84,19.93,311.76,20.44,19.99,11.74,3.06,2.07,2.87,2.14,11.74,5.50,11.74,4.57,2.46339361,5,0.574467
BO,20260607,34,4,6,bo_r34_004_tl25_dt23_ge41_qr18_tau74,25,23,41,0.18,0.74,316.60,93.63,165.84,19.93,311.76,18.93,18.51,10.85,3.03,2.01,2.72,2.01,10.85,4.99,10.85,4.27,2.38386553,5,0.572868
BO,20260607,34,5,6,bo_r34_005_tl6_dt22_ge49_qr19_tau73,6,22,49,0.19,0.73,317.12,93.63,165.84,19.93,311.76,18.05,17.63,10.06,2.59,1.76,2.46,1.81,10.06,4.67,10.06,3.89,2.30865486,5,0.557440
BO,20260607,34,6,6,bo_r34_006_tl17_dt28_ge45_qr20_tau72,17,28,45,0.2,0.72,329.46,93.63,165.84,19.93,311.76,16.51,16.13,9.14,2.48,1.66,2.28,1.66,9.14,4.17,9.14,3.56,2.21253331,5,0.553402
BO,20260607,35,1,6,bo_r35_001_tl16_dt33_ge49_qr11_tau77,16,33,49,0.11,0.77,313.39,93.63,170.12,18.38,321.86,33.05,32.36,19.72,5.32,3.58,4.86,3.66,19.72,9.32,19.72,7.74,2.98187665,5,0.596728
BO,20260607,35,2,6,bo_r35_002_tl7_dt18_ge43_qr27_tau73,7,18,43,0.27,0.73,325.64,93.63,170.12,18.38,321.86,23.12,22.59,12.95,3.28,2.23,3.15,2.32,12.95,6.04,12.95,4.99,2.56085019,5,0.559948
BO,20260607,35,3,6,bo_r35_003_tl15_dt28_ge50_qr21_tau77,15,28,50,0.21,0.77,327.21,93.63,170.12,18.38,321.86,19.56,19.18,12.20,3.25,2.21,2.98,2.28,12.20,5.88,12.20,4.80,2.50136446,5,0.623568
BO,20260607,35,4,6,bo_r35_004_tl14_dt51_ge43_qr24_tau77,14,51,43,0.24,0.77,329.75,93.63,170.12,18.38,321.86,18.83,18.43,11.30,2.93,2.00,2.74,2.08,11.30,5.40,11.30,4.41,2.42475267,5,0.600149
BO,20260607,35,5,6,bo_r35_005_tl1_dt23_ge43_qr28_tau79,1,23,43,0.28,0.79,318.62,93.63,170.12,18.38,321.86,18.80,18.42,11.59,2.80,1.95,2.73,2.11,11.59,5.69,11.59,4.48,2.45043579,5,0.616565
BO,20260607,35,6,6,bo_r35_006_tl3_dt26_ge41_qr21_tau74,3,26,41,0.21,0.74,307.40,93.63,170.12,18.38,321.86,18.83,18.38,10.19,2.51,1.71,2.46,1.80,10.19,4.71,10.19,3.90,2.32124409,5,0.540949
BO,20260607,36,1,6,bo_r36_001_tl5_dt39_ge48_qr29_tau76,5,39,48,0.29,0.76,296.59,93.63,174.41,17.00,331.83,38.59,37.79,23.34,5.85,4.02,5.59,4.27,23.34,11.28,23.34,9.06,3.15033358,5,0.604920
BO,20260607,36,2,6,bo_r36_002_tl4_dt44_ge49_qr33_tau76,4,44,49,0.33,0.76,314.19,93.63,174.41,17.00,331.83,37.81,37.05,23.24,5.78,3.99,5.54,4.26,23.24,11.32,23.24,9.02,3.14601026,5,0.614696
BO,20260607,36,3,6,bo_r36_003_tl8_dt45_ge50_qr17_tau80,8,45,50,0.17,0.8,308.39,93.63,174.41,17.00,331.83,30.49,29.90,19.22,4.91,3.37,4.61,3.56,19.22,9.39,19.22,7.51,2.95587590,5,0.630247
BO,20260607,36,4,6,bo_r36_004_tl0_dt40_ge47_qr34_tau75,0,40,47,0.34,0.75,395.19,93.63,174.41,17.00,331.83,24.97,24.44,14.83,3.59,2.49,3.52,2.68,14.83,7.16,14.83,5.71,2.69634702,5,0.593694
BO,20260607,36,5,6,bo_r36_005_tl41_dt28_ge44_qr13_tau84,41,28,44,0.13,0.84,331.76,93.63,174.41,17.00,331.83,23.82,23.45,16.84,4.89,3.27,4.18,3.30,16.84,8.33,16.84,6.80,2.82397256,5,0.707155
BO,20260607,36,6,6,bo_r36_006_tl11_dt52_ge49_qr25_tau72,11,52,49,0.25,0.72,350.42,93.63,174.41,17.00,331.83,22.82,22.29,12.81,3.36,2.27,3.15,2.32,12.81,5.93,12.81,4.97,2.55038221,5,0.561557
BO,20260607,37,1,6,bo_r37_001_tl10_dt41_ge47_qr10_tau71,10,41,47,0.1,0.71,307.83,93.63,178.81,15.08,342.54,38.83,37.83,19.77,5.24,3.49,4.95,3.49,19.77,8.71,19.77,7.61,2.98424970,5,0.509246
BO,20260607,37,2,6,bo_r37_002_tl24_dt18_ge46_qr18_tau83,24,18,46,0.18,0.83,327.95,93.63,178.81,15.08,342.54,31.65,31.13,21.76,5.92,4.02,5.29,4.18,21.76,10.83,21.76,8.67,3.08029800,5,0.687708
BO,20260607,37,3,6,bo_r37_003_tl17_dt25_ge40_qr25_tau83,17,25,40,0.25,0.83,311.97,93.63,178.81,15.08,342.54,22.58,22.19,15.15,3.92,2.70,3.62,2.86,15.15,7.56,15.15,5.97,2.71813514,5,0.670951
BO,20260607,37,4,6,bo_r37_004_tl0_dt0_ge50_qr28_tau77,0,0,50,0.28,0.77,356.27,93.63,178.81,15.08,342.54,18.46,18.09,11.47,2.83,1.96,2.72,2.10,11.47,5.62,11.47,4.45,2.44010218,5,0.621700
BO,20260607,37,5,6,bo_r37_005_tl0_dt22_ge46_qr16_tau76,0,22,46,0.16,0.76,324.95,93.63,178.81,15.08,342.54,17.67,17.26,9.95,2.44,1.68,2.39,1.78,9.95,4.68,9.95,3.82,2.29738236,5,0.563039
BO,20260607,37,6,6,bo_r37_006_tl9_dt43_ge45_qr10_tau70,9,43,45,0.1,0.7,285.29,93.63,178.81,15.08,342.54,17.61,17.14,8.62,2.27,1.51,2.16,1.50,8.62,3.73,8.62,3.30,2.15426386,5,0.489471
BO,20260607,38,1,6,bo_r38_001_tl1_dt34_ge47_qr13_tau75,1,34,47,0.13,0.75,314.17,93.63,182.60,14.92,350.29,24.47,23.89,13.38,3.32,2.26,3.24,2.37,13.38,6.20,13.38,5.13,2.59341256,5,0.546634
BO,20260607,38,2,6,bo_r38_002_tl33_dt21_ge29_qr5_tau82,33,21,29,0.05,0.82,315.82,93.63,182.60,14.92,350.29,20.25,19.83,12.25,3.41,2.28,3.05,2.30,12.25,5.78,12.25,4.85,2.50567888,5,0.605135
BO,20260607,38,3,6,bo_r38_003_tl32_dt24_ge33_qr18_tau80,32,24,33,0.18,0.8,345.07,93.63,182.60,14.92,350.29,16.64,16.31,10.40,2.89,1.94,2.57,1.96,10.40,4.97,10.40,4.12,2.34162754,5,0.624794
BO,20260607,38,4,6,bo_r38_004_tl31_dt31_ge37_qr30_tau76,31,31,37,0.3,0.76,325.58,93.63,182.60,14.92,350.29,15.86,15.54,9.82,2.74,1.83,2.44,1.85,9.82,4.67,9.82,3.89,2.28425834,5,0.618988
BO,20260607,38,5,6,bo_r38_005_tl19_dt6_ge48_qr14_tau77,19,6,48,0.14,0.77,339.24,93.63,182.60,14.92,350.29,15.57,15.25,9.55,2.61,1.76,2.36,1.79,9.55,4.54,9.55,3.77,2.25612942,5,0.613096
BO,20260607,38,6,6,bo_r38_006_tl20_dt38_ge37_qr11_tau83,20,38,37,0.11,0.83,304.77,93.63,182.60,14.92,350.29,15.47,15.17,9.74,2.56,1.74,2.36,1.82,9.74,4.73,9.74,3.82,2.27587115,5,0.629363
BO,20260607,39,1,6,bo_r39_001_tl26_dt18_ge29_qr20_tau79,26,18,29,0.2,0.79,338.16,93.63,186.33,14.95,357.70,29.88,29.25,17.83,4.78,3.23,4.38,3.30,17.83,8.44,17.83,6.99,2.88090388,5,0.596742
BO,20260607,39,2,6,bo_r39_002_tl28_dt4_ge30_qr22_tau77,28,4,30,0.22,0.77,391.09,93.63,186.33,14.95,357.70,29.48,28.85,17.39,4.76,3.19,4.31,3.22,17.39,8.15,17.39,6.84,2.85612959,5,0.590005
BO,20260607,39,3,6,bo_r39_003_tl0_dt22_ge50_qr10_tau74,0,22,50,0.1,0.74,324.95,93.63,186.33,14.95,357.70,29.35,28.64,15.84,3.97,2.70,3.85,2.81,15.84,7.28,15.84,6.07,2.76253240,5,0.539639
BO,20260607,39,4,6,bo_r39_004_tl32_dt38_ge29_qr18_tau83,32,38,29,0.18,0.83,407.68,93.63,186.33,14.95,357.70,24.76,24.30,15.87,4.32,2.92,3.89,3.00,15.87,7.70,15.87,6.28,2.76467699,5,0.641065
BO,20260607,39,5,6,bo_r39_005_tl47_dt30_ge38_qr21_tau83,47,30,38,0.21,0.83,309.58,93.63,186.33,14.95,357.70,24.14,23.76,17.04,4.99,3.33,4.25,3.35,17.04,8.40,17.04,6.89,2.83531386,5,0.705773
BO,20260607,39,6,6,bo_r39_006_tl24_dt21_ge36_qr10_tau80,24,21,36,0.1,0.8,316.42,93.63,186.33,14.95,357.70,22.74,22.26,13.69,3.71,2.50,3.38,2.55,13.69,6.49,13.69,5.39,2.61683403,5,0.602209
BO,20260607,40,1,6,bo_r40_001_tl38_dt20_ge30_qr14_tau82,38,20,30,0.14,0.82,316.79,93.63,190.47,13.65,367.29,41.68,40.89,26.63,7.53,5.04,6.62,5.08,26.63,12.78,26.63,10.61,3.28218329,5,0.638961
BO,20260607,40,2,6,bo_r40_002_tl53_dt16_ge40_qr22_tau79,53,16,40,0.22,0.79,317.39,93.63,190.47,13.65,367.29,35.05,34.47,24.00,7.32,4.83,6.10,4.74,24.00,11.60,24.00,9.76,3.17825099,5,0.684853
BO,20260607,40,3,6,bo_r40_003_tl58_dt13_ge42_qr26_tau81,58,13,42,0.26,0.81,319.07,93.63,190.47,13.65,367.29,30.71,30.28,22.49,6.90,4.57,5.69,4.50,22.49,11.10,22.49,9.21,3.11317285,5,0.732461
BO,20260607,40,4,6,bo_r40_004_tl22_dt26_ge29_qr9_tau86,22,26,29,0.09,0.86,306.05,93.63,190.47,13.65,367.29,26.09,25.60,16.65,4.33,2.96,4.01,3.11,16.65,8.15,16.65,6.54,2.81262579,5,0.638243
BO,20260607,40,5,6,bo_r40_005_tl35_dt22_ge41_qr15_tau78,35,22,41,0.15,0.78,317.12,93.63,190.47,13.65,367.29,24.74,24.26,15.52,4.47,2.98,3.90,2.96,15.52,7.36,15.52,6.20,2.74228623,5,0.627352
BO,20260607,40,6,6,bo_r40_006_tl36_dt9_ge30_qr13_tau79,36,9,30,0.13,0.79,343.00,93.63,190.47,13.65,367.29,23.83,23.34,14.37,4.09,2.72,3.61,2.71,14.37,6.73,14.37,5.70,2.66524481,5,0.603007
BO,20260607,41,1,6,bo_r41_001_tl29_dt21_ge41_qr14_tau85,29,21,41,0.14,0.85,317.52,93.63,193.71,14.64,372.77,30.99,30.49,21.44,5.89,3.99,5.22,4.13,21.44,10.67,21.44,8.56,3.06521474,5,0.691768
BO,20260607,41,2,6,bo_r41_002_tl31_dt21_ge30_qr12_tau81,31,21,30,0.12,0.81,325.16,93.63,193.71,14.64,372.77,22.70,22.23,13.86,3.82,2.56,3.43,2.60,13.86,6.58,13.86,5.48,2.62914231,5,0.610702
BO,20260607,41,3,6,bo_r41_003_tl43_dt17_ge37_qr7_tau81,43,17,37,0.07,0.81,320.70,93.63,193.71,14.64,372.77,20.33,19.95,13.08,3.86,2.56,3.30,2.52,13.08,6.23,13.08,5.26,2.57106592,5,0.643419
BO,20260607,41,4,6,bo_r41_004_tl38_dt24_ge31_qr26_tau83,38,24,31,0.26,0.83,339.06,93.63,193.71,14.64,372.77,15.52,15.26,10.57,2.95,1.99,2.59,2.04,10.57,5.21,10.57,4.22,2.35767571,5,0.680945
BO,20260607,41,5,6,bo_r41_005_tl57_dt39_ge31_qr18_tau80,57,39,31,0.18,0.8,413.87,93.63,193.71,14.64,372.77,14.70,14.43,9.67,2.96,1.94,2.47,1.89,9.67,4.60,9.67,3.92,2.26885408,5,0.657843
BO,20260607,41,6,6,bo_r41_006_tl60_dt16_ge36_qr32_tau84,60,16,36,0.32,0.84,317.39,93.63,193.71,14.64,372.77,13.86,13.69,10.58,3.19,2.12,2.64,2.12,10.58,5.31,10.58,4.33,2.35873767,5,0.763046
BO,20260607,42,1,6,bo_r42_001_tl26_dt40_ge34_qr14_tau76,26,40,34,0.14,0.76,383.62,93.63,197.25,14.71,379.79,40.52,39.58,22.68,6.23,4.15,5.67,4.15,22.68,10.37,22.68,8.88,3.12143886,5,0.559731
BO,20260607,42,2,6,bo_r42_002_tl34_dt15_ge33_qr37_tau81,34,15,33,0.37,0.81,316.99,93.63,197.25,14.71,379.79,35.53,34.95,24.42,6.70,4.54,5.95,4.70,24.42,12.12,24.42,9.74,3.19543981,5,0.687275
BO,20260607,42,3,6,bo_r42_003_tl38_dt19_ge47_qr7_tau77,38,19,47,0.07,0.77,312.22,93.63,197.25,14.71,379.79,26.40,25.87,16.44,4.91,3.23,4.19,3.16,16.44,7.70,16.44,6.60,2.79950864,5,0.622677
BO,20260607,42,4,6,bo_r42_004_tl23_dt43_ge35_qr22_tau74,23,43,35,0.22,0.74,430.25,93.63,197.25,14.71,379.79,24.04,23.48,13.32,3.60,2.41,3.32,2.42,13.32,6.09,13.32,5.19,2.58940256,5,0.554157
BO,20260607,42,5,6,bo_r42_005_tl26_dt28_ge34_qr5_tau77,26,28,34,0.05,0.77,347.20,93.63,197.25,14.71,379.79,21.57,21.06,11.91,3.30,2.19,2.99,2.18,11.91,5.41,11.91,4.66,2.47774692,5,0.552328
BO,20260607,42,6,6,bo_r42_006_tl9_dt50_ge46_qr35_tau83,9,50,46,0.35,0.83,340.50,93.63,197.25,14.71,379.79,17.31,17.03,12.01,3.00,2.09,2.82,2.26,12.01,6.11,12.01,4.71,2.48569342,5,0.693857
BO,20260607,43,1,6,bo_r43_001_tl28_dt11_ge32_qr22_tau84,28,11,32,0.22,0.84,328.01,93.63,201.01,14.18,387.84,32.55,31.99,21.86,5.86,3.99,5.30,4.16,21.86,10.82,21.86,8.67,3.08472117,5,0.671640
BO,20260607,43,2,6,bo_r43_002_tl30_dt18_ge34_qr28_tau79,30,18,34,0.28,0.79,328.53,93.63,201.01,14.18,387.84,31.80,31.20,20.33,5.57,3.76,4.99,3.85,20.33,9.83,20.33,8.05,3.01195676,5,0.639159
BO,20260607,43,3,6,bo_r43_003_tl31_dt34_ge43_qr12_tau81,31,34,43,0.12,0.81,287.30,93.63,201.01,14.18,387.84,26.60,26.11,17.28,4.86,3.26,4.28,3.30,17.28,8.35,17.28,6.89,2.84931690,5,0.649489
BO,20260607,43,4,6,bo_r43_004_tl35_dt28_ge34_qr22_tau75,35,28,34,0.22,0.75,347.20,93.63,201.01,14.18,387.84,23.79,23.28,13.96,3.99,2.65,3.52,2.61,13.96,6.46,13.96,5.53,2.63639790,5,0.586804
BO,20260607,43,5,6,bo_r43_005_tl27_dt25_ge26_qr0_tau81,27,25,26,0.0,0.81,306.79,93.63,201.01,14.18,387.84,20.19,19.73,11.33,3.07,2.05,2.82,2.07,11.33,5.20,11.33,4.42,2.42714872,5,0.560869
BO,20260607,43,6,6,bo_r43_006_tl26_dt18_ge33_qr28_tau81,26,18,33,0.28,0.81,348.70,93.63,201.01,14.18,387.84,18.88,18.53,12.29,3.28,2.23,2.98,2.32,12.29,6.02,12.29,4.85,2.50850636,5,0.650942
BO,20260607,44,1,6,bo_r44_001_tl4_dt15_ge42_qr1_tau76,4,15,42,0.01,0.76,308.10,93.63,203.88,15.56,392.20,21.52,20.98,11.25,2.84,1.92,2.76,1.98,11.25,5.09,11.25,4.30,2.42057295,5,0.522871
BO,20260607,44,2,6,bo_r44_002_tl36_dt23_ge36_qr29_tau86,36,23,36,0.29,0.86,325.75,93.63,203.88,15.56,392.20,21.18,20.88,15.55,4.28,2.91,3.77,3.03,15.55,7.88,15.55,6.24,2.74398388,5,0.734178
BO,20260607,44,3,6,bo_r44_003_tl0_dt20_ge48_qr25_tau75,0,20,48,0.25,0.75,317.91,93.63,203.88,15.56,392.20,19.99,19.55,11.61,2.85,1.97,2.78,2.09,11.61,5.54,11.61,4.47,2.45176132,5,0.580672
BO,20260607,44,4,6,bo_r44_004_tl45_dt37_ge40_qr30_tau82,45,37,40,0.3,0.82,314.09,93.63,203.88,15.56,392.20,18.47,18.19,13.25,3.84,2.57,3.28,2.60,13.25,6.59,13.25,5.36,2.58395900,5,0.717525
BO,20260607,44,5,6,bo_r44_005_tl29_dt45_ge43_qr20_tau83,29,45,43,0.2,0.83,384.73,93.63,203.88,15.56,392.20,17.14,16.86,11.73,3.22,2.18,2.86,2.25,11.73,5.81,11.73,4.68,2.46200372,5,0.684275
BO,20260607,44,6,6,bo_r44_006_tl0_dt20_ge46_qr24_tau74,0,20,46,0.24,0.74,317.91,93.63,203.88,15.56,392.20,16.60,16.22,9.31,2.28,1.57,2.24,1.66,9.31,4.38,9.31,3.57,2.23095149,5,0.560772
BO,20260607,45,1,6,bo_r45_001_tl3_dt15_ge48_qr10_tau77,3,15,48,0.1,0.77,308.10,93.63,206.70,16.88,396.53,28.85,28.20,16.54,4.17,2.85,4.00,2.98,16.54,7.80,16.54,6.39,2.80552464,5,0.573230
BO,20260607,45,2,6,bo_r45_002_tl29_dt20_ge25_qr17_tau85,29,20,25,0.17,0.85,317.01,93.63,206.70,16.88,396.53,17.14,16.82,11.09,2.95,2.01,2.69,2.09,11.09,5.43,11.09,4.38,2.40634654,5,0.647234
BO,20260607,45,3,6,bo_r45_003_tl25_dt50_ge34_qr39_tau82,25,50,34,0.39,0.82,318.29,93.63,206.70,16.88,396.53,17.11,16.82,11.66,3.05,2.09,2.79,2.21,11.66,5.83,11.66,4.61,2.45583369,5,0.681325
BO,20260607,45,4,6,bo_r45_004_tl22_dt36_ge29_qr38_tau78,22,36,29,0.38,0.78,285.27,93.63,206.70,16.88,396.53,15.33,15.02,9.46,2.45,1.67,2.29,1.75,9.46,4.58,9.46,3.70,2.24717153,5,0.617180
BO,20260607,45,5,6,bo_r45_005_tl35_dt34_ge30_qr36_tau81,35,34,30,0.36,0.81,295.19,93.63,206.70,16.88,396.53,14.77,14.52,9.92,2.71,1.84,2.42,1.90,9.92,4.89,9.92,3.95,2.29497770,5,0.671806
BO,20260607,45,6,6,bo_r45_006_tl32_dt28_ge41_qr20_tau81,32,28,41,0.2,0.81,333.27,93.63,206.70,16.88,396.53,12.41,12.19,8.26,2.31,1.55,2.03,1.58,8.26,4.03,8.26,3.30,2.11105077,5,0.665529
BO,20260607,46,1,6,bo_r46_001_tl34_dt32_ge41_qr33_tau80,34,32,41,0.33,0.8,311.69,93.63,208.99,18.89,399.08,34.59,34.03,23.80,6.65,4.49,5.84,4.60,23.80,11.77,23.80,9.53,3.16988979,5,0.688147
BO,20260607,46,2,6,bo_r46_002_tl29_dt22_ge41_qr31_tau77,29,22,41,0.31,0.77,317.12,93.63,208.99,18.89,399.08,29.86,29.31,19.24,5.33,3.59,4.74,3.66,19.24,9.31,19.24,7.65,2.95703742,5,0.644302
BO,20260607,46,3,6,bo_r46_003_tl42_dt18_ge42_qr24_tau81,42,18,42,0.24,0.81,326.86,93.63,208.99,18.89,399.08,16.47,16.21,11.50,3.34,2.24,2.86,2.25,11.50,5.66,11.50,4.64,2.44256568,5,0.698461
BO,20260607,46,4,6,bo_r46_004_tl72_dt38_ge44_qr83_tau76,72,38,44,0.83,0.76,281.80,93.63,208.99,18.89,399.08,15.47,15.34,12.97,3.99,2.66,3.24,2.66,12.97,6.66,12.97,5.37,2.56298348,5,0.838487
BO,20260607,46,5,6,bo_r46_005_tl43_dt40_ge40_qr8_tau77,43,40,40,0.08,0.77,286.71,93.63,208.99,18.89,399.08,15.39,15.07,9.32,2.80,1.84,2.39,1.78,9.32,4.31,9.32,3.74,2.23214901,5,0.605442
BO,20260607,46,6,6,bo_r46_006_tl47_dt21_ge31_qr41_tau83,47,21,31,0.41,0.83,316.42,93.63,208.99,18.89,399.08,14.83,14.62,10.88,3.10,2.09,2.67,2.14,10.88,5.47,10.88,4.39,2.38673073,5,0.733420
BO,20260607,47,1,6,bo_r47_001_tl5_dt33_ge49_qr4_tau77,5,33,49,0.04,0.77,313.39,93.63,211.11,20.97,401.26,99.67,97.37,55.89,14.32,9.72,13.63,10.06,55.89,26.02,55.89,21.61,4.02342932,5,0.560768
BO,20260607,47,2,6,bo_r47_002_tl65_dt22_ge47_qr74_tau71,65,22,47,0.74,0.71,317.12,93.63,211.11,20.97,401.26,13.31,13.15,10.17,3.17,2.09,2.58,2.06,10.17,5.06,10.17,4.19,2.31911589,5,0.763707
BO,20260607,47,3,6,bo_r47_003_tl3_dt12_ge32_qr13_tau84,3,12,32,0.13,0.84,328.01,93.63,211.11,20.97,401.26,12.74,12.48,7.72,1.83,1.28,1.82,1.40,7.72,3.78,7.72,2.97,2.04439025,5,0.606229
BO,20260607,47,4,6,bo_r47_004_tl21_dt31_ge35_qr15_tau82,21,31,35,0.15,0.82,293.58,93.63,211.11,20.97,401.26,12.20,11.96,7.63,2.01,1.37,1.85,1.42,7.63,3.69,7.63,2.99,2.03165045,5,0.625070
BO,20260607,47,5,6,bo_r47_005_tl44_dt24_ge37_qr26_tau80,44,24,37,0.26,0.8,329.96,93.63,211.11,20.97,401.26,11.95,11.75,8.10,2.36,1.57,2.02,1.58,8.10,3.94,8.10,3.26,2.09182729,5,0.677896
BO,20260607,47,6,6,bo_r47_006_tl0_dt27_ge47_qr12_tau73,0,27,47,0.12,0.73,316.41,93.63,211.11,20.97,401.26,10.54,10.28,5.51,1.37,0.93,1.34,0.96,5.51,2.50,5.51,2.10,1.70605455,5,0.522357
BO,20260607,48,1,6,bo_r48_001_tl10_dt23_ge44_qr21_tau77,10,23,44,0.21,0.77,316.60,93.63,213.35,22.87,403.84,25.43,24.89,15.18,3.90,2.66,3.67,2.78,15.18,7.25,15.18,5.91,2.71970095,5,0.596691
BO,20260607,48,2,6,bo_r48_002_tl29_dt40_ge40_qr26_tau79,29,40,40,0.26,0.79,286.71,93.63,213.35,22.87,403.84,17.97,17.64,11.61,3.20,2.16,2.85,2.21,11.61,5.63,11.61,4.61,2.45210953,5,0.646257
BO,20260607,48,3,6,bo_r48_003_tl28_dt39_ge40_qr22_tau78,28,39,40,0.22,0.78,287.00,93.63,213.35,22.87,403.84,17.49,17.15,10.92,3.02,2.03,2.70,2.06,10.92,5.22,10.92,4.32,2.39043374,5,0.624181
BO,20260607,48,4,6,bo_r48_004_tl50_dt41_ge32_qr51_tau75,50,41,32,0.51,0.75,281.07,93.63,213.35,22.87,403.84,15.97,15.70,10.74,3.15,2.10,2.69,2.09,10.74,5.21,10.74,4.33,2.37426491,5,0.672568
BO,20260607,48,5,6,bo_r48_005_tl35_dt12_ge38_qr21_tau81,35,12,38,0.21,0.81,324.17,93.63,213.35,22.87,403.84,12.92,12.70,8.63,2.43,1.64,2.13,1.66,8.63,4.21,8.63,3.45,2.15488070,5,0.667666
BO,20260607,48,6,6,bo_r48_006_tl67_dt41_ge37_qr61_tau83,67,41,37,0.61,0.83,300.24,93.63,213.35,22.87,403.84,10.25,10.16,8.51,2.56,1.71,2.11,1.73,8.51,4.38,8.51,3.50,2.14155783,5,0.830429
BO,20260607,49,1,6,bo_r49_001_tl0_dt34_ge49_qr13_tau78,0,34,49,0.13,0.78,293.93,93.63,215.14,25.07,405.22,29.71,29.06,17.36,4.28,2.95,4.15,3.13,17.36,8.30,17.36,6.70,2.85423195,5,0.584393
BO,20260607,49,2,6,bo_r49_002_tl9_dt23_ge37_qr22_tau80,9,23,37,0.22,0.8,327.00,93.63,215.14,25.07,405.22,16.56,16.22,10.06,2.50,1.73,2.40,1.84,10.06,4.88,10.06,3.90,2.30865072,5,0.607599
BO,20260607,49,3,6,bo_r49_003_tl34_dt22_ge27_qr17_tau80,34,22,27,0.17,0.8,317.52,93.63,215.14,25.07,405.22,15.03,14.72,9.12,2.53,1.69,2.27,1.71,9.12,4.31,9.12,3.61,2.21081032,5,0.606911
BO,20260607,49,4,6,bo_r49_004_tl34_dt23_ge41_qr28_tau82,34,23,41,0.28,0.82,316.60,93.63,215.14,25.07,405.22,13.61,13.39,9.53,2.66,1.80,2.33,1.85,9.53,4.74,9.53,3.82,2.25481794,5,0.700544
BO,20260607,49,5,6,bo_r49_005_tl44_dt26_ge30_qr9_tau84,44,26,30,0.09,0.84,311.18,93.63,215.14,25.07,405.22,9.65,9.48,6.35,1.84,1.22,1.59,1.23,6.35,3.07,6.35,2.55,1.84850258,5,0.657813
BO,20260607,49,6,6,bo_r49_006_tl58_dt30_ge35_qr23_tau80,58,30,35,0.23,0.8,312.64,93.63,215.14,25.07,405.22,9.35,9.20,6.42,1.97,1.30,1.64,1.27,6.42,3.10,6.42,2.62,1.86014172,5,0.686983
BO,20260607,50,1,6,bo_r50_001_tl5_dt39_ge44_qr29_tau74,5,39,44,0.29,0.74,311.65,93.63,217.14,27.05,407.24,27.31,26.69,15.56,3.87,2.65,3.75,2.80,15.56,7.35,15.56,6.00,2.74501159,5,0.569920
BO,20260607,50,2,6,bo_r50_002_tl33_dt31_ge37_qr21_tau82,33,31,37,0.21,0.82,325.58,93.63,217.14,27.05,407.24,22.04,21.66,14.70,4.08,2.75,3.61,2.82,14.70,7.20,14.70,5.86,2.68785231,5,0.666871
BO,20260607,50,3,6,bo_r50_003_tl11_dt32_ge42_qr23_tau71,11,32,42,0.23,0.71,314.67,93.63,217.14,27.05,407.24,10.26,10.00,5.42,1.41,0.95,1.34,0.96,5.42,2.44,5.42,2.09,1.68995800,5,0.528335
BO,20260607,50,4,6,bo_r50_004_tl8_dt42_ge39_qr29_tau75,8,42,39,0.29,0.75,357.89,93.63,217.14,27.05,407.24,10.13,9.90,5.76,1.43,0.98,1.39,1.03,5.76,2.72,5.76,2.22,1.75144733,5,0.569096
BO,20260607,50,5,6,bo_r50_005_tl40_dt32_ge29_qr52_tau82,40,32,29,0.52,0.82,293.94,93.63,217.14,27.05,407.24,9.85,9.71,7.16,1.96,1.34,1.73,1.39,7.16,3.62,7.16,2.87,1.96889626,5,0.727198
BO,20260607,50,6,6,bo_r50_006_tl43_dt37_ge36_qr33_tau85,43,37,36,0.33,0.85,305.93,93.63,217.14,27.05,407.24,9.09,8.97,6.74,1.90,1.29,1.65,1.33,6.74,3.41,6.74,2.72,1.90824730,5,0.741241
